Company,Current_Price_INR,PE_Ratio,Market_Cap_Crore,Quarterly_Profit_Growth_Percent,Quarterly_Sales_Growth_Percent,ROCE_Percent,Expected_PE_Ratio,Cap_Category,Is_profitable
20 Microns,200.08,10.52,706.01,14.99,14.8,17.43,173.99773893382036,Small Cap,True
21st Cent. Mgmt.,33.2,0.0,34.86,-19.06,-27.89,-57.0,41.01803805287868,Micro Cap,False
360 ONE,1085.4,36.3,44141.59,15.68,35.91,12.13,938.2780082987553,Large Cap,True
3B Blackbio,1159.7,16.99,995.33,13.81,57.47,25.48,1018.9790000878656,Small Cap,True
3B Films,16.58,22.32,41.07,36.76,-11.85,4.83,12.123427902895584,Micro Cap,True
3C IT Solutions,16.5,17.12,9.93,290.91,186.33,5.12,4.220920416464147,Micro Cap,True
3i Infotech,17.29,9.41,358.6,-72.97,-6.0,12.99,63.96596374398816,Micro Cap,True
3M India,33380.0,69.37,37619.26,159.73,16.78,50.05,12851.807646402034,Large Cap,True
3P Land Hold.,31.64,26.12,56.95,13.51,10.99,2.38,27.87419610606995,Micro Cap,True
5paisa Capital,353.6,37.51,1657.76,7.85,19.85,9.93,327.86277236903106,Small Cap,True
63 Moons Tech.,669.5,0.0,3084.96,-138.76,881.22,-3.71,-1727.2961816305472,Small Cap,False
7NR Retail Ltd,5.69,106.27,15.94,-124.62,-102.68,0.56,-23.11129163281885,Micro Cap,True
7Seas Enter.,77.57,80.39,179.28,11.32,13.94,9.16,69.68199784405317,Micro Cap,True
A B B,6993.0,97.28,148187.53,-25.23,5.78,29.93,9352.681556774107,Large Cap,True
A B Infrabuild,11.73,38.72,749.3,-14.16,16.98,16.06,13.664958061509786,Small Cap,True
A B Lifestyle,97.57,56.94,11908.63,57.68,11.95,14.67,61.87848807711821,Mid Cap,True
A B M Internatl.,40.74,0.0,38.33,196.57,-18.68,-8.5,13.73706039046431,Micro Cap,False
A B Real Estate,1346.7,0.0,15042.06,-509.0,-79.07,-4.26,-329.2665036674817,Mid Cap,False
A C J K Exports,127.34,12.77,1318.63,65.64,19.7,15.7,76.87756580536102,Small Cap,True
A F Enterprises,1.69,0.0,5.65,6.67,370.0,-2.24,1.584325489828443,Micro Cap,False
A G Universal,63.9,438.0,35.04,-180.39,32.4,5.13,-79.48749844508025,Micro Cap,True
A-1,7.32,56.21,336.72,419.05,32.52,11.66,1.4102687602350448,Micro Cap,True
A.K.Capital Serv,1800.4,10.77,1188.26,25.0,13.13,9.33,1440.3200000000002,Small Cap,True
A2Z Infra Engg.,13.82,17.71,245.34,521.74,28.87,13.78,2.222794093994274,Micro Cap,True
AA Plus Trade,1.05,56.76,25.54,-69.64,-73.81,1.55,3.4584980237154155,Micro Cap,True
AAA Technologies,95.16,59.25,122.06,-135.0,-68.02,8.93,-271.8857142857142,Micro Cap,True
Aadhar Hsg. Fin.,518.5,20.46,22675.93,26.99,18.25,11.38,408.29986613119144,Large Cap,True
Aadi Industries,9.42,0.0,9.42,-40.0,0.0,-13.95,15.700000000000001,Micro Cap,False
Aakaar Medical,74.1,15.82,105.02,33.21,22.9,18.47,55.6264544703851,Micro Cap,True
Aakash Explor.,8.84,25.57,89.51,571.43,26.7,7.93,1.3165929434192694,Micro Cap,True
Aanchal Ispat,110.52,23.16,46.79,338.0,10.9,41.26,25.232876712328768,Micro Cap,True
Aaradhya Dis.,80.0,18.63,113.1,68.75,22.48,16.9,47.407407407407405,Micro Cap,True
Aarcon Facilitie,15.08,149.83,8.99,87.5,-72.0,1.26,8.042666666666667,Micro Cap,True
Aarey Drugs,92.5,66.07,262.28,231.91,75.27,5.58,27.869000632701635,Micro Cap,True
Aarnav Fashions,24.49,11.06,103.44,229.59,45.11,7.63,7.430443884826603,Micro Cap,True
Aaron Industries,118.16,36.4,247.5,-15.64,13.36,18.53,140.06638217164533,Micro Cap,True
Aartech Solonics,52.29,47.47,166.13,116.0,72.36,15.86,24.208333333333332,Micro Cap,True
Aarti Drugs,372.7,17.45,3401.63,-12.2,6.43,11.9,424.48747152619586,Small Cap,True
Aarti Industries,466.05,41.03,16904.88,42.71,13.13,6.85,326.5713685095649,Mid Cap,True
Aarti Pharma,690.7,35.42,6261.73,-30.81,3.35,10.7,998.265645324469,Mid Cap,True
Aarti Surfactant,373.75,25.66,316.6,-56.89,26.84,8.53,866.9682208304337,Micro Cap,True
Aarvi Encon,143.1,11.85,212.42,46.78,19.25,14.44,97.49284643684425,Micro Cap,True
Aashka Hospitals,81.25,66.95,190.13,197.67,22.28,4.05,27.29532704001075,Micro Cap,True
AastamangalamFin,32.77,5.39,50.92,764.0,23.49,13.25,3.7928240740740744,Micro Cap,True
Aastha Spintex,0.0,25.55,600.33,0.0,0.0,22.78,0.0,Small Cap,True
Aatmaj Health,20.0,63.66,45.2,-39.39,22.48,3.56,32.99785513941594,Micro Cap,True
AAVAS Financiers,1489.9,18.04,11813.09,18.21,12.33,9.92,1260.3840622620762,Mid Cap,True
Aayush Art,1188.6,230.67,1820.01,382.69,257.34,18.86,246.24500196813688,Small Cap,True
Aayush Wellness,27.14,32.86,132.09,-43.64,116.55,36.06,48.15471965933286,Micro Cap,True
AB Cotspin,225.22,37.3,494.66,4.26,22.67,9.96,216.01764818722424,Micro Cap,True
Aban Offshore,13.87,0.0,80.95,110.69,-21.49,0.0,6.583131615169205,Micro Cap,False
ABans Enterprise,26.39,46.48,184.07,-285.75,229.83,4.98,-14.207267833109018,Micro Cap,True
Abans Financial,201.0,10.61,1021.88,-113.65,719.09,7.92,-1472.527472527472,Small Cap,True
Abate As Indust,9.99,12.8,157.45,146.22,140.88,6.7,4.057347087970108,Micro Cap,True
Abbott India,25585.0,35.03,54368.13,7.6,6.54,44.89,23777.881040892193,Large Cap,True
ABC India,64.53,0.0,34.96,-359.26,-7.02,-0.31,-24.890071742652164,Micro Cap,False
Abha Power,26.9,20.33,50.0,-86.44,-22.72,7.01,198.37758112094386,Micro Cap,True
Abhinav Capital,108.55,29.02,75.17,23.33,0.0,4.21,88.01589232141409,Micro Cap,True
Abhinav Leasing,1.1,8.33,5.5,-28.0,-23.37,9.76,1.527777777777778,Micro Cap,True
Abhishek Finle.,56.96,375.29,26.27,-214.29,120.0,1.81,-49.83813107008487,Micro Cap,True
Abhishek Integr.,36.0,27.1,21.68,-35.14,-4.03,10.71,55.50416281221091,Micro Cap,True
Abirami Fin.,32.5,34.41,17.55,18.18,0.0,3.45,27.500423083432054,Micro Cap,True
ABM Knowledge,201.77,32.16,403.58,-35.04,11.16,7.51,310.60652709359607,Micro Cap,True
Abram Food,71.87,15.76,37.04,-54.2,159.11,13.48,156.9213973799127,Micro Cap,True
Abril Paper,38.1,20.27,30.41,-24.56,-2.31,12.28,50.503711558854725,Micro Cap,True
ABS Marine,239.95,7.36,589.08,154.86,83.46,20.98,94.14972926312484,Small Cap,True
ACC,1337.9,11.84,25124.06,-62.87,16.87,11.25,3603.2857527605706,Large Cap,True
Accedere,78.99,53.41,38.99,3250.0,86.67,16.67,2.357910447761194,Micro Cap,True
Accel,13.41,11.71,78.02,477.05,-8.73,7.02,2.323888744476215,Micro Cap,True
AccelerateBS Ind,93.1,37.22,32.01,-106.67,-13.03,18.17,-1395.802098950525,Micro Cap,True
Accelya Solution,1102.8,15.76,1646.07,-29.32,-0.47,53.61,1560.2716468590831,Small Cap,True
Accent Microcell,459.65,25.14,1102.66,55.36,51.34,24.88,295.8612255406797,Small Cap,True
Accord Synergy,133.25,34.78,46.26,162.07,22.78,9.24,50.845194032128816,Micro Cap,True
Accord Transformer,57.0,26.06,117.27,-40.37,-26.39,14.5,95.58946838839509,Micro Cap,True
Accretion Nutraveda,258.8,36.96,187.37,56.4,80.09,27.56,165.47314578005114,Micro Cap,True
Accretion Pha.,149.15,17.15,165.8,13.63,18.24,28.89,131.2593505236293,Micro Cap,True
Accuracy Shippi.,5.59,21.47,84.16,166.23,-31.99,6.98,2.0996882394921683,Micro Cap,True
ACE Alpha Tech,120.0,13.88,210.7,49.9,102.52,39.92,80.0533689126084,Micro Cap,True
Ace Engitech,128.0,0.0,10.99,0.0,0.0,0.0,128.0,Micro Cap,False
Ace Integrated,20.86,0.0,21.28,75.36,-93.75,-6.79,11.895529197080291,Micro Cap,False
Ace Men,97.45,786.56,125.85,0.0,0.0,0.0,97.45,Micro Cap,True
Ace Soft. Exp.,110.8,36.87,161.11,-119.38,7.24,5.83,-571.7234262125903,Micro Cap,True
Acetech E-Commerce,121.0,19.28,198.24,100.89,6.81,33.55,60.231967743541254,Micro Cap,True
Achyut Healthcar,7.96,600.38,192.12,-50.0,377.17,1.23,15.92,Micro Cap,True
ACI Infocom,1.26,0.0,13.92,318.18,-100.0,-11.14,0.3013056578506863,Micro Cap,False
Acknit Indus.,285.15,10.6,86.69,14.24,2.15,9.5,249.60609243697476,Micro Cap,True
Acme Resources,29.52,53.52,76.0,519.64,-64.56,1.7,4.764056548963914,Micro Cap,True
ACME Solar Hold.,357.2,50.81,25249.55,0.86,12.52,8.89,354.1542732500496,Large Cap,True
Acrow India,906.0,134.84,57.98,92.59,-67.59,2.65,470.4294096266681,Micro Cap,True
ACS Tech,44.83,34.21,272.31,16.67,196.24,10.28,38.4246164395303,Micro Cap,True
Action Const.Eq.,988.1,28.35,11766.61,-6.45,7.13,31.7,1056.2266167824694,Mid Cap,True
Active Clothing,119.5,18.44,185.37,-0.61,6.39,10.61,120.23342388570279,Micro Cap,True
Active Infra.,178.5,26.2,268.02,8.51,2.59,9.53,164.50096765275092,Micro Cap,True
Acutaas Chemical,3300.0,75.84,27017.47,110.88,40.28,31.56,1564.8710166919575,Large Cap,True
AD Manum Finance,63.0,4.43,47.25,75.0,37.69,14.92,36.0,Micro Cap,True
Adani Energy Sol,1507.8,80.8,181129.4,5.66,16.76,9.65,1427.030096536059,Large Cap,True
Adani Enterp.,3038.0,0.0,395214.95,-121.16,20.3,5.8,-14357.27788279773,Large Cap,False
Adani Green,1526.1,137.32,251375.55,55.75,13.96,7.39,979.8394863563402,Large Cap,True
Adani Ports,1796.0,31.92,413791.05,11.43,26.5,14.12,1611.7742080229739,Large Cap,True
Adani Power,229.27,34.61,442140.2,52.34,-0.1,17.22,150.4988840750952,Large Cap,True
Adani Total Gas,719.8,124.97,79164.33,4.32,15.92,15.09,689.9923312883436,Large Cap,True
Adarsh Plant,29.78,0.0,29.51,104.69,-27.83,5.97,14.548829937954958,Micro Cap,False
ADC India,2464.75,59.89,1133.79,18.98,33.89,31.44,2071.566649857119,Small Cap,True
Adcon Capital,0.57,0.0,11.31,-662.26,163.1,-3.15,-0.1013765873439334,Micro Cap,False
Adcounty Media.,101.95,11.44,229.4,61.11,33.25,37.04,63.27974675687419,Micro Cap,True
Add-Shop E-Reta.,7.07,19.07,20.02,0.0,14.6,1.96,7.07,Micro Cap,True
Addi Industries,88.95,40.69,96.04,-57.83,0.0,4.37,210.93194213896138,Micro Cap,True
Addictive Learn,42.95,0.0,68.33,-205.92,-12.74,-0.11,-40.54947129909367,Micro Cap,False
Adeshwar Meditex,13.0,14.89,18.76,-60.45,-30.44,5.21,32.86978508217447,Micro Cap,True
ADF Foods,300.5,34.85,3301.4,57.6,23.68,22.82,190.6725888324873,Small Cap,True
Adhata Global,34.5,0.0,16.27,-263.04,-90.08,-29.8,-21.160451422963686,Micro Cap,False
Adhbhut Infra.,14.05,0.0,15.46,-66.67,0.0,0.0,42.15421542154216,Micro Cap,False
Adinath Textiles,21.72,295.8,14.79,-80.0,0.0,1.33,108.60000000000002,Micro Cap,True
Adisoft Technol.,190.0,13.52,310.04,84.0,46.4,38.0,103.2608695652174,Micro Cap,True
Adit.Birla Money,140.87,13.09,796.05,100.75,30.5,9.86,70.17185554171854,Small Cap,True
Aditya AMC,1141.2,33.77,33003.9,-17.96,6.85,32.24,1391.0287664553875,Large Cap,True
Aditya Bir. Fas.,60.12,0.0,7337.71,-13.52,15.74,-3.07,69.51896392229416,Mid Cap,False
Aditya Birla Cap,390.8,28.1,106852.78,29.46,10.19,8.72,301.8693032596941,Large Cap,True
Aditya Consumer,33.31,0.0,48.75,102.6,-6.12,-6.4,16.44126357354393,Micro Cap,False
Aditya Infotech,3558.5,113.97,41937.1,207.73,45.49,29.61,1156.3708445715401,Large Cap,True
Aditya Ispat,9.9,0.0,5.3,-796.49,14.69,-36.24,-1.4214130856150125,Micro Cap,False
Aditya Spinners,16.13,87.1,27.0,800.0,-1.87,0.49,1.7922222222222222,Micro Cap,True
Aditya Ultra,21.4,13.22,53.15,-17.19,-18.99,7.36,25.842289578553316,Micro Cap,True
Aditya Vision,660.5,72.25,8529.57,35.98,28.42,16.97,485.7331960582439,Mid Cap,True
Adjia Tech,61.82,0.0,5.44,-150.0,-100.0,-7.11,-123.64,Micro Cap,False
Admach Systems,300.1,20.3,203.25,30.97,26.99,25.04,229.13644346033448,Micro Cap,True
Adon Agro,0.0,22.49,162.59,0.0,0.0,69.51,0.0,Micro Cap,True
Ador Welding,1229.3,24.13,2139.33,53.77,3.24,22.45,799.4407231579631,Small Cap,True
Adroit Info.,8.82,14.48,47.78,117.8,25.67,6.54,4.049586776859504,Micro Cap,True
Adtech Systems,58.16,20.26,69.29,-43.68,33.56,9.31,103.26704545454547,Micro Cap,True
Advait Energy,2274.7,48.13,2489.21,55.55,18.04,27.91,1462.3593699774992,Small Cap,True
Advance Agrolife,110.13,20.07,707.98,421.68,37.9,19.28,21.110642539487806,Small Cap,True
Advance Lifes.,30.54,4.24,19.01,1403.7,0.0,9.94,2.0309902241138524,Micro Cap,True
Advance Meter.,20.33,0.0,32.65,11.69,-25.62,-8.22,18.20216671143343,Micro Cap,False
Advance Petroch.,232.15,696.33,20.89,-7.41,3.83,7.25,250.72902041257157,Micro Cap,True
Advance Syntex,5.17,0.0,5.74,0.0,0.0,-5.26,5.17,Micro Cap,False
Advanced Enzyme,348.35,24.31,3900.69,61.91,21.65,13.89,215.15039219319377,Small Cap,True
Advani Hotels.,53.24,20.05,492.14,3.4,5.97,10.86,51.48936170212766,Micro Cap,True
Advent Hotels,144.57,16.07,779.85,-62.31,6.8,6.78,383.57654550278585,Small Cap,True
Advik Capital,1.29,0.0,78.5,-383.95,-122.11,8.42,-0.45430533544638146,Micro Cap,False
Advit Jewels,0.0,24.92,632.18,0.0,0.0,39.08,0.0,Small Cap,True
Aegis Logistics,1140.65,44.58,40036.82,45.69,52.16,13.58,782.929507859153,Large Cap,True
Aegis Vopak Term,233.19,83.22,25837.25,17.55,22.23,7.33,198.37515950659295,Large Cap,True
Aelea Commoditi.,155.25,14.83,316.23,583.14,120.14,20.91,22.725941973826743,Micro Cap,True
Aeonx Digital,105.8,0.0,48.67,-159.4,72.91,0.46,-178.1144781144781,Micro Cap,False
Aequs,228.95,0.0,15354.89,-739.04,47.26,1.55,-35.8271782674011,Mid Cap,False
Aeroflex,466.65,111.21,6175.22,57.08,37.25,18.77,297.0779220779221,Mid Cap,True
Aeroflex Enter.,137.6,24.02,1556.05,120.59,24.09,12.58,62.37816764132554,Small Cap,True
Aeroflex Neu,90.01,133.6,232.19,-361.11,0.5,4.56,-34.47206158324078,Micro Cap,True
Aeron Composites,77.95,14.97,132.67,-75.83,-5.14,9.77,322.50724038063714,Micro Cap,True
Aerpace Indus,32.31,0.0,497.12,-192.75,0.0,-21.52,-34.8355795148248,Micro Cap,False
Aesthetik Engi.,74.0,17.87,127.43,-26.72,99.11,17.64,100.9825327510917,Micro Cap,True
Aether Industri.,1325.1,77.73,17585.8,4.78,27.03,11.92,1264.649742317236,Mid Cap,True
Afcom Holdings,1238.0,29.15,3552.89,72.83,89.59,33.49,716.3108256668403,Small Cap,True
Afcons Infrastr.,319.35,40.74,11745.2,-179.69,-18.91,13.63,-400.74036892960225,Mid Cap,True
Affle 3i,1449.7,44.87,20411.25,15.95,20.28,16.84,1250.2802932298405,Large Cap,True
Affordable Robo.,169.49,28.82,200.86,107.83,-39.67,8.8,81.55223018813453,Micro Cap,True
AFLOAT Enterpris,11.61,0.0,14.58,-71.19,-86.89,0.0,40.298507462686565,Micro Cap,False
AG Ventures,123.4,24.32,123.28,-103.41,-9.38,2.38,-3618.7683284457457,Micro Cap,True
Agarwal Float,39.6,19.51,28.68,-98.08,-32.16,10.06,2062.5000000000005,Micro Cap,True
Agarwal Fortune,19.2,110.0,6.6,-90.0,-81.97,11.21,192.00000000000003,Micro Cap,True
Agarwal Indl.,546.2,18.75,816.99,-48.43,-50.77,7.92,1059.1429125460538,Small Cap,True
Agarwal Toughene,125.9,10.3,222.52,-12.14,48.52,22.97,143.2961529706351,Micro Cap,True
AGI Greenpac,688.7,12.52,4455.71,19.66,5.33,19.6,575.5473842553903,Small Cap,True
AGI Infra,370.25,48.79,4628.03,69.57,5.81,20.11,218.34640561420062,Small Cap,True
Agio Paper,3.7,0.0,5.97,-2.56,0.0,-201.55,3.797208538587849,Micro Cap,False
Agni Green,18.8,26.42,36.73,136.17,-13.36,8.97,7.960367531862642,Micro Cap,True
Agri-Tech India,115.07,0.0,68.35,3.85,33.33,-1.11,110.80404429465575,Micro Cap,False
Agribio Spirits,298.1,80.51,324.46,36.36,174.95,5.52,218.61249633323558,Micro Cap,True
Agro Phos India,30.32,8.72,61.47,-123.93,7.04,15.05,-126.70288340994564,Micro Cap,True
AGS Transact,2.69,0.0,34.55,-1163.07,-43.92,1.26,-0.25304072168342634,Micro Cap,False
Ahasolar Technol,76.0,111.57,23.43,-83.42,59.48,2.87,458.3835946924006,Micro Cap,True
Ahlada Engineers,39.69,284.89,51.28,-207.22,-33.15,2.69,-37.01734750979295,Micro Cap,True
Ahluwalia Contr.,848.1,21.37,5681.21,-1.57,8.76,20.45,861.6275525754344,Mid Cap,True
Ahm. Steelcraft,165.35,13.39,249.55,-8.02,-20.34,22.23,179.76734072624484,Micro Cap,True
AI Champ.Inds.,37.69,65.12,115.91,223.12,114.47,9.19,11.66439712800198,Micro Cap,True
AIA Engineering,4829.9,35.41,45072.81,37.88,9.44,21.09,3502.9736002320856,Large Cap,True
Aik Pipes & Poly,22.77,161.0,14.49,1085.71,-18.09,2.94,1.9203683868736874,Micro Cap,True
Aimco Pesticides,55.79,0.0,54.58,19.22,-41.91,-33.65,46.79583962422412,Micro Cap,False
Aimtron,1273.65,57.1,2624.89,77.79,75.94,27.65,716.3788739524158,Small Cap,True
Aion-Tech Soluti,51.88,0.0,271.13,-54.79,44.86,-1.71,114.75337314753372,Micro Cap,False
Airan,16.16,16.59,202.03,114.2,13.4,10.16,7.544351073762837,Micro Cap,True
Airfloa Rail,326.85,20.01,783.46,68.77,113.54,25.87,193.66593588907983,Small Cap,True
Airo Lam,95.68,26.05,143.54,-88.57,3.12,9.75,837.0953630796146,Micro Cap,True
Ajanta Pharma,3180.4,35.21,39734.53,18.4,21.47,34.51,2686.1486486486488,Large Cap,True
Ajanta Soya,21.98,21.11,176.9,-123.71,-13.25,9.57,-92.7035006326445,Micro Cap,True
Ajax Engineering,533.25,26.82,6100.74,4.41,0.25,23.86,510.72694186380613,Mid Cap,True
AJC Jewel,97.01,7.34,58.87,0.0,0.0,22.28,97.01,Micro Cap,True
Ajcon Global,6.2,164.87,37.92,35.06,489.29,3.01,4.590552347104991,Micro Cap,True
Ajmera Realty,131.47,17.27,2587.27,119.94,184.78,14.28,59.77539328907884,Small Cap,True
Ajooni Biotech,3.69,14.71,63.56,-38.31,107.11,6.49,5.981520505754579,Micro Cap,True
Ajwa Fun World,35.25,0.0,22.52,-108.11,-75.23,-0.94,-434.64858199753417,Micro Cap,False
Akanksha Power,86.25,29.12,168.88,56.96,66.86,11.0,54.95030581039756,Micro Cap,True
Akar Auto Indust,91.0,82.5,98.17,-140.32,-15.61,12.41,-225.69444444444443,Micro Cap,True
Akash InfraProj.,26.48,50.17,44.65,-59.41,85.86,3.81,65.23774328652377,Micro Cap,True
AKG Exim,10.62,93.75,33.75,-74.07,-44.55,1.99,40.95642113382181,Micro Cap,True
AKI India,4.77,25.51,49.23,16.92,52.29,4.67,4.079712624016421,Micro Cap,True
Akiko,283.0,19.88,304.78,2.6,48.11,37.12,275.82846003898635,Micro Cap,True
Akme Fintrade,10.38,10.47,442.97,62.52,45.54,13.87,6.386906226925918,Micro Cap,True
Aksh Optifibre,7.27,0.0,118.28,70.57,23.8,-6.63,4.262179750249165,Micro Cap,False
Akshar Spintex,0.44,0.0,34.65,65.79,12.49,-8.54,0.26539598286989563,Micro Cap,False
AksharChem (I),239.58,0.0,192.46,248.2,16.59,0.19,68.8052843193567,Micro Cap,False
Akums Drugs,609.35,35.71,9590.8,-39.44,9.69,14.94,1006.1922060766183,Mid Cap,True
Alacrity Sec.,68.6,51.54,320.09,-7.77,48.26,9.2,74.3792692182587,Micro Cap,True
Alan Scott Ente.,350.9,0.0,200.63,-45.45,-1.35,-14.14,643.263061411549,Micro Cap,False
Alankit,8.33,11.83,225.87,-66.59,-1.07,7.44,24.93265489374439,Micro Cap,True
Albert David,708.5,0.0,404.55,-107.45,14.65,0.77,-9510.067114093958,Micro Cap,False
Alchemist Corp.,31.95,0.0,15.69,714.29,0.0,-6.64,3.9236635596654748,Micro Cap,False
Alcokraft Dist.,72.0,8.23,73.8,0.0,0.0,0.0,72.0,Micro Cap,True
Alembic,91.54,7.41,2350.58,-1.93,-0.38,6.28,93.34149077189763,Small Cap,True
Alembic Pharma,771.5,20.79,15164.85,40.82,4.41,12.62,547.8625195284761,Mid Cap,True
Alexander Stamps,7.88,0.0,7.34,75.0,-50.0,-0.06,4.502857142857143,Micro Cap,False
Alfa Ica (I),79.0,16.8,31.92,-48.15,27.15,10.79,152.3625843780135,Micro Cap,True
Alfa Transformer,44.8,0.0,40.99,150.0,-5.28,-0.31,17.919999999999998,Micro Cap,False
Alfavision Overs,9.13,205.57,28.78,262.5,0.0,0.08,2.518620689655173,Micro Cap,True
Alfred Herbert,2850.0,6.17,219.45,7525.0,608.57,11.7,37.377049180327866,Micro Cap,True
Algoquant Fin,56.79,48.76,1596.34,1398.11,43.35,31.43,3.790776378236578,Small Cap,True
Alicon Cast.,645.05,26.99,1058.65,-15.8,16.58,10.04,766.0926365795724,Small Cap,True
Alivus Life,1108.3,23.3,13603.21,14.65,6.09,24.98,966.681203663323,Mid Cap,True
Alkali Metals,84.21,153.12,85.75,-6.51,15.52,8.69,90.07380468499304,Micro Cap,True
Alkem Lab,5425.0,26.63,64864.01,2.04,14.62,21.23,5316.542532340259,Large Cap,True
Alkosign,54.5,46.68,58.82,-180.0,-25.89,4.71,-68.125,Micro Cap,True
Alkyl Amines,1788.7,50.8,9148.52,-1.41,0.22,16.64,1814.2813672786287,Mid Cap,True
All E Tech,140.5,10.61,283.73,-37.74,-0.52,22.22,225.66655958882106,Micro Cap,True
All Time Plastic,234.52,39.56,1536.29,-2.89,-1.69,11.57,241.49933065595718,Small Cap,True
Allcargo Logist.,8.15,244.14,1220.69,-66.67,0.19,2.05,24.45244524452446,Small Cap,True
Allcargo Termi,24.21,14.44,646.54,485.92,11.89,11.64,4.131963407973784,Small Cap,True
Alldigi Tech,802.9,13.81,1223.49,64.17,5.87,30.34,489.06621185356636,Small Cap,True
Alliance Integ.,3.12,0.0,123.22,-42.8,-38.39,0.0,5.454545454545454,Micro Cap,False
Allied Blenders,622.3,75.98,17406.36,-48.05,9.37,18.38,1197.882579403272,Mid Cap,True
Allied Digital,128.25,20.18,725.49,55.32,31.03,7.32,82.57146536183363,Small Cap,True
Almondz Global,13.03,7.93,227.89,-15.77,5.76,11.74,15.469547667101981,Micro Cap,True
Alok Industries,12.83,0.0,6370.4,-14.31,3.15,-3.25,14.972575563076205,Mid Cap,False
Alpa Laboratorie,68.5,9.6,144.13,165.09,-21.34,9.42,25.840280659398694,Micro Cap,True
Alpex Solar,922.55,11.66,2356.47,50.27,105.25,43.53,613.9282624609037,Small Cap,True
Alphageo (India),198.81,0.0,126.54,18.25,-30.14,-6.96,168.12684989429175,Micro Cap,False
Alphalogic Indu,146.5,27.69,149.27,157.8,-11.81,28.55,56.826997672614425,Micro Cap,True
Alphalogic Tech.,44.97,56.42,281.56,-4.67,-12.84,12.54,47.172978076156504,Micro Cap,True
Alpine Housing,94.96,27.19,164.49,10.83,35.62,9.18,85.68077235405575,Micro Cap,True
Altius Telecom,168.48,45.99,51342.6,85.4,1.38,8.66,90.87378640776699,Large Cap,True
Alufluoride,456.2,14.2,356.77,211.33,-4.46,24.25,146.5326181222497,Micro Cap,True
Aluwind Infra,49.35,11.66,122.62,-7.0,14.66,17.63,53.06451612903226,Micro Cap,True
Amagi Media Labs,514.05,155.17,11120.9,423.21,28.51,8.0,98.24926893599128,Mid Cap,True
Amal,585.05,32.32,723.28,-71.98,94.4,26.05,2087.9728765167733,Small Cap,True
Amalgamated Elec,100.0,0.0,27.77,0.0,0.0,0.0,100.0,Micro Cap,False
Amanaya Ventures,16.0,28.48,5.98,100.0,248.75,5.54,8.0,Micro Cap,True
Amanta Healthcar,160.68,37.95,623.91,-7.21,6.84,11.63,173.16521176850955,Small Cap,True
Amara Raja Ener.,834.8,19.64,15278.96,12.37,16.34,13.46,742.9029100293673,Mid Cap,True
Amarjothi Spg.,165.55,11.74,111.75,14.67,66.28,8.64,144.37080317432634,Micro Cap,True
Amba Auto Sales,85.8,11.21,157.22,0.0,0.0,32.46,85.8,Micro Cap,True
Amba Enterprises,126.2,19.56,159.78,13.76,20.09,22.1,110.9353023909986,Micro Cap,True
Ambalal Sarabhai,31.64,13.06,242.47,13.44,1.05,11.54,27.891396332863188,Micro Cap,True
Ambani Orgochem,119.95,67.55,91.87,190.0,18.87,10.48,41.362068965517246,Micro Cap,True
Ambar Protein,184.25,15.07,105.94,-0.81,14.86,17.78,185.75461236011694,Micro Cap,True
Ambassador Intra,29.5,0.0,6.17,0.0,0.0,4.07,29.5,Micro Cap,False
Amber Enterp.,7659.0,136.42,27011.58,-19.47,10.49,10.25,9510.741338631566,Large Cap,True
Ambica Agarbat.,24.55,12.22,42.17,142.27,-28.28,8.15,10.133322326330129,Micro Cap,True
Ambika Cotton,1724.8,13.8,987.45,54.67,57.85,11.41,1115.1483804228358,Small Cap,True
Ambitious Plasto,9.8,37.93,5.69,-33.33,-20.52,67.92,14.699265036748162,Micro Cap,True
Ambo Agritec,13.83,50.83,27.45,-1333.33,1.03,5.16,-1.1213543820388705,Micro Cap,True
Ambuja Cements,423.75,21.07,105294.13,102.92,9.37,5.61,208.82613837965698,Large Cap,True
Amco India,62.86,78.3,25.84,-85.71,18.77,3.11,439.88803358992294,Micro Cap,True
AMD Industries,45.22,0.0,86.67,3150.0,20.0,1.43,1.3913846153846154,Micro Cap,False
Ameenji Rubber,133.0,23.66,150.02,0.0,0.0,19.61,133.0,Micro Cap,True
Amerise BioScie,0.82,271.0,5.42,-45.45,-57.89,0.37,1.5032080659945004,Micro Cap,True
Ameya Precision,106.0,14.22,79.5,10.16,1.68,25.31,96.2236746550472,Micro Cap,True
Amforge Inds.,7.26,0.0,10.45,-328.57,0.0,-1.12,-3.1762698516865733,Micro Cap,False
Amiable Logistic,84.95,15.47,14.85,370.0,14.46,12.81,18.074468085106382,Micro Cap,True
Amic Forging,1806.35,73.79,2086.12,23.69,30.44,23.46,1460.384833050368,Small Cap,True
Amin Tannery,1.62,79.5,17.49,-63.64,-36.28,5.28,4.455445544554455,Micro Cap,True
Amines & Plast.,191.76,28.88,1055.06,19.83,-6.44,16.73,160.0267044980389,Small Cap,True
Amit Securities,54.6,71.8,38.77,-148.94,-10.39,0.93,-111.56518185533305,Micro Cap,True
AMJ Land Holdin.,38.66,10.72,158.51,-50.29,-39.88,10.06,77.77107221886943,Micro Cap,True
Amkay Products,52.35,19.61,45.31,-77.48,-7.45,12.77,232.46003552397875,Micro Cap,True
Ampvolts,30.7,50.92,78.93,-89.17,1112.9,5.62,283.4718374884581,Micro Cap,True
Amrapali Capital,41.55,8.36,40.64,328.16,17669.79,9.02,9.704316143497756,Micro Cap,True
Amrapali Fincap,27.66,47.67,37.18,1275.0,-35.97,0.41,2.0116363636363634,Micro Cap,True
Amrapali Inds.,35.75,14.6,183.79,771.29,453.79,20.56,4.103111478382628,Micro Cap,True
Amraworld Agrico,0.55,0.0,6.62,97.37,0.0,-9.96,0.27866443735116786,Micro Cap,False
Amrutanjan Healt,537.3,24.08,1553.37,45.26,10.6,24.82,369.8884758364312,Small Cap,True
AMS Polymers,44.1,18.43,14.56,-41.18,1.35,10.38,74.97449846990818,Micro Cap,True
Amwill Health,44.5,7.8,89.02,79.33,39.36,20.51,24.81458763174037,Micro Cap,True
Anand Rathi Shar,541.15,25.88,3410.67,125.15,28.25,19.82,240.35087719298244,Small Cap,True
Anand Rathi Wea.,1932.5,81.98,32087.48,41.14,29.98,57.47,1369.207878701998,Large Cap,True
Anand Rayons,53.03,15.7,113.86,13.33,37.57,10.41,46.792552722138886,Micro Cap,True
Anant Raj,522.55,33.89,18805.37,23.57,19.64,12.07,422.877721129724,Mid Cap,True
Anantam Highways,105.94,11.79,2304.2,405840.0,0.0,0.0,0.02609745282554072,Small Cap,True
ANB Metal,478.65,26.4,566.47,199.54,115.08,29.63,159.79501902917806,Small Cap,True
Andhra Cements,52.34,0.0,482.43,211.16,73.07,-6.01,16.820928139863735,Micro Cap,False
Andhra Paper,63.61,67.93,1264.89,-1.66,29.38,1.98,64.68375025422004,Small Cap,True
Andhra Petrochem,44.79,0.0,380.59,137.38,-44.71,-1.62,18.868480916673686,Micro Cap,False
Andhra Sugars,80.42,10.93,1089.98,-14.19,27.39,8.48,93.71868080643281,Small Cap,True
Andrew Yule & Co,28.16,0.0,1376.89,-2751.4,-5.86,-6.25,-1.0620804103492494,Small Cap,False
ANG Lifesciences,42.83,0.0,55.93,33.01,39.71,-3.64,32.20058642207353,Micro Cap,False
Angel Fibers,12.0,23.44,30.0,-125.14,1.23,10.25,-47.73269689737469,Micro Cap,True
Angel One,335.25,33.46,30620.04,83.5,38.2,14.77,182.69754768392372,Large Cap,True
ANI Integrated,52.8,11.45,61.71,-81.57,8.64,8.23,286.4894194248507,Micro Cap,True
Anik Industries,45.6,0.0,126.54,-609.3,-83.5,0.3,-8.953465540938543,Micro Cap,False
Anirit Ventures,54.12,0.0,32.47,-33.67,-100.0,-28.3,81.59203980099502,Micro Cap,False
Anjani Finance,9.95,63.06,10.09,-60.0,120.0,1.45,24.874999999999996,Micro Cap,True
Anjani Foods,17.05,48.62,47.65,72.22,5.89,10.86,9.90012774358379,Micro Cap,True
Anjani Portland,109.68,0.0,322.18,93.15,-10.68,0.12,56.78488221589438,Micro Cap,False
Anjani Synth.,23.16,9.01,34.16,136.36,17.56,5.99,9.798612286342868,Micro Cap,True
Anka India,23.77,0.0,122.52,-2450.0,-50.74,0.42,-1.0114893617021277,Micro Cap,False
Ankit Met.Power,1.45,0.0,20.46,-76.27,-25.51,-34.2,6.11040876527602,Micro Cap,False
Anlon Healthcare,16.29,31.13,865.84,-41.2,13.26,22.38,27.70408163265306,Small Cap,True
Anlon Tech,692.7,31.22,433.31,114.47,107.06,27.08,322.9822352776612,Micro Cap,True
Anmol India,11.16,5.62,63.52,56.88,-1.82,8.79,7.113717491075982,Micro Cap,True
Anna Infrastruct,32.0,16.21,12.16,-188.89,-96.85,9.15,-35.99955000562494,Micro Cap,True
Annapurna Swadi.,129.65,9.27,282.9,100.19,32.51,12.63,64.76347469903592,Micro Cap,True
Annvrridhhi Ven,9.89,40.89,29.44,138.71,118.81,5.83,4.143102509320933,Micro Cap,True
Anondita Medi.,1177.15,63.65,2129.07,85.87,82.76,43.6,633.3189863883359,Small Cap,True
ANS Industries,11.73,4.76,10.86,2790.0,0.0,-11.43,0.4058823529411765,Micro Cap,True
Ansal Buildwell,86.14,78.48,63.57,-133.33,-13.8,4.4,-258.4458445844583,Micro Cap,True
Ansal Housing,6.73,0.0,46.86,-3235.8,-37.64,-5.05,-0.2146182792269915,Micro Cap,False
Ansal Properties,3.85,0.0,60.6,-121.82,-92.08,0.0,-17.644362969752525,Micro Cap,False
Antarctica,0.81,6.41,12.56,-62.71,25.86,-1.59,2.172164119066774,Micro Cap,True
Antelopus Selan,808.1,31.71,2841.47,157.65,65.28,21.22,313.64253832718805,Small Cap,True
Anthem Bioscienc,761.7,70.44,42898.57,128.88,26.44,30.45,332.7944774554352,Large Cap,True
Antony Waste han,472.0,17.76,1339.81,48.9,17.77,11.16,316.9912693082606,Small Cap,True
Anubhav Plast,0.0,14.52,88.0,0.0,0.0,27.59,0.0,Micro Cap,True
Anuh Pharma,78.2,19.09,783.75,-6.26,2.01,15.87,83.42223170471517,Small Cap,True
Anupam Finserv,1.97,19.17,37.38,1450.0,48.86,8.16,0.1270967741935484,Micro Cap,True
Anupam Rasayan,1275.1,85.33,14516.8,-4.31,27.12,7.36,1332.5321350193333,Mid Cap,True
Anuroop Packagin,12.08,4.38,13.35,-79.2,-40.84,11.15,58.07692307692309,Micro Cap,True
Anya Polytech &,16.75,23.93,201.0,1312.5,31.68,10.18,1.1858407079646018,Micro Cap,True
Anzen IYEP Trust,128.0,2846.26,3273.2,147.43,101.95,3.34,51.73180293416319,Small Cap,True
Apar Inds.,16022.0,64.29,64367.16,3.66,26.74,31.12,15456.299440478488,Large Cap,True
Apcotex Industri,511.85,26.45,2653.68,107.28,13.79,19.8,246.93651099961406,Small Cap,True
Apeejay Surrend.,122.23,39.03,2608.07,-54.63,3.6,9.43,269.4070972007935,Small Cap,True
Apex Ecotech,254.0,19.68,334.9,106.13,135.7,41.17,123.22320865473245,Micro Cap,True
Apex Frozen Food,407.8,32.8,1274.38,297.45,-14.95,10.45,102.6041011447981,Small Cap,True
Apis India,60.81,33.08,837.67,27.31,8.57,14.59,47.765297305789026,Small Cap,True
APL Apollo Tubes,1793.5,41.39,49798.03,20.89,13.81,31.64,1483.5801141533625,Large Cap,True
Aplab,99.05,85.82,216.27,-110.23,-40.03,14.86,-968.2306940371451,Micro Cap,True
APM Industries,55.13,0.0,119.14,-610.45,11.42,1.08,-10.800274267802918,Micro Cap,False
Apollo Finvest,342.55,22.31,127.86,2.88,-27.81,11.57,332.9607309486781,Micro Cap,True
Apollo Hospitals,8592.0,63.17,123539.78,35.86,18.12,17.89,6324.157220668335,Large Cap,True
Apollo Ingredie.,84.04,123.1,87.4,-56.25,46.38,22.86,192.0914285714286,Micro Cap,True
Apollo Micro Sys,384.4,126.5,14284.29,168.71,81.28,14.47,143.05384987533026,Mid Cap,True
Apollo Pipes,481.7,283.28,2121.8,-89.88,10.24,2.1,4759.881422924898,Small Cap,True
Apollo Sindoori,1275.9,28.24,331.79,-7.41,32.08,10.93,1378.0105842963605,Micro Cap,True
Apollo Techno,82.0,10.16,112.25,-15.74,24.23,19.27,97.31782577735581,Micro Cap,True
Apollo Tyres,430.65,13.2,27350.62,254.71,14.2,13.82,121.40903836937215,Large Cap,True
Apoorva Leasing,31.8,198.5,63.52,120.69,305.71,0.23,14.40935248538674,Micro Cap,True
Aprameya Enginee,151.0,57.04,287.5,-109.64,-90.03,12.64,-1566.3900414937752,Micro Cap,True
Apsis Aerocom,317.3,50.92,382.41,41.81,78.47,31.78,223.750088146111,Micro Cap,True
Apt Packaging,69.95,51.33,82.64,1650.0,49.44,9.74,3.9971428571428573,Micro Cap,True
Aptech,105.63,24.26,612.68,-63.97,-6.48,15.34,293.17235636969184,Small Cap,True
Aptus Pharma,235.15,87.29,403.28,60.34,117.57,29.97,146.65710365473367,Micro Cap,True
Aptus Value Hou.,265.1,14.08,13274.69,26.04,18.66,15.4,210.33005395112664,Mid Cap,True
Aqylon Nexus,39.55,0.0,1003.5,-3183.33,179.14,131.18,-1.2827040894098265,Small Cap,False
Arabian Petrol.,64.0,6.19,69.71,3.37,36.98,18.41,61.913514559349906,Micro Cap,True
Aravali Sec,4.45,0.0,6.74,55.56,0.0,4.49,2.8606325533556185,Micro Cap,False
ARC Finance,0.54,65.36,47.06,114.12,54.52,1.28,0.2521950308238371,Micro Cap,True
ARC Insulation,40.0,22.15,41.19,0.0,0.0,6.5,40.0,Micro Cap,True
Arcee Industries,16.77,0.0,8.62,-100.0,0.0,-13.18,inf,Micro Cap,False
Archean Chemical,522.5,62.65,6450.7,-74.93,-12.92,7.41,2084.1643398484252,Mid Cap,True
Archidply Decor,68.2,253.07,37.96,600.0,-17.32,2.7,9.742857142857144,Micro Cap,True
Archidply Inds.,80.14,17.93,159.2,3250.0,10.7,10.2,2.392238805970149,Micro Cap,True
Archies,14.29,0.0,48.27,-288.18,-44.02,-0.53,-7.593793176745668,Micro Cap,False
Archit Organosys,58.36,14.91,119.76,0.0,-15.47,13.41,58.36,Micro Cap,True
ARCL Organics,193.1,28.82,154.48,-50.18,-9.59,17.05,387.59534323564833,Micro Cap,True
Arex Industries,115.0,27.97,41.39,-111.54,-2.06,7.75,-996.5337954939326,Micro Cap,True
Arfin India,89.81,111.42,1515.3,957.41,24.99,13.97,8.493394236861766,Small Cap,True
Arham Tech,140.0,25.03,305.37,35.99,94.77,19.95,102.94874623134054,Micro Cap,True
Aries Agro,339.3,10.3,441.24,-19.78,44.63,21.2,422.9618548990277,Micro Cap,True
Arigato Universe,48.45,13.01,29.54,1270.0,25.64,20.4,3.536496350364964,Micro Cap,True
Arih.Found.Hsg.,844.05,14.26,841.15,-62.6,118.88,17.47,2256.8181818181815,Small Cap,True
Arihant Academy,469.0,31.17,283.99,249.47,75.59,42.67,134.20322202191892,Micro Cap,True
Arihant Capital,69.53,24.01,762.14,-96.23,5.83,11.0,1844.2970822281188,Small Cap,True
Arihant Super.,254.6,23.92,1101.14,5.68,18.5,10.55,240.91597274791826,Small Cap,True
Arihant's Secur.,18.54,40.3,9.27,78.36,80.21,0.83,10.394707333482843,Micro Cap,True
Aris Interna.,398.15,0.0,59.72,-600.0,-100.0,-39.19,-79.63,Micro Cap,False
Arisinfra Solu.,114.24,17.17,934.41,1332.3,55.26,15.57,7.975982685191649,Small Cap,True
Aristo Bio-Tech,99.7,9.45,67.87,714.29,3.18,19.54,12.243795208095396,Micro Cap,True
Aritas Vinyl,13.98,5.79,27.52,-13.43,3.13,11.65,16.148781333025298,Micro Cap,True
Arkade,123.12,12.43,2285.89,118.04,49.55,19.29,56.46670335718217,Small Cap,True
Arman Financial,1668.0,30.98,1753.86,221.39,-11.92,11.74,518.9956128068702,Small Cap,True
Arman Holdings,108.95,59.76,56.77,392.31,-51.23,18.65,22.130365013914,Micro Cap,True
Armour Security,20.7,6.58,34.92,61.74,48.75,22.83,12.798318288611352,Micro Cap,True
Arnold Holdings,13.38,7.2,31.81,53.12,0.75,9.37,8.738244514106583,Micro Cap,True
Aro Granite Inds,25.71,0.0,39.34,-32150.0,-57.03,1.04,-0.08021840873634946,Micro Cap,False
Arrow Greentech,588.8,18.76,888.38,-35.31,-27.07,30.45,910.187045911269,Small Cap,True
Arrowhead Sepera,70.0,77.06,13.1,90.0,20.13,3.45,36.8421052631579,Micro Cap,True
Arshiya,1.05,0.0,27.66,-101.15,0.0,0.0,-91.30434782608644,Micro Cap,False
Art Nirman Ltd,42.09,202.0,105.04,-88.31,152.02,5.85,360.05132591958943,Micro Cap,True
Artefact Project,55.47,7.67,40.35,-84.63,12.48,10.22,360.89785296031215,Micro Cap,True
Artemis Electri.,16.19,45.87,406.43,-18.64,8.7,12.97,19.8992133726647,Micro Cap,True
Artemis Medicare,261.1,39.09,4133.38,27.37,16.61,14.53,204.99332652900998,Small Cap,True
Artificial Elect,103.95,7.82,287.63,2149.06,1019.46,0.0,4.6219309400371715,Micro Cap,True
Artson,172.15,0.0,635.58,460.0,-24.4,-14.6,30.74107142857143,Small Cap,False
Aruna Hotels,7.26,30.38,24.61,-62.75,1.96,12.36,19.489932885906036,Micro Cap,True
Arunaya Organics,16.0,7.54,28.06,-8.21,-10.68,15.24,17.431092711624363,Micro Cap,True
Arunjyoti Bio,5.65,0.0,105.31,-33.67,37.12,-0.64,8.518015980702549,Micro Cap,False
Arvee Laborat.,165.04,71.89,181.87,642.86,67.44,7.92,22.216837627547584,Micro Cap,True
Arvind Fashions.,469.25,46.67,6270.27,147.37,14.78,18.92,189.69559768767434,Mid Cap,True
Arvind Ltd,547.25,33.68,14345.65,2.75,14.97,13.84,532.603406326034,Mid Cap,True
Arvind Port &,30.15,43.24,51.45,-84.84,-36.25,2.64,198.87862796833778,Micro Cap,True
Arvind SmartSp.,600.35,28.55,2753.62,120.99,-4.72,12.9,271.6638761934929,Small Cap,True
Aryaman Capital,409.5,17.65,490.46,-18.8,-70.08,31.88,504.31034482758616,Micro Cap,True
Aryaman Fin.Serv,595.5,24.66,729.31,-45.16,-73.43,22.11,1085.8862144420132,Small Cap,True
Aryan Share,20.5,3.38,6.15,-242.86,-33.33,10.36,-14.349713005739883,Micro Cap,True
Aryavan Enterprise,48.98,10.12,34.1,83.61,79.58,14.86,26.67610696585153,Micro Cap,True
Asahi India Glas,898.9,64.82,22915.41,43.17,14.77,11.76,627.8549975553537,Large Cap,True
Asahi Songwon,255.96,16.07,301.71,42.28,-5.7,8.49,179.89879111610907,Micro Cap,True
Asarfi Hospital,228.1,26.28,448.84,6.79,28.29,18.77,213.59677872459966,Micro Cap,True
Ascensive Educa.,19.75,22.99,80.68,-36.68,37.6,24.52,31.19077700568541,Micro Cap,True
Ascom Leasing &,269.0,59.91,315.11,2.79,-3.36,13.21,261.698608814087,Micro Cap,True
Asgard Alcobev,34.1,599.94,1062.33,73.4,78.28,7.36,19.66551326412918,Small Cap,True
Ashapura Logi.,54.7,8.22,74.15,-55.81,11.57,9.63,123.78366146186922,Micro Cap,True
Ashapura Minech.,671.3,15.81,6412.67,28.03,254.55,20.72,524.3302351011481,Mid Cap,True
Ashapuri Gold,4.08,7.33,135.99,68.75,-15.67,15.97,2.417777777777778,Micro Cap,True
Ashiana Agro Ind,12.06,111.0,5.55,0.0,15.79,2.69,12.06,Micro Cap,True
Ashiana Housing,385.05,32.83,3870.71,3.15,48.14,14.45,373.29132331555985,Small Cap,True
Ashiana Ispat,17.32,0.0,13.8,198.55,6125900.0,-9.02,5.8013733043041364,Micro Cap,False
Ashika Credit,385.6,47.16,2842.86,24.89,13.99,13.33,308.7517014973177,Small Cap,True
Ashima,15.2,0.0,291.32,-95.98,755.41,0.23,378.10945273631825,Micro Cap,False
Ashirwad Cap.,2.72,23.54,24.48,28.57,5.56,6.7,2.115579061989578,Micro Cap,True
Ashirwad Steels,23.7,14.67,29.63,-36.11,-2.41,3.25,37.095007043355764,Micro Cap,True
Ashish Polyplast,28.52,74.62,9.7,15.0,10.66,3.53,24.8,Micro Cap,True
Ashnisha Indus.,3.45,365.88,91.47,-90.0,429.81,0.25,34.50000000000001,Micro Cap,True
Ashnoor Textile,39.2,7.36,62.45,-3.29,-37.38,9.94,40.533553924102996,Micro Cap,True
Ashok Leyland,160.68,25.36,94381.09,9.51,17.36,13.82,146.72632636288924,Large Cap,True
Ashoka Buildcon,131.03,4.57,3678.32,-64.65,-27.47,26.52,370.66478076379076,Small Cap,True
Ashoka Metcast,15.23,3.52,38.07,311.11,59.48,9.39,3.704604607039478,Micro Cap,True
Ashoka Refinerie,14.74,0.0,5.01,20.0,0.0,-6.0,12.283333333333333,Micro Cap,False
Ashram Online,6.31,0.0,7.57,-200.0,27.27,0.84,-6.31,Micro Cap,False
Ashtasidhhi Ind,17.99,168.88,13.51,-200.0,260.0,1.65,-17.99,Micro Cap,True
Ashwini Contain.,174.05,17.02,261.08,81.5,20.36,24.08,95.89531680440773,Micro Cap,True
Asi Industries,25.34,10.06,228.25,-37.68,1.78,9.02,40.66110397946085,Micro Cap,True
Asia Capital,63.52,140.29,19.64,-80.0,80.0,3.02,317.6000000000001,Micro Cap,True
Asia Pack,46.1,52.87,12.16,-115.79,-66.67,1.28,-291.95693476884077,Micro Cap,True
Asian Energy,368.3,31.01,1790.34,50.57,56.99,16.51,244.60383874609815,Small Cap,True
Asian Granito,54.36,77.22,1611.64,-739.21,4.61,3.12,-8.504247430421927,Small Cap,True
Asian Hotels (E),149.25,107.09,258.08,21.33,13.46,11.76,123.01162119838456,Micro Cap,True
Asian Hotels (N),296.35,466.21,1263.44,564.07,12.46,3.45,44.626319514509014,Small Cap,True
Asian Hotels (W),596.6,8.52,695.11,2253.96,5.86,19.66,25.344525820319802,Small Cap,True
Asian Paints,2645.2,57.12,253727.0,43.83,10.62,26.34,1839.1156226100256,Large Cap,True
Asian Petroprod.,9.17,18.61,22.52,5300.0,-68.24,11.52,0.1698148148148148,Micro Cap,True
Asian Star Co.,644.15,25.51,1031.08,91.07,-12.68,3.56,337.12775422619984,Small Cap,True
Asian Tea & Exp,8.99,39.33,22.42,68.7,1.17,2.04,5.328986366330764,Micro Cap,True
Asian Warehous.,35.0,53.09,12.21,0.0,-65.25,2.59,35.0,Micro Cap,True
Asit C Mehta Fin,123.4,0.0,101.76,-44.86,-50.12,5.79,223.79397896264055,Micro Cap,False
ASK Automotive,464.8,30.82,9163.19,24.18,35.01,25.49,374.29537767756483,Mid Cap,True
ASM Technologies,3918.75,92.32,5716.15,4.95,18.0,27.56,3733.9209147212955,Mid Cap,True
Aspinwall & Co,243.26,21.13,190.19,165.93,46.06,6.35,91.47520024066483,Micro Cap,True
Aspira Pathlab,131.25,2702.0,135.1,-195.83,12.8,2.84,-136.96128560993424,Micro Cap,True
Aspire & Innovat,14.55,8.62,22.08,-4.05,73.83,6.91,15.164147993746743,Micro Cap,True
Assam Entrade,601.0,43.92,86.53,-154.17,3.5,5.13,-1109.4701864500648,Micro Cap,True
Assoc.Alcohols,860.2,19.52,1727.21,5.28,-1.64,17.98,817.0592705167174,Small Cap,True
Associated Cera.,179.8,17.67,36.76,-176.0,-17.92,9.83,-236.57894736842107,Micro Cap,True
Associated Coat.,97.9,11.51,13.24,-11.59,37.97,20.27,110.73407985522,Micro Cap,True
Asston Pharmaceu,81.0,17.82,68.95,-75.38,10.8,16.8,329.0008123476847,Micro Cap,True
Astal Lab,88.19,26.26,386.26,180.29,471.15,9.13,31.46384102179885,Micro Cap,True
Astec Lifescienc,725.45,0.0,1616.51,51.77,32.7,-5.45,477.9930157475127,Small Cap,False
Aster DM Health.,769.05,97.62,39846.1,41.97,18.2,11.4,541.6989504824962,Large Cap,True
Astonea Labs,262.6,61.07,276.02,0.0,0.0,10.33,262.6,Micro Cap,True
Astra Microwave,1721.7,84.71,16346.68,44.21,19.71,20.25,1193.883919284377,Mid Cap,True
Astral,1486.9,72.46,39945.59,21.24,24.21,19.86,1226.4104256021117,Large Cap,True
Astrazeneca Phar,8391.0,109.59,20977.5,-26.63,20.42,29.27,11436.554450047703,Large Cap,True
Astron,17.16,4.28,14.76,-4.12,75.83,21.61,17.897371714643306,Micro Cap,True
Astron Paper,3.9,0.0,18.14,46.07,-92.05,-6.12,2.669952762374204,Micro Cap,False
Atal Realtech,31.06,58.86,382.03,528.57,37.79,10.66,4.94137486676106,Micro Cap,True
Atam Valves,70.02,33.17,80.26,-59.62,-10.94,8.53,173.40267459138184,Micro Cap,True
ATC Energies,24.6,0.0,50.16,-137.25,-38.06,0.63,-66.04026845637583,Micro Cap,False
Aten Papers,22.82,3.18,23.5,60.5,48.91,24.68,14.218068535825546,Micro Cap,True
Atharv Enter,3.78,33.84,6.43,-16.67,0.0,1.4,4.53618144725789,Micro Cap,True
Atharva Poly-Plast,0.0,19.11,101.1,0.0,0.0,36.04,0.0,Micro Cap,True
Athena Global,61.0,0.0,85.78,45.2,17.65,-4.76,42.011019283746556,Micro Cap,False
Ather Energy,998.75,0.0,38264.21,57.23,73.75,-19.77,635.2159257139224,Large Cap,False
Atishay,205.3,33.26,226.48,-25.0,-20.79,16.98,273.73333333333335,Micro Cap,True
Atlanta Electric,1812.0,68.75,13933.67,129.07,81.69,45.26,791.0245776400226,Mid Cap,True
Atlantaa,39.85,0.0,324.78,131.62,21.21,1.95,17.204904585096276,Micro Cap,False
Atlas Cycles,98.55,0.0,64.1,-361.22,-60.49,-2.05,-37.72682030472399,Micro Cap,False
Atma Industries,169.85,0.0,39.07,0.0,0.0,-1.21,169.85,Micro Cap,False
Atmastco Ltd,169.75,16.83,419.87,42.9,2.2,20.41,118.78936319104268,Micro Cap,True
Atul,6670.5,28.97,19639.12,66.13,15.05,14.87,4015.2290375007524,Mid Cap,True
Atul Auto,467.8,30.03,1298.2,106.85,13.94,11.38,226.1542180323906,Small Cap,True
ATV Projects,28.04,20.8,148.94,-19.84,13.05,2.87,34.98003992015968,Micro Cap,True
Atvo Enterprises,30.34,1545.67,324.59,150.0,62.09,2.48,12.136,Micro Cap,True
AU Small Finance,1033.85,29.32,77432.47,65.15,17.53,7.66,626.0066606115652,Large Cap,True
Aureate Tradde,31.08,7.67,40.36,47.31,-9.98,20.48,21.09836399429774,Micro Cap,True
Auri Grow India,0.31,0.0,45.76,-140.12,-100.0,-0.37,-0.7726819541375872,Micro Cap,False
Aurionpro Sol.,895.1,22.72,4946.47,18.53,5.7,16.29,755.1674681515228,Small Cap,True
Auro Impex,25.75,7.55,31.42,15.98,-16.86,9.75,22.202103811001898,Micro Cap,True
Auro Labs.,253.75,43.45,158.15,174.36,32.84,9.42,92.48797200758129,Micro Cap,True
Aurobindo Pharma,1555.2,25.46,90326.27,1.97,5.62,12.8,1525.154457193292,Large Cap,True
Aurum Proptech,215.1,0.0,1549.66,151.57,82.8,1.84,85.50304090312835,Small Cap,False
Ausom Enter.,114.75,8.02,156.29,-92.48,-5.65,16.38,1525.9308510638311,Micro Cap,True
Austere Sys.,42.15,8.76,44.17,13.89,4.09,26.47,37.00939503029239,Micro Cap,True
Austin Engg Co,129.4,9.3,45.03,34.83,4.13,10.44,95.97270637098569,Micro Cap,True
Australian Prem,293.3,10.46,591.29,8.94,43.96,55.94,269.2307692307693,Small Cap,True
Authum Invest,518.0,22.78,43989.88,-96.61,-78.6,13.67,15280.235988200571,Large Cap,True
Auto.Corp.of Goa,2255.25,18.98,1373.14,26.6,24.8,29.67,1781.398104265403,Small Cap,True
Autofurnish,45.01,16.76,60.83,0.0,0.0,25.17,45.01,Micro Cap,True
Autoline Industr,88.08,20.3,399.67,119.97,48.37,13.06,40.04182388507524,Micro Cap,True
Automotive Axles,1781.7,15.54,2692.15,17.33,18.7,22.12,1518.5374584505241,Small Cap,True
Automotive Stamp,519.05,28.62,823.21,168.83,35.88,25.39,193.07740951530707,Small Cap,True
Autoriders Intl.,334.55,12.88,116.45,-21.81,14.73,17.66,427.86801381250797,Micro Cap,True
Avadh Sugar,445.85,15.21,892.52,-23.23,-1.2,6.58,580.7607138205028,Small Cap,True
Available Fin.,153.55,1.46,156.68,-37.9,14.29,0.02,247.26247987117554,Micro Cap,True
Avalon Tech,1750.3,103.5,11689.85,69.48,40.0,19.54,1032.7472268114232,Mid Cap,True
Avana Electrosystems,122.25,23.62,276.84,0.0,0.0,38.13,122.25,Micro Cap,True
Avance Tech.,0.95,14.22,188.28,862.5,-35.96,2.68,0.09870129870129869,Micro Cap,True
Avantel,171.83,299.98,4565.71,-21.55,29.58,9.63,219.03123008285536,Small Cap,True
Avanti Feeds,962.2,21.36,13109.55,-12.84,6.19,25.93,1103.9467645709042,Mid Cap,True
AVATAR Industries,164.85,464.14,171.73,500.0,0.0,1.36,27.474999999999998,Micro Cap,True
Avax Apparels,52.8,14.78,43.89,142.47,10.23,41.89,21.775889800800098,Micro Cap,True
Aveer Foods,550.4,62.12,246.6,-29.51,31.02,15.14,780.819974464463,Micro Cap,True
Avenue Super.,4294.6,94.3,280113.56,19.18,18.91,17.19,3603.4569558650783,Large Cap,True
AvenuesAI,16.07,19.89,5605.58,71.03,114.52,7.71,9.39601239548617,Mid Cap,True
AVG Logistics,183.96,13.26,344.15,102.28,19.88,13.65,90.94324698437809,Micro Cap,True
Avi Ansh,108.5,116.65,151.65,-15.19,15.11,5.14,127.9330267657116,Micro Cap,True
AVI Polymers,17.59,8.14,165.5,1283.78,0.0,45.53,1.271155819566694,Micro Cap,True
AVI Products,47.54,0.0,15.72,-2950.0,-95.09,-28.62,-1.6680701754385965,Micro Cap,False
Avience Biomedi.,414.95,31.79,227.6,0.0,0.0,34.18,414.95,Micro Cap,True
Avio Smart Market,7.23,37.07,220.21,2188.89,285.97,15.52,0.31587363307105193,Micro Cap,True
Avishkar Infra,590.35,0.0,1322.58,-135.58,-100.0,2.34,-1659.2186621697579,Small Cap,False
Aviva Industries,60.58,104.72,196.88,4750.0,216500.0,6.46,1.2490721649484535,Micro Cap,True
Avonmore Capital,10.55,21.6,297.7,-270.3,7.54,5.87,-6.1949500880798585,Micro Cap,True
AVP Infracon,67.7,4.01,169.11,-6.83,28.93,22.91,72.66287431576689,Micro Cap,True
Avro India,10.59,33.75,142.09,36.51,23.29,6.67,7.757673430517911,Micro Cap,True
AVT Natural Prod,70.09,16.47,1067.47,53.34,44.43,14.22,45.708882222512074,Small Cap,True
AWFIS Space,304.85,30.79,2181.6,110.41,20.74,13.17,144.88379829855998,Small Cap,True
AWL Agri Busine.,182.03,22.33,23658.05,53.5,17.75,18.28,118.58631921824103,Large Cap,True
Axel Polymers,45.1,0.0,49.62,-136.77,-8.44,3.49,-122.6543377753603,Micro Cap,False
Axentra Corp,326.65,618.75,643.5,12800.0,0.0,6.94,2.532170542635659,Small Cap,True
Axis Bank,1377.2,16.24,428364.24,1.71,5.3,6.24,1354.0458165372138,Large Cap,True
Axis Solution,323.05,52.54,1526.74,10.47,18.14,23.07,292.43233457047165,Small Cap,True
AXISCADES Tech.,1691.0,91.04,7191.99,-98.29,1.88,15.3,98888.8888888895,Mid Cap,True
Axita Cotton,7.57,152.46,289.68,-25.81,-56.36,6.32,10.203531473244373,Micro Cap,True
Axtel Industries,437.6,22.69,706.93,134.45,87.64,33.69,186.64960545958627,Small Cap,True
Aye Finance,167.92,21.4,4144.0,111.08,29.16,11.32,79.55277619859767,Small Cap,True
AYM Syntex,214.48,192.03,1259.73,344.83,1.43,5.35,48.21617247038194,Small Cap,True
Azad Engineering,2020.1,98.18,13046.16,42.42,27.27,11.92,1418.4103356270186,Mid Cap,True
Azad India,100.55,230.98,547.43,683.33,-2.99,3.2,12.836224834999296,Small Cap,True
Aztec Fluids,100.0,18.35,136.0,6.71,12.42,16.98,93.711929528629,Micro Cap,True
B & A,340.05,0.0,105.42,-86.05,1.63,3.77,2437.6344086021495,Micro Cap,False
B & A Packaging,171.1,12.02,84.87,-20.9,14.05,11.0,216.30847029077117,Micro Cap,True
B C C Fuba India,176.95,46.07,270.91,103.12,79.17,19.2,87.11599054745962,Micro Cap,True
B H E L,402.7,87.62,140222.69,155.82,36.88,8.51,157.4153701821593,Large Cap,True
B J Duplex Board,23.95,0.0,45.57,-162.5,0.0,-97.14,-38.32,Micro Cap,False
B N Rathi Sec.,16.4,7.25,68.47,592.11,77.42,18.94,2.3695655314906587,Micro Cap,True
B P C L,309.75,5.14,134385.21,26.07,6.72,25.69,245.69683509161578,Large Cap,True
B P Capital,10.88,0.0,6.54,-25.0,0.0,-3.07,14.506666666666668,Micro Cap,False
B-Right Real,939.0,27.6,970.1,2667.61,80.4,21.77,33.92819074941917,Small Cap,True
B. D. Industries,110.5,16.42,157.02,0.0,0.0,23.14,110.5,Micro Cap,True
B.A.G. Converge.,106.0,20.88,224.92,-10.06,-2.38,32.96,117.8563486768957,Micro Cap,True
B.C. Power,1.89,18.07,13.19,-308.82,-88.5,2.61,-0.9050857197586437,Micro Cap,True
B.L.Kashyap,54.59,90.42,1230.68,591.26,23.64,13.03,7.8971732777826,Small Cap,True
B.R.Goyal Infra.,124.05,6.61,295.55,50.55,62.71,21.74,82.39787446031218,Micro Cap,True
B&B Triplewall,214.07,19.18,439.08,710.26,15.64,14.48,26.41991459531509,Micro Cap,True
B2B Soft.Tech.,24.37,14.91,42.35,-42.86,7.49,16.13,42.64963248162408,Micro Cap,True
Baazar Style,279.9,94.8,2088.54,22.03,34.86,7.43,229.36982709169877,Small Cap,True
Baba Arts,14.15,114.29,74.29,-77.27,77.93,3.14,62.25252969643641,Micro Cap,True
Baba Food,25.0,0.0,40.82,-242.71,-14.02,1.31,-17.518043584892435,Micro Cap,False
Bacil Pharma,39.75,36.57,57.05,3000.0,0.0,3.93,1.282258064516129,Micro Cap,True
Bafna Pharma.,194.68,41.49,460.54,-11.29,8.14,11.87,219.45665652124902,Micro Cap,True
BAG Films,4.6,25.55,95.55,-70.28,2.48,5.55,15.477792732166888,Micro Cap,True
Bagmane Prime REIT,102.74,38.97,34931.6,0.0,0.0,33.22,102.74,Large Cap,True
Baheti Recycling,719.25,27.56,745.76,61.87,53.38,21.66,444.33804905170814,Small Cap,True
Bai-Kakaji Poly.,200.0,17.96,428.09,0.0,0.0,21.18,200.0,Micro Cap,True
Baid Finserv,9.78,10.12,151.48,-54.4,13.07,10.93,21.447368421052634,Micro Cap,True
Bajaj Auto,9843.0,25.54,275109.72,101.63,41.01,28.21,4881.714030650201,Large Cap,True
Bajaj Consumer,578.45,39.73,7555.62,105.29,30.41,30.6,281.7721272346437,Mid Cap,True
Bajaj Electrical,322.35,0.0,3719.69,-268.45,-2.05,3.14,-191.3624220837044,Small Cap,False
Bajaj Finance,980.4,31.78,610392.56,21.99,18.1,10.82,803.6724321665711,Large Cap,True
Bajaj Finserv,1764.6,28.43,282433.05,5.05,5.19,10.52,1679.7715373631604,Large Cap,True
Bajaj Healthcare,304.05,21.8,1023.51,19.22,-0.91,11.47,255.03271263210874,Small Cap,True
Bajaj Hindusthan,18.15,30.85,4339.06,85.69,7.41,2.27,9.774355107975657,Small Cap,True
Bajaj Holdings,10599.0,14.42,117956.27,49.23,-58.32,11.0,7102.459291027273,Large Cap,True
Bajaj Housing,87.5,28.36,72907.93,14.06,15.92,8.84,76.71401017008591,Large Cap,True
Bajaj Steel Inds,416.5,23.47,866.32,-87.15,-23.93,11.73,3241.2451361867716,Small Cap,True
Bajel Projects,195.73,91.5,2264.54,193.36,25.75,10.24,66.7200709026452,Small Cap,True
Bal Pharma,83.27,21.11,132.57,-33.89,2.69,9.69,125.9567387687188,Micro Cap,True
Balaji Amines,1989.0,38.59,6444.56,57.79,11.92,11.02,1260.5361556499145,Mid Cap,True
Balaji Phos.,94.25,21.93,224.1,-39.11,33.85,15.19,154.78732139924455,Micro Cap,True
Balaji Telefilms,88.26,0.0,1075.91,-114.98,-28.12,-9.54,-589.1855807743661,Small Cap,False
Balaxi Pharma,23.12,89.89,127.64,-92.94,-7.29,3.11,327.4787535410765,Micro Cap,True
Balgopal Commer.,186.7,0.0,434.04,-153.65,0.0,-16.95,-347.99627213420314,Micro Cap,False
Balkrishna Inds,2233.6,34.74,43179.33,-18.75,6.56,12.38,2749.0461538461536,Large Cap,True
Balkrishna Paper,18.45,0.0,59.45,-55.07,-46.71,0.0,41.06387714222123,Micro Cap,False
Balmer Law. Inv.,71.64,8.91,1590.21,12.17,22.15,16.91,63.86734420968174,Small Cap,True
Balmer Lawrie,179.27,11.08,3065.59,12.47,22.32,14.6,159.3936160753979,Small Cap,True
Balrampur Chini,534.2,29.82,11285.89,-30.36,6.67,9.28,767.0878805284319,Mid Cap,True
Balu Forge,453.95,21.29,5510.59,4.87,-2.26,22.72,432.86926671116623,Mid Cap,True
Balurghat Tech,12.2,40.36,22.2,668.33,21.46,7.23,1.5878593833378887,Micro Cap,True
Bambino Agro Ind,204.75,16.4,164.0,-60.58,6.79,12.31,519.4063926940639,Micro Cap,True
BAMPSL Sec.,18.9,160.82,64.33,-509.68,25.91,1.54,-4.61335676625659,Micro Cap,True
Banaras Beads,102.74,38.52,68.18,-16.67,-9.58,5.71,123.2929317172687,Micro Cap,True
Banas Finance,7.03,5.56,62.97,-19.98,407.56,7.86,8.78530367408148,Micro Cap,True
Banco Products,658.85,20.23,9424.01,-5.69,25.62,30.91,698.6003605132012,Mid Cap,True
Bandaram Pharma,30.33,121.13,54.51,-40.0,209.31,4.42,50.55,Micro Cap,True
Bandhan Bank,201.76,26.57,32505.11,68.02,-0.1,6.41,120.08094274491133,Large Cap,True
Bang Overseas,31.92,5.61,43.28,147.4,20.35,7.15,12.902182700080841,Micro Cap,True
Bank of Baroda,279.15,7.28,144358.58,7.03,5.16,5.63,260.8147248435018,Large Cap,True
Bank of India,144.72,6.22,65886.21,18.67,5.92,5.93,121.95163057217493,Large Cap,True
Bank of Maha,88.71,9.73,68231.78,36.11,15.22,6.03,65.17522592021159,Large Cap,True
Banka Bioloo,90.09,158.91,98.4,215.82,19.07,4.98,28.52574251155722,Micro Cap,True
Bannari Amm Spg.,28.08,14.96,224.42,-54.9,-2.13,7.39,62.26164079822615,Micro Cap,True
Bannari Amm.Sug.,3377.9,28.64,4235.79,18.26,-42.84,9.32,2856.333502452224,Small Cap,True
Bansal Roofing,123.15,15.4,162.35,87.63,53.87,34.35,65.63449341789692,Micro Cap,True
Bansal Wire Inds,314.9,30.2,4929.95,24.52,20.86,13.79,252.89110183103114,Small Cap,True
Bansisons Tea,10.78,0.0,6.82,-10580.0,0.0,-162.24,-0.10286259541984732,Micro Cap,False
Banswara Syntex,133.15,12.17,455.8,178.02,7.52,8.99,47.89223796849148,Micro Cap,True
Barak Valley,41.28,315.45,91.48,22.88,2.92,4.48,33.59375,Micro Cap,True
Barflex Polyfilm,57.4,29.72,142.06,-79.16,34.14,7.34,275.4318618042226,Micro Cap,True
Baroda Extrusion,8.68,23.02,168.72,71.11,21.98,55.94,5.072760212728654,Micro Cap,True
Baroda Rayon,129.75,14.64,297.27,-69.35,-75.84,3.69,423.32789559543215,Micro Cap,True
Basant Agro Tech,12.15,15.71,110.11,92.17,22.89,7.03,6.3225269292813655,Micro Cap,True
BASF India,3652.4,37.92,15809.65,93.19,8.28,14.68,1890.5740462756874,Mid Cap,True
Basilic Fly Stud,204.35,10.11,516.29,-29.81,-15.12,22.32,291.13833879470013,Small Cap,True
Bata India,715.1,55.45,9191.0,-58.62,5.0,12.18,1728.1295311744802,Mid Cap,True
Batliboi,84.83,43.55,400.58,-7.89,5.54,6.81,92.09640647052437,Micro Cap,True
Baweja Studios L,29.9,9.06,55.1,-13.28,-22.93,7.94,34.47878228782288,Micro Cap,True
Bayer Crop Sci.,4186.3,27.3,18814.11,13.12,5.2,29.14,3700.7602545968884,Mid Cap,True
Bazel Internatio,19.01,25.92,18.66,-142.86,-57.38,2.36,-44.35370975268315,Micro Cap,True
BCL Enterprises,0.74,0.0,8.63,-59400.0,-65.15,-12.0,-0.0012478920741989881,Micro Cap,False
BCL Industries,34.15,8.77,1007.98,-8.55,-19.45,13.87,37.34281027884089,Small Cap,True
BCPL Railway,72.18,18.74,120.71,-53.33,-25.47,9.3,154.6603814013285,Micro Cap,True
BDH Industries,448.75,23.91,258.48,15.66,62.91,20.5,387.9906622860107,Micro Cap,True
Beacon Trust.,93.9,24.3,169.63,113.56,18.51,19.75,43.968908035212586,Micro Cap,True
Beardsell,31.1,10.73,122.65,134.22,-4.83,16.72,13.278114593117582,Micro Cap,True
Bedmutha Indus.,108.33,53.77,349.51,606.76,54.63,13.99,15.327692568905993,Micro Cap,True
Beekay Steel Ind,401.2,20.79,765.17,-465.38,2.46,5.48,-109.803492254639,Small Cap,True
Beezaasan Exp.,381.4,43.55,577.89,-0.2,-2.15,12.21,382.1643286573146,Small Cap,True
Belding India,1461.4,0.0,2115.94,0.0,0.0,0.53,1461.4,Small Cap,False
Bella Casa Fashi,244.96,16.29,327.94,5.3,27.07,15.22,232.630579297246,Micro Cap,True
Belrise Industri,245.66,45.33,21860.77,22.69,17.11,13.85,200.22821745863556,Large Cap,True
Bemco Hydraulics,97.63,28.71,426.98,2.65,-3.63,23.76,95.10959571358987,Micro Cap,True
BEML Land Assets,182.11,75839.0,758.39,219.05,0.0,-192.83,57.078827769942016,Small Cap,True
BEML Ltd,1748.7,103.03,14564.75,-37.47,8.57,7.71,2796.577642731489,Mid Cap,True
Benara Bearings,10.45,0.0,18.5,-74.56,-75.89,-35.6,41.077044025157235,Micro Cap,False
Benares Hotels,10433.1,31.27,1356.3,-4.36,-1.06,29.83,10908.720200752823,Small Cap,True
Benchmark Comp.,38.4,7.78,26.36,179.1,52.88,14.5,13.758509494804729,Micro Cap,True
Bengal & Assam,6365.5,8.74,7259.15,-9.15,20.94,3.96,7006.604292790314,Mid Cap,True
Bengal Tea & Fab,140.0,28.08,126.08,-95.54,-3.69,4.76,3139.0134529148,Micro Cap,True
Berger Paints,538.65,53.83,62806.74,17.33,6.07,22.2,459.08974686780874,Large Cap,True
Bervin Invest.,43.99,0.0,25.95,72.22,0.0,-50.22,25.542910231099757,Micro Cap,False
Beryl Drugs,23.5,28.38,11.92,273.33,4.79,7.18,6.294699059813034,Micro Cap,True
Beryl Securities,23.77,36.03,11.53,206.67,175.44,9.3,7.75100270649232,Micro Cap,True
Best Agrolife,15.58,62.3,552.58,-70.12,-43.25,5.16,52.141900937081665,Small Cap,True
Best Eastern Hot,11.73,0.0,19.77,-1700.0,-19.55,-6.19,-0.733125,Micro Cap,False
Beta Drugs Ltd,2096.6,51.24,2125.3,-15.18,0.21,19.16,2471.822683329403,Small Cap,True
Betex India,468.5,12.46,70.28,197.33,20.2,18.56,157.56903104294892,Micro Cap,True
BEW Engg,65.7,22.72,85.89,-139.8,18.23,4.43,-165.07537688442207,Micro Cap,True
BF Investment,457.6,6.11,1723.32,3530.63,41.44,4.86,12.6038731570003,Small Cap,True
BF Utilities,622.45,930.22,2344.15,-6985.71,-29.54,3.88,-9.039735916848082,Small Cap,True
BFL Asset Finves,5.99,0.0,6.11,-185.32,-103.07,-22.79,-7.02062822315987,Micro Cap,False
BGIL Films & Tec,8.93,101.2,10.12,191.67,170.37,1.28,3.0616792950937706,Micro Cap,True
BGR Energy Sys.,315.0,0.0,2273.09,-132.48,-61.47,-26.94,-969.8275862068966,Small Cap,False
Bhadora Indust.,93.0,17.4,172.98,-5.78,21.25,23.65,98.70515814052217,Micro Cap,True
Bhagawati Gas,8.44,1.78,14.13,-4.19,42.87,0.03,8.80910134641478,Micro Cap,True
Bhagawati Oxygen,34.12,2.41,7.88,2228.57,0.0,49.03,1.4652769725625596,Micro Cap,True
Bhageria Indust.,219.13,20.75,956.37,-24.94,48.15,10.09,291.9397815081268,Small Cap,True
Bhagiradha Chem.,281.91,201.18,3655.5,562.5,28.93,4.53,42.552452830188685,Small Cap,True
Bhagwati Auto,513.5,11.37,147.89,13.87,16.49,31.59,450.9528409589883,Micro Cap,True
Bhagyanagar Ind,392.15,25.01,1254.68,303.71,61.83,20.71,97.13655842064848,Small Cap,True
Bhandari Hosiery,3.01,12.9,100.22,-28.68,0.92,7.74,4.220415030846887,Micro Cap,True
Bhansali Engg.,99.01,13.68,2463.95,30.63,-0.97,23.75,75.79422797213505,Small Cap,True
Bharat Agri Fert,29.06,0.0,153.6,-71.19,-12.18,1.5,100.86775425199582,Micro Cap,False
Bharat Bhushan,24.3,182.56,16.43,-126.32,-50.0,0.76,-92.32522796352588,Micro Cap,True
Bharat Bijlee,2820.8,26.55,3188.38,-21.88,23.9,8.14,3610.855094726063,Small Cap,True
Bharat Coking,40.47,146.92,18846.88,-58.98,-15.08,4.18,98.65919063871281,Mid Cap,True
Bharat Dynamics,1368.4,119.33,50160.41,-58.51,-72.98,13.84,3298.1441311159315,Large Cap,True
Bharat Electron,407.2,49.1,297654.19,4.62,11.75,36.53,389.21812272987955,Large Cap,True
Bharat Forge,2145.3,86.94,102564.35,2.05,17.53,13.09,2102.2048015678592,Large Cap,True
Bharat Gears,131.22,12.21,201.49,196.49,20.26,18.16,44.25781645249418,Micro Cap,True
Bharat Global,94.45,0.0,956.4,-165.33,-100.0,-0.04,-144.57370273993567,Small Cap,False
Bharat Immunolog,17.65,0.0,76.21,-59.74,-100.0,-9.27,43.840039741679085,Micro Cap,False
Bharat Parenter.,1350.05,0.0,930.45,-1.48,-4.19,-1.82,1370.3308972797402,Small Cap,False
Bharat Rasayan,1368.5,14.48,2274.59,51.97,0.49,17.53,900.5066789497928,Small Cap,True
Bharat Road,18.75,0.0,157.41,-1227.16,3.47,-6.48,-1.6634727988927924,Micro Cap,False
Bharat Seats,186.61,27.1,1171.91,16.33,46.16,20.16,160.41433851972837,Small Cap,True
Bharat Wire,202.4,19.16,1388.15,-20.1,-17.66,12.32,253.3166458072591,Small Cap,True
Bharatiya Glob.,3.3,1.84,5.23,165.48,32.0,-1.03,1.2430314901310833,Micro Cap,True
BharatRohan Air.,134.75,25.33,268.46,-4.37,273.59,21.28,140.90766495869497,Micro Cap,True
Bharti Airtel,1850.7,39.27,1127683.22,-16.49,15.68,18.5,2216.1417794276135,Large Cap,True
Bharti Hexacom,1477.0,41.99,73850.0,-1.09,5.45,21.82,1493.2767162066525,Large Cap,True
Bhartiya Intl.,805.25,80.35,1079.87,-158.85,29.68,8.05,-1368.3092608326253,Small Cap,True
Bhaskar Agrochem,133.5,14.02,69.55,-210.81,28.1,19.64,-120.47649129139971,Micro Cap,True
Bhatia Colour,51.57,17.4,72.92,-38.69,26.07,8.01,84.1135214483771,Micro Cap,True
Bhatia Communic.,24.89,20.89,350.08,55.29,63.91,21.28,16.028076502028465,Micro Cap,True
Bhavik Enterpris,155.0,23.27,315.55,1181.4,22.18,14.27,12.096144841579523,Micro Cap,True
Bhilwara Spinner,125.0,25.96,113.17,2121.21,348.25,5.85,5.627563355108252,Micro Cap,True
Bhilwara Tech,50.8,0.0,296.54,-594.71,413.91,-6.24,-10.268642234844654,Micro Cap,False
Bhudevi Infra,204.2,780.92,93.71,381.82,388.14,1.12,42.38097214727491,Micro Cap,True
BIGBLOC Const.,49.74,0.0,704.2,-12.87,34.59,1.81,57.08711121312981,Small Cap,False
Bihar Sponge,12.35,9.84,111.4,-62.8,-82.82,39.01,33.19892473118279,Micro Cap,True
Bijoy Hans,67.11,0.0,322.27,-200.0,0.0,-3.75,-67.11,Micro Cap,False
Bikaji Foods,640.6,61.44,16062.17,26.14,17.99,19.74,507.84842238782306,Mid Cap,True
Bikewo Green,34.3,9.94,44.74,3170.0,159.42,10.97,1.0489296636085625,Micro Cap,True
BIL Vyapar,4.28,0.0,13.42,452.5,0.0,0.0,0.7746606334841629,Micro Cap,False
Bilcare,56.99,24.31,134.18,301.31,-3.28,5.56,14.200991752012161,Micro Cap,True
Billionbrains,199.79,60.17,125340.19,122.06,87.93,37.32,89.97117896064125,Large Cap,True
Billwin Indust.,23.99,21.34,10.03,-50.0,-4.52,5.37,47.98,Micro Cap,True
Bimetal Bearings,629.35,20.57,241.04,43.94,47.06,6.69,437.23079060719743,Micro Cap,True
Binayaka Tex Pr,1634.0,29.75,116.01,-121.47,7.52,8.1,-7610.619469026553,Micro Cap,True
Binny Mills,351.5,0.0,90.8,-280.9,138.01,0.0,-194.30624654505255,Micro Cap,False
Bio Medica Lab,144.1,18.51,181.21,0.0,0.0,64.16,144.1,Micro Cap,True
Biocon,416.15,173.19,67454.08,-62.05,2.25,3.75,1096.5744400527008,Large Cap,True
Biofil Chemicals,36.07,21.04,58.69,5.0,-9.34,15.79,34.352380952380955,Micro Cap,True
Biogen Pharma,0.33,40.41,34.75,-130.51,-57.04,1.01,-1.081612586037365,Micro Cap,True
Biopol Chemicals,93.75,11.29,101.3,101.33,46.2,34.12,46.56534048576963,Micro Cap,True
Birla Cable,207.74,36.94,623.22,645.52,37.04,8.95,27.865114282648356,Small Cap,True
Birla Corpn.,1003.9,13.75,7731.03,-3.59,0.75,9.78,1041.282024686236,Mid Cap,True
Birla Precision,38.66,22.75,264.39,-21.89,21.73,9.56,49.49430290615798,Micro Cap,True
BirlaNu Ltd,1377.2,0.0,1038.53,-63.54,8.74,-3.97,3777.290181020296,Small Cap,False
Birlasoft Ltd,300.7,15.43,8404.75,44.08,2.41,21.58,208.70349805663523,Mid Cap,True
BITS,7.97,133.07,89.16,155.56,43.33,3.67,3.118641414931914,Micro Cap,True
Bizotic Commer.,701.85,37.41,676.72,146.45,199.54,26.91,284.7839318320146,Small Cap,True
BKV Industries,9.89,0.0,15.28,0.0,0.0,-1.83,9.89,Micro Cap,False
Black Box,957.9,61.96,17012.23,1.93,9.48,22.2,939.7625821642303,Mid Cap,True
Black Rose Indus,125.93,28.56,642.24,57.26,25.52,18.86,80.07757853236679,Small Cap,True
Blackbuck,562.8,62.57,10250.76,-77.06,52.23,12.83,2453.3565823888407,Mid Cap,True
BLB,14.65,2.32,77.45,243.71,21.56,40.25,4.262314160193186,Micro Cap,True
Bliss GVS Pharma,491.95,39.94,5217.44,128.9,29.8,16.77,214.91917868064655,Mid Cap,True
Bloom Dekor,9.5,0.0,6.51,36.11,35.29,-19.65,6.9796488134597015,Micro Cap,False
Bloom Industries,34.98,20.2,23.23,775.0,-100.0,11.25,3.9977142857142853,Micro Cap,True
BLS E-Services,225.26,35.59,2046.63,11.67,35.18,17.0,201.71935166114443,Small Cap,True
BLS Internat.,259.3,15.55,10676.44,31.57,17.58,29.34,197.0814015353044,Mid Cap,True
BLT Logi.,30.99,3.87,14.86,-22.14,11.49,22.82,39.80220909324429,Micro Cap,True
Blu.Coast Hotel.,29.64,0.0,58.33,95.35,0.0,0.0,15.172766828768877,Micro Cap,False
Blue Chip India,2.37,0.0,13.11,400.0,0.0,0.0,0.47400000000000003,Micro Cap,False
Blue Cloud Soft.,21.03,32.09,1941.24,-7.13,51.14,14.16,22.644556907505116,Small Cap,True
Blue Dart Expres,4982.3,42.15,11823.0,-11.26,8.2,16.64,5614.4917737209835,Mid Cap,True
Blue Jet Health,527.6,36.93,9152.04,-41.56,-31.07,26.5,902.8062970568104,Mid Cap,True
Blue Pearl Agri,8.65,506.03,521.21,161.76,6.18,2.23,3.3045537897310515,Small Cap,True
Blue Pebble,78.0,64.94,31.82,0.0,0.0,2.38,78.0,Micro Cap,True
Blue Star,1637.2,60.46,33663.25,10.41,1.32,21.17,1482.8366995743138,Large Cap,True
Blue Water,345.0,15.05,379.5,111.75,157.72,31.4,162.9279811097993,Micro Cap,True
Bluechip Tex Ind,125.95,130.58,24.81,1600.0,-6.14,1.39,7.408823529411765,Micro Cap,True
Bluegod Enterta.,1.77,20.12,116.11,2108.7,4515.38,0.0,0.08013763752433559,Micro Cap,True
Bluestone Jewel,533.15,547.53,8125.3,162.67,47.73,7.07,202.97331252141473,Mid Cap,True
Bluspring Enter.,107.94,0.0,1613.07,136.51,7.9,5.14,45.63866221301425,Small Cap,False
BMW Industries,56.83,15.77,1279.17,88.2,33.32,12.35,30.196599362380443,Small Cap,True
BMW Ventures,57.87,13.39,501.82,-1.0,24.58,11.95,58.45454545454545,Small Cap,True
BN Agrochem,276.1,78.54,2699.51,-84.68,22.02,4.38,1802.2193211488266,Small Cap,True
BNR Udyog,31.75,0.0,9.53,-32.43,228.57,-8.95,46.98830842089685,Micro Cap,False
Bodal Chemicals,66.29,17.45,834.88,121.1,30.42,6.68,29.98190863862506,Small Cap,True
Bodhi Tree,6.13,17.46,111.38,-15.77,-13.06,16.54,7.277692033717202,Micro Cap,True
Bodhtree Consul.,20.68,31.62,45.22,113.25,1186.15,9.23,9.697538100820632,Micro Cap,True
Bohra Industries,14.75,0.0,31.23,47.98,0.0,-4.93,9.967563184214082,Micro Cap,False
Bombay Cycle,1575.1,25.82,63.0,172.31,55.16,9.46,578.4216517939113,Micro Cap,True
Bombay Dyeing,131.37,97.18,2713.25,81.58,10.26,1.99,72.34827624187686,Small Cap,True
Bombay Metrics,36.8,29.24,45.32,-77.66,-13.25,10.53,164.72694717994625,Micro Cap,True
Bombay Oxygen,19497.95,0.0,292.47,-155.37,-150.0,-0.81,-35213.92450785624,Micro Cap,False
Bombay Super Hyb,91.4,35.98,959.13,4.5,44.7,15.97,87.4641148325359,Small Cap,True
Bombay Talkies,3.5,0.0,18.9,0.0,-50.0,-3.68,3.5,Micro Cap,False
Bombay Wire,46.06,0.0,24.59,93.48,0.0,-0.9,23.806078147612155,Micro Cap,False
Bondada Engineer,333.0,18.28,3718.66,11.39,27.93,38.66,298.9496364126043,Small Cap,True
Bonlon Industrie,43.13,23.24,70.66,130.23,-31.11,5.76,18.73344047257091,Micro Cap,True
Borana Weaves,304.45,12.55,811.22,57.89,27.99,32.74,192.82411805687502,Small Cap,True
Borosil,237.31,36.55,2837.93,-4.94,5.16,11.52,249.64233115926783,Small Cap,True
Borosil Renew.,615.7,26.38,8637.24,941.49,17.77,25.31,59.117226281577366,Mid Cap,True
Borosil Scienti.,154.84,34.2,1377.26,213.84,10.57,12.08,49.33724190670406,Small Cap,True
Bosch,40440.0,50.75,119282.23,2.98,13.34,21.54,39269.76111866382,Large Cap,True
Bosch Home Comfort,1370.4,286.18,3726.12,-30.75,3.52,4.64,1978.9169675090254,Small Cap,True
Boss Packaging,35.3,9.46,15.7,-12.9,1.62,15.72,40.528128587830075,Micro Cap,True
BPL,56.6,0.0,277.2,-123.05,4.7,-1.78,-245.55314533622567,Micro Cap,False
Brace Port,54.0,16.63,61.03,-19.94,-8.58,12.08,67.44941294029478,Micro Cap,True
Brady & Morris,775.75,31.34,174.54,107.58,-34.58,14.38,373.7113402061855,Micro Cap,True
Brahmaputra Inf.,167.85,8.18,487.07,-33.42,-8.9,18.22,252.10273355361971,Micro Cap,True
Brainbees Solut.,222.96,0.0,11640.48,66.92,12.04,0.57,133.57296908698777,Mid Cap,False
Brand Concepts,167.14,151.17,208.62,-50.64,25.03,7.19,338.6142625607779,Micro Cap,True
Brandman Retail,170.0,12.4,313.77,37.9,137.69,36.81,123.27773749093546,Micro Cap,True
Brawn Biotech,22.69,7.24,6.81,218.37,-12.39,0.0,7.126927788422276,Micro Cap,True
Bridge Securitie,14.4,36.12,55.98,181.25,0.0,43.6,5.12,Micro Cap,True
Brigade Enterpr.,525.2,26.34,17130.05,-41.82,-0.19,10.51,902.7157098659334,Mid Cap,True
Brigade Hotel,63.54,41.28,2413.52,102.47,1.7,12.84,31.382427026226104,Small Cap,True
Bright Brothers,225.1,21.6,127.86,15.22,7.15,11.74,195.36538795348028,Micro Cap,True
Bright Outdoor,374.85,34.01,818.04,40.68,30.19,18.68,266.4557861814046,Small Cap,True
Brightcom Group,9.82,2.06,1981.6,72.22,61.69,14.87,5.702009058181396,Small Cap,True
Brijlaxmi Leas.,9.21,9.02,5.95,-99.15,-82.05,6.42,1083.529411764712,Micro Cap,True
Brisk Technovisi,99.2,19.45,19.84,321.43,-16.91,17.97,23.53890325795506,Micro Cap,True
Britannia Inds.,5237.0,49.79,126142.73,21.14,6.47,56.02,4323.097242859501,Large Cap,True
Broach Lifecare,15.98,107.78,9.7,-355.56,147.45,2.52,-6.252934731569885,Micro Cap,True
Brookfield India,322.75,55.66,26784.41,-50.2,54.71,5.66,648.0923694779117,Large Cap,True
Brooks Lab.,73.55,8.81,216.66,204.11,-13.34,21.46,24.18532767748512,Micro Cap,True
BSE,3872.1,63.46,157710.28,61.47,84.67,58.03,2398.030593918375,Large Cap,True
BSEL ALGO,4.45,0.0,38.54,-556.05,-531.28,-7.48,-0.9757702006358954,Micro Cap,False
BSL,127.38,55.08,131.1,-453.57,-4.95,6.01,-36.026812229544355,Micro Cap,True
Bulkcorp Inter.,44.0,8.86,33.06,-9.39,-5.34,17.17,48.5597616157157,Micro Cap,True
Butterfly Gan Ap,656.85,25.11,1174.45,26.69,16.56,18.02,518.4702817901965,Small Cap,True
BYLD Capital Finance,17.97,0.0,26.96,-1500.0,0.0,-39.27,-1.2835714285714286,Micro Cap,False
C C C L,18.49,0.0,826.06,167.72,129.54,-1.85,6.906469445689526,Small Cap,False
C D S L,1317.0,60.35,27525.3,-20.03,17.11,31.97,1646.8675753407529,Large Cap,True
C J Gelatine,20.93,47.95,10.07,240.0,-0.18,6.53,6.155882352941177,Micro Cap,True
C K K Retail,144.55,25.92,279.96,-91.83,-21.72,17.11,1769.277845777234,Micro Cap,True
C P C L,1102.2,5.29,16413.01,202.57,-2.5,35.11,364.27934031794297,Mid Cap,True
C P S Shapers,1032.55,1809.38,235.22,232.31,8.99,4.37,310.718907044627,Micro Cap,True
C.E. Info System,840.65,34.31,4603.49,4.53,1.04,22.0,804.2188845307568,Small Cap,True
C2C Advanced,395.05,15.67,670.34,143.17,52.94,26.17,162.4583624624748,Small Cap,True
Calcom Vision,80.0,70.81,111.88,-107.55,12.91,6.61,-1059.602649006624,Micro Cap,True
California Soft.,23.87,5.3,56.36,2966.67,605.03,42.02,0.7783687191644356,Micro Cap,True
Callista Indus.,186.0,0.0,56.67,191.8,0.0,0.0,63.74228923920493,Micro Cap,False
Cambridge Tech.,31.18,127.52,61.21,161.64,-21.08,6.06,11.917138052285585,Micro Cap,True
Camex,42.77,14.22,43.66,986.67,11.13,10.7,3.9358774973082906,Micro Cap,True
Camlin Fine,136.37,213.32,2619.62,-60.5,-1.57,4.05,345.24050632911394,Small Cap,True
Campus Activewe.,237.85,48.44,7269.97,26.01,12.3,21.25,188.75486072533926,Mid Cap,True
Cams Services,798.3,44.74,19814.18,10.88,10.96,47.0,719.9675324675325,Mid Cap,True
Can Fin Homes,886.2,10.87,11800.16,47.77,7.52,9.17,599.7157745144482,Mid Cap,True
Canara Bank,128.95,6.52,116966.05,-9.78,1.09,6.52,142.9283972511638,Large Cap,True
Canara HSBC,134.83,101.17,12808.85,8.23,-50.63,8.35,124.57728910653239,Mid Cap,True
Canara Robeco,247.61,24.23,4937.77,-0.89,2.81,40.11,249.8335183129856,Small Cap,True
Canarys Automa.,20.9,8.86,122.78,89.46,88.23,22.55,11.0313522643302,Micro Cap,True
Candour Techtex,83.56,0.0,203.98,-325.0,-85.7,6.53,-37.13777777777778,Micro Cap,False
Cantabil Retail,238.68,20.85,1996.27,29.85,15.33,19.07,183.8120908740855,Small Cap,True
Capacit'e Infra.,263.91,11.66,2232.79,-11.04,6.03,15.64,296.6614208633094,Small Cap,True
Capfin India,121.2,0.0,55.12,18.18,0.0,-9.32,102.55542392959892,Micro Cap,False
Capillary Tech.,507.55,136.13,4033.6,54.34,25.82,3.62,328.85188544771285,Small Cap,True
Capital India,25.67,0.0,1003.84,72.88,-10.18,0.86,14.848449791763073,Small Cap,False
Capital Infra,74.51,12.71,2674.77,622.78,77.88,7.25,10.308807659315423,Small Cap,True
Capital Small,280.1,9.01,1273.48,17.06,18.01,7.07,239.27900222108326,Small Cap,True
Capital Trade Lk,17.24,118.07,221.98,-418.05,97.33,6.96,-5.420531362993239,Micro Cap,True
Capital Trust,12.89,0.0,43.85,-977.78,-54.11,-16.96,-1.46847729499419,Micro Cap,False
CapitalNumbers,96.0,9.2,234.5,-11.64,5.73,19.63,108.64644635581712,Micro Cap,True
Caplin Point Lab,2506.4,29.71,19051.57,19.32,19.45,24.63,2100.569896077774,Mid Cap,True
Capri Global,217.44,22.04,20921.08,59.12,44.67,11.67,136.65158371040724,Large Cap,True
Capricorn System,13.42,208.56,37.54,0.0,7060.87,1.31,13.42,Micro Cap,True
Caprihans India,78.29,0.0,137.94,155.62,-2.46,2.16,30.627493936311716,Micro Cap,False
Caprolactam Chem,45.62,11.93,20.99,286.67,90.68,19.69,11.798174153671088,Micro Cap,True
Captain Pipes,9.96,21.92,153.03,-56.11,-14.62,14.85,22.693096377306908,Micro Cap,True
Captain Polyplas,72.85,15.78,438.4,90.62,80.33,17.81,38.21739586612107,Micro Cap,True
Captain Techno.,220.0,43.96,510.84,10.62,31.57,29.73,198.87904538058217,Small Cap,True
Carborundum Uni.,1143.3,85.05,21779.12,-17.82,14.89,10.47,1391.2144073983939,Large Cap,True
CARE Ratings,1653.1,29.02,4967.43,23.98,19.17,26.3,1333.360219390224,Small Cap,True
Career Point Edu,216.89,17.62,394.59,48.66,-4.97,46.71,145.89667698103054,Micro Cap,True
Cargosol Logist.,20.5,0.0,20.91,-155.56,5.39,7.35,-36.8970482361411,Micro Cap,False
Cargotrans Marit,99.9,11.06,59.16,40.61,34.2,19.52,71.04757840836356,Micro Cap,True
Carnation Inds.,89.14,0.0,30.82,255.1,0.0,11.27,25.102787947057166,Micro Cap,False
Carraro India,560.65,23.68,3187.38,77.5,36.84,28.67,315.85915492957747,Small Cap,True
Cartrade Tech,2694.4,56.75,12939.33,54.5,19.84,11.84,1743.948220064725,Mid Cap,True
Carysil,1179.1,33.86,3353.67,45.86,14.47,17.77,808.3778966131906,Small Cap,True
Cash UR Drive,183.75,11.03,324.24,94.54,43.71,40.31,94.45358281073301,Micro Cap,True
Caspian Corporat,36.64,69.24,46.39,140.59,45.36,4.23,15.229228147470801,Micro Cap,True
Castora Agri Commodities,15.97,0.0,7.85,350.0,-84.72,0.67,3.548888888888889,Micro Cap,False
Castrol India,185.37,18.81,18335.36,3.74,8.67,60.27,178.68710237131287,Mid Cap,True
Catvision Ltd,19.7,71.6,10.74,113.33,12.32,1.1,9.234519289363895,Micro Cap,True
CCL Internationa,24.1,48.68,46.25,-51.8,-6.08,4.3,50.00000000000001,Micro Cap,True
CCL Products,1163.2,40.02,15531.97,12.43,46.49,15.82,1034.5993062349905,Mid Cap,True
CCME Global,125.0,0.0,565.63,-2400.0,0.0,-2.92,-5.434782608695652,Small Cap,False
CDG Petchem,246.55,51.63,227.7,1239.29,894.67,28.84,18.409007757841845,Micro Cap,True
CEAT,3490.0,18.86,14117.08,98.61,23.34,18.74,1757.2126277629525,Mid Cap,True
Cedaar Textile,20.75,0.0,28.8,-1180.46,-36.92,-50.96,-1.9204783147918478,Micro Cap,False
Ceejay Finance,182.3,8.15,62.89,32.7,-9.35,11.4,137.37754333082142,Micro Cap,True
Ceenik Exports,178.0,0.0,71.56,-44.25,0.0,-18.75,319.2825112107623,Micro Cap,False
Ceeta Industries,37.64,92.51,54.58,420.0,-21.51,3.62,7.2384615384615385,Micro Cap,True
Ceigall India,382.2,21.35,6658.11,70.86,37.06,17.26,223.69191150649652,Mid Cap,True
Ceinsys Tech,913.0,14.23,1911.61,69.96,19.89,27.46,537.1852200517769,Small Cap,True
Celebrity Fash.,7.89,0.0,50.93,24.65,-15.57,-12.31,6.329723225030084,Micro Cap,False
Cell Point,15.0,467.17,28.03,-120.0,11.57,5.47,-75.00000000000001,Micro Cap,True
Cella Space,22.42,9.65,45.18,157.25,4325.0,14.8,8.715257531584063,Micro Cap,True
Cellecor Gadgets,36.15,20.14,797.75,23.34,8.35,22.64,29.309226528295767,Small Cap,True
Cello World,378.45,24.8,8359.39,2.19,11.0,17.41,370.33956355807805,Mid Cap,True
Cemantic Infra,4.59,0.0,11.51,-42.86,0.0,-6.65,8.032901645082253,Micro Cap,False
Cemindia Project,1213.4,35.42,20844.71,113.63,17.42,32.76,567.9913869774845,Large Cap,True
Cenlub Industrie,204.6,12.03,95.4,27.65,11.65,13.57,160.28202115158638,Micro Cap,True
Centenial Surgic,73.2,0.0,26.71,-95.76,-5.48,2.52,1726.415094339623,Micro Cap,False
Central Bank,32.2,6.53,29145.51,-32.49,12.07,5.62,47.696637535179974,Large Cap,True
Central Mine Pla,248.82,28.97,17765.75,-32.19,11.69,38.07,366.9370299365875,Mid Cap,True
Centrum Capital,21.83,0.0,1062.75,-573.32,-7.75,7.45,-4.612101749345052,Small Cap,False
Centum Electron,3562.3,52.21,5257.6,16.05,27.46,25.58,3069.6251615682895,Mid Cap,True
Centuple Global,39.88,14.44,21.81,-700.0,111664.0,15.0,-6.646666666666667,Micro Cap,True
Century Enka,517.9,10.97,1131.61,458.03,8.9,9.01,92.80863036037489,Small Cap,True
Century Extrus.,19.73,13.7,157.84,27.34,18.72,19.21,15.49395319616774,Micro Cap,True
Century Plyboard,754.55,62.49,16764.06,48.92,24.52,11.45,506.6814396991673,Mid Cap,True
Cera Sanitary.,6330.5,38.86,8164.79,-20.02,11.39,19.33,7915.103775943985,Mid Cap,True
Cerebra Integr.,3.65,0.0,44.23,-596.87,-54.76,-40.77,-0.734598587155594,Micro Cap,False
CESC,168.03,14.44,22273.56,17.69,5.65,10.63,142.77338771348457,Large Cap,True
CFF Fluid,831.55,44.49,1744.1,104.8,59.64,23.47,406.03027343749994,Small Cap,True
CG Power & Ind,942.1,120.67,148378.8,33.67,25.03,27.01,704.7953916361188,Large Cap,True
CG-VAK Software,171.4,7.8,86.56,-35.66,-3.26,20.05,266.39726453217287,Micro Cap,True
Chalet Hotels,818.95,27.77,17934.52,31.64,6.94,17.07,622.1133394105135,Mid Cap,True
Challani Capital,20.34,40.68,30.51,-82.11,-49.11,9.5,113.69480156512014,Micro Cap,True
Chaman Metallics,100.0,0.0,241.35,-78.12,326.41,5.37,457.0383912248629,Micro Cap,False
Chamanlal Setia,285.35,12.36,1418.92,55.89,16.5,18.32,183.04573737892105,Small Cap,True
Chambal Brewer,22.95,0.0,17.19,-50.0,0.0,-18.54,45.9,Micro Cap,False
Chambal Fert.,469.05,9.62,18792.6,29.84,13.73,25.51,361.2523105360444,Mid Cap,True
Chamunda Ele.,43.25,13.52,47.59,-55.48,2.93,15.17,97.14734950584007,Micro Cap,True
Chandan Healthca,244.65,20.46,598.22,23.59,20.64,23.27,197.95290881139252,Small Cap,True
Chandni Machines,78.14,32.54,55.0,4525.0,-100.0,21.4,1.6895135135135135,Micro Cap,True
Chandra Bhagat,43.89,10.86,33.12,1429.41,316.19,12.14,2.8697340804624005,Micro Cap,True
Chandra Pr. Intl,12.38,70.08,34.34,5000.0,-45.32,4.49,0.2427450980392157,Micro Cap,True
Chandrima Mercan,6.15,34.21,204.9,-122.22,-54.68,4.73,-27.677767776777685,Micro Cap,True
Chart.Logistics,6.31,0.0,80.23,-275.26,-2.21,2.19,-3.6003651717448366,Micro Cap,False
Charter. Capital,263.95,29.32,79.45,-347.1,-223.31,2.35,-106.81910157830836,Micro Cap,True
Chatha Foods,85.5,30.86,206.78,23.67,-1.94,9.5,69.13560281394032,Micro Cap,True
Chatterbox Tech,55.0,8.46,77.79,-11.76,50.0,25.98,62.33000906618314,Micro Cap,True
Chavda Infra Ltd,89.0,17.1,290.64,-31.72,49.76,13.47,130.34563561804333,Micro Cap,True
CHD Chemicals,5.5,0.0,5.56,-128.57,6.25,-0.36,-19.25096254812742,Micro Cap,False
Chembond Chemic.,225.6,17.36,606.79,33.14,29.96,24.04,169.44569625957638,Small Cap,True
Chembond Materi.,184.0,17.83,247.45,-7.44,37.43,10.43,198.78997407087294,Micro Cap,True
Chemcon Special.,189.1,29.35,692.69,61.27,37.4,6.42,117.25677435356855,Small Cap,True
Chemcrux Enterp.,89.27,35.44,132.2,780.95,54.45,7.4,10.133378738861456,Micro Cap,True
Chemfab Alka.,365.0,0.0,524.64,142.11,-19.0,1.55,150.75791995374004,Small Cap,False
Chemiesynth(Vapi,66.84,0.0,20.52,215.79,-17.66,-0.23,21.16596472339213,Micro Cap,False
Chemkart India,142.0,8.74,171.81,6.85,23.79,27.66,132.89658399625642,Micro Cap,True
Chemplast Sanmar,203.56,0.0,3218.48,292.99,9.09,0.34,51.797755668083155,Small Cap,False
Chemtech Indust.,72.5,26.63,133.67,-66.29,-18.53,7.77,215.06971225155743,Micro Cap,True
Chennai Ferrous,92.0,9.81,33.16,942.11,-89.79,3.67,8.82824269990692,Micro Cap,True
Chennai Meena,39.6,0.0,29.58,-106.45,6.98,-3.07,-613.953488372093,Micro Cap,False
Chetana Educa.,46.05,6.79,93.94,27.91,14.29,18.84,36.00187631928699,Micro Cap,True
Cheviot Company,1120.2,12.66,654.41,-197.21,5.1,10.2,-1152.3505812159242,Small Cap,True
Chiraharit,9.11,237.71,49.92,-39.83,31.15,3.86,15.140435432940002,Micro Cap,True
CHL,28.6,373.29,156.78,832.23,-0.6,6.37,3.0679124250453214,Micro Cap,True
Choice Intl.,723.85,74.09,16125.68,16.7,21.23,17.96,620.2656383890317,Mid Cap,True
Choksi Asia,163.5,17.49,93.21,5.63,-2.39,18.49,154.7855722806021,Micro Cap,True
Choksi Laborator,119.3,55.4,83.1,11.96,12.46,9.64,106.55591282600929,Micro Cap,True
Chola Financial,1653.4,12.72,31047.13,11.99,16.3,9.75,1476.38181980534,Large Cap,True
Cholaman.Inv.&Fn,1799.2,29.32,153397.39,30.62,19.46,9.7,1377.4307150512939,Large Cap,True
Chordia Food,69.8,36.05,28.12,107.69,96.25,6.72,33.607780827194375,Micro Cap,True
Chothani Foods,9.84,92.64,10.19,-112.5,-7.98,2.23,-78.72,Micro Cap,True
Chowgule Steam,23.61,0.0,85.73,-495.45,-15.53,2.52,-5.970413453028196,Micro Cap,False
Chrome Silicon,40.57,0.0,66.51,96.58,-100.0,-17.41,20.63790823074575,Micro Cap,False
CIAN Agro,1761.0,22.13,4928.32,664.71,33.91,12.27,230.2833753972094,Small Cap,True
CIE Automotive,471.3,20.67,17879.35,20.42,14.93,14.74,391.38016940707524,Mid Cap,True
Cil Securities,36.5,10.93,18.25,-74.42,-14.78,7.02,142.68960125097732,Micro Cap,True
Cindrella Hotels,52.06,98.63,18.74,-66.67,7.46,3.65,156.19561956195625,Micro Cap,True
Cineline India,78.13,22.35,267.72,-75.24,13.12,10.86,315.54927302100157,Micro Cap,True
Cinevista,16.22,15.27,93.16,103.17,-36.36,14.45,7.9834621253137765,Micro Cap,True
Cipla,1440.1,30.56,116337.8,-54.61,-2.8,15.49,3172.725269883234,Large Cap,True
Citadel Realty,34.49,20.56,31.04,46.15,10.34,11.07,23.59904208005474,Micro Cap,True
Citichem India,16.5,11.22,11.22,-71.17,-91.12,7.18,57.232049947970864,Micro Cap,True
CitiPort Fin.,40.8,40.81,12.65,0.0,155.56,16.41,40.8,Micro Cap,True
Citius Transnet,106.88,0.0,6519.68,0.0,0.0,-0.1,106.88,Mid Cap,False
Citizen Infoline,241.65,15.13,339.36,0.0,21854.0,42.55,241.65,Micro Cap,True
Citurgia Biochem,118.7,0.0,1567.97,-116.67,0.0,0.0,-712.0575884823032,Small Cap,False
City Crops Agro,25.51,0.0,41.62,53.6,-52.03,-13.2,16.608072916666668,Micro Cap,False
City Pulse Multi,1920.95,1568.25,2869.89,377.78,1255.0,2.59,402.0574322910127,Small Cap,True
City Union Bank,198.85,14.86,19701.8,24.86,21.07,6.74,159.25836937369854,Mid Cap,True
Cityman,14.75,0.0,17.26,-12.5,0.0,-4.47,16.857142857142858,Micro Cap,False
CL Educate,49.0,0.0,265.7,-61.88,20.71,5.3,128.5414480587618,Micro Cap,False
Clara Industries,34.8,49.63,89.34,-0.84,23.27,4.73,35.09479628882614,Micro Cap,True
Classic Electrod,44.7,6.33,80.3,12.93,20.51,19.34,39.582041972903575,Micro Cap,True
Classic Filament,53.3,0.0,32.58,-200.0,0.0,-2.53,-53.3,Micro Cap,False
Classic Leasing,52.25,14.0,15.68,475.0,104.0,10.83,9.08695652173913,Micro Cap,True
Clay Craft India,210.5,20.05,433.0,0.0,0.0,18.72,210.5,Micro Cap,True
CLC Industries,44.49,0.0,46.25,99.51,-20.18,-4.6,22.299634103553707,Micro Cap,False
Clean Max Enviro,1352.1,168.31,15843.37,151.79,25.13,6.24,536.9951149767663,Mid Cap,True
Clean Science,779.05,36.05,8279.94,-21.35,-5.47,20.64,990.5276541640178,Mid Cap,True
Clear Secured,97.0,7.72,233.26,0.0,0.0,19.86,97.0,Micro Cap,True
Clenon Enterpri,43.86,0.0,47.98,31.03,0.0,-16.35,33.4732504006716,Micro Cap,False
Clinitech Lab,42.78,23.24,9.76,-29.41,5.53,7.27,60.603484912877185,Micro Cap,True
CLIO Infotech,7.92,13.21,8.72,3900.0,700.0,2.87,0.198,Micro Cap,True
CLN Energy,447.6,22.99,472.36,44.63,34.37,22.38,309.47936112839665,Micro Cap,True
CMR Green Tech.,246.7,37.61,5404.1,0.0,0.0,12.41,246.7,Mid Cap,True
CMS Info Systems,291.1,15.46,4792.6,-20.37,2.24,17.65,365.5657415546905,Small Cap,True
CMX Holdings,24.57,0.0,27.87,-83.33,0.0,-50.75,147.39052189562082,Micro Cap,False
Coal India,435.4,8.63,268325.19,12.86,22.91,35.34,385.7877015771752,Large Cap,True
Coastal Corporat,50.11,12.59,335.62,1061.17,106.69,9.63,4.3154749089280635,Micro Cap,True
Coastal Roadways,24.57,6.54,10.2,-20.0,-1.78,8.49,30.7125,Micro Cap,True
Cochin Malabar,139.95,0.0,24.77,-108.67,0.0,-11.64,-1614.1868512110725,Micro Cap,False
Cochin Minerals,248.6,12.32,194.65,12.86,13.43,13.63,220.27290448343078,Micro Cap,True
Cochin Shipyard,1458.4,53.53,38367.7,-3.73,-15.55,15.95,1514.90599355978,Large Cap,True
Coffee Day Enter,33.29,0.0,703.26,92.03,4.66,1.27,17.335832942769358,Small Cap,False
Coforge,1492.9,39.09,64194.69,151.04,30.05,23.5,594.6861057998726,Large Cap,True
Cohance Life,458.05,88.8,17523.49,-86.64,-26.33,8.35,3428.517964071858,Mid Cap,True
Colab Platforms,147.6,637.93,3011.04,-12.63,148.9,24.27,168.93670596314524,Small Cap,True
Colgate-Palmoliv,1993.0,40.34,54206.74,3.01,9.08,108.0,1934.763615182992,Large Cap,True
Colinz Labs,75.55,18.67,9.52,13.33,20.69,7.2,66.66372540368835,Micro Cap,True
Colorchips New,12.29,0.0,20.91,17.5,50.0,-8.7,10.459574468085105,Micro Cap,False
Comfort Comtrade,14.52,0.0,14.55,-19.96,-28.0,-27.07,18.140929535232384,Micro Cap,False
Comfort Fincap,7.0,9.16,68.64,38.96,3.36,10.19,5.0374208405296494,Micro Cap,True
Comfort Intech,5.94,0.0,190.04,2.04,2.15,2.68,5.82124656997256,Micro Cap,False
Commerl. Synbags,162.13,24.26,654.02,-1.66,3.26,15.01,164.86678869229203,Small Cap,True
Committed Cargo,325.0,32.15,376.17,34.11,20.27,16.48,242.338378942659,Micro Cap,True
Competent Auto,372.25,9.18,228.93,24.47,9.49,8.58,299.0680485257492,Micro Cap,True
Compuage Info.,1.26,0.0,10.81,-1417.55,-69.83,-11.29,-0.09563204432469356,Micro Cap,False
Compucom Soft.,13.31,148.34,105.32,-434.12,-17.48,1.85,-3.9835987070513594,Micro Cap,True
Computer Point,3.76,1128.0,11.28,550.0,0.0,0.03,0.5784615384615385,Micro Cap,True
Comrade Applian.,22.75,0.0,17.7,-206.41,-62.32,-23.19,-21.379569589324316,Micro Cap,False
Conart Engineers,94.3,15.88,59.22,-11.2,-28.66,14.98,106.19369369369369,Micro Cap,True
Concord Biotech,1286.1,50.63,13454.69,-36.58,-24.19,18.51,2027.909176915799,Mid Cap,True
Concord Control,2802.45,68.63,2909.9,73.02,72.57,30.64,1619.7260432319963,Small Cap,True
Concord Drugs,76.33,96.69,100.56,5100.0,346.61,5.24,1.4678846153846155,Micro Cap,True
Concord Enviro,355.35,32.26,735.44,-78.51,-0.46,6.63,1653.5597952536066,Small Cap,True
Confidence Fut.,35.5,14.08,88.82,-2.36,-17.89,3.28,36.358049979516586,Micro Cap,True
Confidence Petro,71.87,25.71,2387.82,37.5,31.45,9.23,52.26909090909091,Small Cap,True
Connplex Cinemas,204.75,15.0,391.07,38.91,51.97,43.57,147.39759556547403,Micro Cap,True
Cons. Finvest,225.11,13.47,728.55,-39.95,-29.3,5.65,374.87094088259784,Small Cap,True
Consecutive Commodities,0.97,23.01,62.14,60.0,7.82,17.44,0.60625,Micro Cap,True
Constronics,43.36,19.27,54.33,-83.33,-61.2,7.9,260.107978404319,Micro Cap,True
Cont. Chemicals,63.5,28.0,14.28,-40.0,16.67,11.84,105.83333333333334,Micro Cap,True
Cont. Petroleums,86.13,24.06,81.57,85.29,-22.56,9.51,46.4838901181931,Micro Cap,True
Cont. Securities,13.2,18.36,40.2,78.12,46.58,13.6,7.410734336402425,Micro Cap,True
Containe Tech.,22.06,15.13,15.43,78.05,35.8,8.23,12.389778152204437,Micro Cap,True
Container Corpn.,469.8,28.81,35780.81,-12.39,-1.07,12.41,536.2401552334209,Large Cap,True
Containerway Int,18.86,0.0,21.83,33.33,-71.96,-19.91,14.145353633840847,Micro Cap,False
Contil India,22.33,15.09,34.55,2.27,0.7,23.97,21.83436002737851,Micro Cap,True
Continental Seed,11.75,16.06,16.38,41.38,-13.28,5.05,8.310935068609421,Micro Cap,True
Control Print,640.05,24.87,1023.71,-83.21,14.58,16.45,3812.0905300774257,Small Cap,True
Cool Caps,25.4,35.7,298.77,-53.49,85.27,11.26,54.611911416899595,Micro Cap,True
Coral India Fin.,31.65,8.62,127.56,14.47,0.0,8.06,27.649165720276052,Micro Cap,True
Coral Labs.,626.05,13.83,223.5,54.73,-5.87,10.99,404.60802688554253,Micro Cap,True
Coral Newsprints,10.2,0.0,5.15,168.0,0.0,0.0,3.8059701492537314,Micro Cap,False
Cords Cable,208.39,13.05,269.4,84.41,14.43,17.73,113.00363320861123,Micro Cap,True
Coromandel Engg.,57.83,1186.65,201.73,-70.61,110.91,10.4,196.76760802994212,Micro Cap,True
Coromandel Inter,2000.4,29.41,59015.09,-42.51,20.35,22.75,3479.5616628978955,Large Cap,True
Corona Remedies,1893.3,58.02,11579.44,43.75,20.23,33.29,1317.0782608695652,Mid Cap,True
Corporate Merch,57.36,149.05,363.69,-84.36,0.0,2.68,366.75191815856783,Micro Cap,True
COSCO (India),204.35,85.03,85.03,174.81,14.55,4.89,74.36046723190567,Micro Cap,True
Cosmic CRF,1087.35,19.8,1001.04,127.6,77.46,13.6,477.74604569420035,Small Cap,True
Cosmo Ferrites,189.5,0.0,227.97,116.77,39.58,4.55,87.41984591963833,Micro Cap,False
Cosmo First,803.55,13.05,2109.3,53.17,36.85,11.25,524.6131749037017,Small Cap,True
Cospower Engine.,1770.0,24.97,325.06,568.32,261.36,38.25,264.84318889154895,Micro Cap,True
COSYN,20.93,142.73,15.7,-57.14,-64.64,2.27,48.833411105926274,Micro Cap,True
Country Club Hos,12.68,26.17,207.27,-4.19,42.87,2.51,13.23452666736249,Micro Cap,True
Country Condo,4.79,63.0,37.17,100.0,40.46,3.42,2.395,Micro Cap,True
Covance Softsol,166.85,10.75,369.5,428.12,76.48,31.41,31.5931985154889,Micro Cap,True
CP Capital,106.37,4.54,193.52,6.28,15.37,9.83,100.08468197214904,Micro Cap,True
Craftsman Auto,9252.0,63.3,24198.08,56.46,27.28,13.91,5913.33248114534,Large Cap,True
Crane Infra,12.45,19.61,9.02,-47.83,0.0,2.08,23.864289821736627,Micro Cap,True
Cranes Software,3.69,0.0,70.83,0.0,-17.1,0.0,3.69,Micro Cap,False
Cranex,94.07,25.64,61.8,22.92,18.69,10.36,76.52945004881222,Micro Cap,True
Cravatex,386.7,14.67,99.77,11.11,-34.72,7.91,348.03348033480336,Micro Cap,True
Crayons Advertis,27.5,17.87,67.18,-94.03,26.88,5.55,460.636515912898,Micro Cap,True
Crazy Snacks,0.0,15.88,100.54,0.0,0.0,16.2,0.0,Micro Cap,True
Creative Casting,543.95,16.18,70.71,-2.86,7.53,14.33,559.964998970558,Micro Cap,True
Creative Eye,6.31,0.0,12.66,-147.83,-65.0,-4.54,-13.192556972611326,Micro Cap,False
Creative Graphic,144.95,18.76,352.03,-43.46,23.23,17.98,256.3671736823488,Micro Cap,True
Creative Newtech,731.6,15.63,1098.62,29.57,83.17,18.75,564.63687582002,Small Cap,True
Credent Global,29.8,7.32,183.15,-99.7,0.99,21.64,9933.333333333325,Micro Cap,True
CreditAcc. Gram.,1462.3,30.14,23434.75,619.23,13.55,9.98,203.31465595150368,Large Cap,True
Credo Brands,87.46,11.83,571.94,10.12,5.93,13.8,79.4224482382855,Small Cap,True
Crescentis Capital,119.75,0.0,203.74,-94.44,-99.46,-4.87,2153.776978417267,Micro Cap,False
Cressanda Railwa,2.45,0.0,101.65,-387.91,-94.18,0.29,-0.8509603695599319,Micro Cap,False
Crest Ventures,392.75,23.86,1117.36,8.02,-32.76,5.67,363.59007591186815,Small Cap,True
Crestchem,130.7,14.47,39.21,80.33,41.49,43.41,72.47823434813951,Micro Cap,True
Crimson Metal,48.28,152.71,21.38,0.0,-34.49,7.92,48.28,Micro Cap,True
CRISIL,4089.9,35.63,29909.45,45.93,30.06,32.55,2802.6451038168984,Large Cap,True
Crizac,201.39,16.08,3523.97,50.26,15.02,52.34,134.0276853454013,Small Cap,True
Croissance Ltd,1.39,190.6,9.53,-100.0,0.0,0.84,inf,Micro Cap,True
Crompton Gr. Con,275.3,50.61,17726.98,-31.74,10.9,18.98,403.31087020216813,Mid Cap,True
Crop Life Scienc,43.0,10.6,73.7,22.96,-7.81,11.56,34.97072218607677,Micro Cap,True
Cropster Agro,5.4,32.92,453.6,-54.49,-68.25,12.45,11.865524060646013,Micro Cap,True
Crown Lifters,110.68,14.46,128.28,-30.41,4.31,13.41,159.04583991952867,Micro Cap,True
Cryogenic OGS,279.35,43.08,398.91,35.05,1.39,26.9,206.84931506849315,Micro Cap,True
Crystal Business,2.08,173.83,20.86,351.18,-28.79,2.59,0.4610133427900173,Micro Cap,True
CSB Bank,324.6,8.89,5631.35,5.85,22.43,7.05,306.66036844591406,Mid Cap,True
CSL Finance,225.97,5.97,514.82,2.9,21.71,14.42,219.60155490767738,Small Cap,True
CSM Technologies,0.0,36.08,583.12,0.0,0.0,23.84,0.0,Small Cap,True
Cube Highways,152.0,139.03,20429.86,318.54,37.37,6.44,36.31672002675969,Large Cap,True
Cubex Tubings,84.34,16.21,120.77,-40.43,6.14,11.45,141.58133288568072,Micro Cap,True
Cubical Finan,3.72,142.59,24.24,216.67,-20.59,2.11,1.1747244765844571,Micro Cap,True
Cummins India,5642.0,64.51,156396.24,18.0,21.89,39.5,4781.35593220339,Large Cap,True
Cupid,182.61,226.81,24554.85,213.94,116.07,33.46,58.167165700452315,Large Cap,True
Cupid Breweries,32.24,0.0,294.49,0.0,0.0,0.0,32.24,Micro Cap,False
Cura Tech.,80.76,0.0,79.95,-492.0,0.0,-7.74,-20.602040816326532,Micro Cap,False
Curis Lifescien.,102.0,11.9,82.46,-31.66,-4.77,21.25,149.2537313432836,Micro Cap,True
Current Infra.,114.1,15.55,218.48,84.73,153.61,26.98,61.765820386510036,Micro Cap,True
CWD,316.3,63.72,708.57,56.12,293.56,17.98,202.6005636689726,Small Cap,True
Cybele Industrie,48.62,1.48,52.0,4504.76,-11.34,45.26,1.055863932105039,Micro Cap,True
Cyber Media Ind,16.74,7.89,34.58,369.39,30.37,62.36,3.566330769722406,Micro Cap,True
Cyber Media Res.,68.25,5.4,19.98,109.52,38.37,21.77,32.57445589919816,Micro Cap,True
Cybertech Sys.,151.12,15.46,470.45,-26.35,1.37,17.29,205.18669382213173,Micro Cap,True
Cyient,886.25,20.81,9849.94,-59.6,0.93,12.28,2193.688118811881,Mid Cap,True
Cyient DLM,465.0,50.26,3691.33,-27.71,-13.78,9.9,643.2424955042192,Small Cap,True
D & H India,260.0,31.76,266.11,14.85,22.13,14.39,226.38223770134957,Micro Cap,True
D B Corp,199.55,10.71,3557.07,18.84,5.25,18.23,167.9148434870414,Small Cap,True
D P Wires,213.03,18.78,330.21,132.43,-6.21,9.15,91.65340102396421,Micro Cap,True
D-Link India,516.05,17.61,1832.23,0.66,20.0,28.27,512.6664017484602,Small Cap,True
D.K. Enterprises,70.85,9.33,53.19,-7.92,13.55,19.21,76.94396177237184,Micro Cap,True
D.P. Abhushan,953.25,10.27,2176.07,101.19,86.09,39.57,473.8058551617874,Small Cap,True
Dabur India,423.9,39.44,75197.84,15.14,7.35,20.44,368.16050026055234,Large Cap,True
Dachepalli Pub.,86.39,8.51,129.38,122.41,94.04,23.84,38.842677937143115,Micro Cap,True
Dai-ichi Karkari,314.62,0.0,234.39,-98.55,-41.12,-1.01,21697.931034482655,Micro Cap,False
Daikaffil Chem,56.64,0.0,33.98,-154.29,-50.75,-27.84,-104.32860563639714,Micro Cap,False
Dalal Street Inv,394.0,0.0,12.61,131.71,0.0,0.48,170.04013637736827,Micro Cap,False
Dalmia Bharat,324.95,11.38,2630.12,-46.94,-2.44,8.25,612.4199019977384,Small Cap,True
Dalmia BharatLtd,1720.4,29.85,32268.85,-9.13,3.76,7.59,1893.2540992626832,Large Cap,True
Dalmia Industria,10.5,354.33,21.26,-100.0,-44.51,3.08,inf,Micro Cap,True
Dam Capital Advi,150.0,14.62,1060.29,-96.93,-20.05,35.64,4885.993485342027,Small Cap,True
Damodar Indust.,31.36,13.61,73.07,-71.34,30.95,7.49,109.4207955338451,Micro Cap,True
Dangee Dums,3.25,0.0,50.04,-523.53,8.29,2.05,-0.7673600453332704,Micro Cap,False
Danish Power,1030.45,28.98,2029.12,9.23,18.61,23.75,943.3763618053648,Small Cap,True
Danlaw Tech.,1008.7,21.37,491.3,46.32,28.44,27.22,689.3794423182067,Micro Cap,True
Danube Industrie,8.38,56.07,76.25,-56.67,-10.02,7.44,19.339949226863606,Micro Cap,True
Dar Credit & Cap,36.0,5.07,51.39,60.73,41.78,13.39,22.397809991911902,Micro Cap,True
Darjeeling Industriies,37.5,17.34,29.48,116.67,0.0,22.21,17.30742603959939,Micro Cap,True
Darshan Orna,2.31,39.84,23.11,-18.18,944.58,3.58,2.8232705939868,Micro Cap,True
Data Pattern,4506.6,92.21,25229.74,21.3,-12.96,23.28,3715.2514427040396,Large Cap,True
Datamatics Glob.,799.8,19.76,4727.33,31.1,4.45,20.81,610.0686498855836,Small Cap,True
Datiware Mari.,28.63,0.0,14.32,-30.0,0.0,0.96,40.9,Micro Cap,False
Daulat Securitie,30.98,0.0,15.49,-52.06,-65.12,-9.59,64.6224447225699,Micro Cap,False
Davangere Sugar,3.59,60.33,513.37,0.52,47.29,5.56,3.571428571428571,Small Cap,True
Davin Sons Reta,28.0,24.05,18.52,-78.49,-43.09,6.14,130.17201301720127,Micro Cap,True
DB Intl.Stock,31.0,34.89,108.5,-82.84,-21.85,7.28,180.6526806526807,Micro Cap,True
DC Infotech,269.05,20.7,441.24,55.65,38.62,22.98,172.85576614198524,Micro Cap,True
DCB Bank,186.15,8.2,5995.47,16.14,9.49,7.4,160.28069571207163,Mid Cap,True
DCG Cables,56.5,11.84,102.55,-15.41,33.36,13.45,66.79276510225795,Micro Cap,True
DCM,98.34,63.56,183.68,-260.64,13.47,14.59,-61.21762948207172,Micro Cap,True
DCM Financial,5.5,0.0,12.17,83.95,0.0,-4.92,2.9899429192715408,Micro Cap,False
DCM Nouvelle,150.3,74.66,280.73,-19.2,-6.5,4.27,186.0148514851485,Micro Cap,True
DCM Shriram,1045.6,18.69,16305.33,92.98,11.0,11.8,541.8178049538811,Mid Cap,True
DCM Shriram Fine Chemicals,23.91,0.0,208.0,-186.65,-17.69,0.74,-27.593768032313903,Micro Cap,False
DCM Shriram Inds,37.93,11.93,495.29,-19.32,11.29,11.03,47.012890431333666,Micro Cap,True
DCM Shriram Intl,71.6,59.49,622.86,-87.99,-3.22,3.57,596.1698584512901,Small Cap,True
DCW,48.19,29.53,1422.35,60.57,13.23,9.69,30.011832845487945,Small Cap,True
DCX Systems,191.3,0.0,2130.82,-101.45,-62.31,0.87,-13193.103448275902,Small Cap,False
DDev Plastiks,272.43,13.97,2819.01,5.39,3.92,31.0,258.49701110162255,Small Cap,True
De Neers Tools,194.95,6.83,172.46,135.87,40.46,25.76,82.65146055030314,Micro Cap,True
DE Nora India,929.4,54.47,493.51,-119.16,9.14,9.62,-4850.730688935282,Micro Cap,True
Debock Industrie,0.93,0.0,15.13,5.0,-100.0,-0.77,0.8857142857142857,Micro Cap,False
Dec.Gold Mines,194.38,0.0,3862.36,-47.27,1885.11,-13.09,368.632656931538,Small Cap,False
Deccan Cements,590.75,46.31,827.49,-202.01,79.86,3.31,-579.1098911871386,Small Cap,True
Deccan Healthcar,13.38,13.3,33.11,175.0,1.11,3.28,4.865454545454546,Micro Cap,True
Deccan Polypacks,34.0,0.0,7.19,-100.0,0.0,-400.0,inf,Micro Cap,False
Deccan Transcon,21.35,5.95,48.51,194.62,-3.25,8.31,7.246622768311724,Micro Cap,True
Decillion Financ,35.55,0.0,12.44,-155.0,-3.85,0.08,-64.63636363636363,Micro Cap,False
Decipher Labs,7.3,0.0,7.37,91.24,2.86,-16.67,3.8171930558460576,Micro Cap,False
Deco-Mica,53.51,32.57,22.47,-95.4,-8.96,6.99,1163.260869565219,Micro Cap,True
DEE Development,667.3,58.56,4621.94,-16.38,26.26,10.92,798.0148289882802,Small Cap,True
Deem Roll-Tech,54.0,20.75,45.02,158.82,-2.09,5.47,20.863920871648254,Micro Cap,True
Deep Health AI,2.15,4.68,30.99,207.32,-44.44,20.22,0.6995965117792529,Micro Cap,True
Deep Industries,474.8,8.21,3038.72,417.4,48.72,16.48,91.76652493235409,Small Cap,True
Deep Polymers,38.57,14.0,93.26,576.92,15.43,8.75,5.697866808485493,Micro Cap,True
Deepak Builders,8.35,9.81,388.95,29.55,5.32,13.55,6.445387881126977,Micro Cap,True
Deepak Chemtex,77.01,10.14,83.66,-41.35,-9.56,19.45,131.30434782608697,Micro Cap,True
Deepak Fertilis.,1566.4,26.82,19773.89,-49.72,12.9,11.58,3115.354017501989,Mid Cap,True
Deepak Nitrite,1622.4,39.52,22128.41,8.56,-2.72,11.49,1494.473102431835,Large Cap,True
Deepak Spinners,127.9,25.26,91.95,480.0,-0.61,2.9,22.051724137931036,Micro Cap,True
Defrail Technologies,69.1,12.1,48.54,37.02,25.28,27.58,50.430594073857826,Micro Cap,True
Delaplex,100.2,7.11,91.28,-3.1,0.38,20.14,103.40557275541796,Micro Cap,True
Delhivery,464.8,194.99,34806.46,-2.29,30.04,2.82,475.69337836454815,Large Cap,True
Delphi World,8.27,65.43,202.84,-172.47,445.11,8.95,-11.411618600800333,Micro Cap,True
Delta Auto.,34.5,8.04,52.75,-47.28,-28.28,11.81,65.44006069802731,Micro Cap,True
Delta Corp,64.45,19.3,1725.78,-28.81,-11.72,5.02,90.53237814299762,Small Cap,True
Delta Industrial,11.54,0.0,6.22,-16.67,0.0,-0.42,13.848553942157686,Micro Cap,False
Delta Manufact.,60.82,0.0,66.0,17.54,18.6,-0.45,51.74408711927855,Micro Cap,False
Delton Cables,416.8,24.75,360.12,-73.14,58.39,14.81,1551.7498138495907,Micro Cap,True
Den Networks,31.24,8.99,1490.85,-38.24,-3.04,5.58,50.582901554404145,Small Cap,True
Denis Chem Lab,72.29,11.93,100.31,-43.66,12.98,14.01,128.31025914093007,Micro Cap,True
Denta Water,324.75,14.24,867.08,-33.6,2.14,18.84,489.08132530120486,Small Cap,True
Desco Infra.,215.55,10.1,165.46,75.73,108.01,30.15,122.65976213509362,Micro Cap,True
Desh Rakshak,34.3,34.91,19.55,-16.67,-21.41,6.53,41.16164646585863,Micro Cap,True
Desi Farms India,640.95,302.14,63.45,100.0,-33.33,-157.45,320.475,Micro Cap,True
Dev Accele.,35.72,38.85,338.03,317.31,-9.39,12.04,8.559584002300449,Micro Cap,True
Dev Information,26.27,129.89,148.07,645.08,4.5,3.46,3.5257958876899123,Micro Cap,True
Dev Labtech,21.5,10.66,102.02,1039.51,258.48,20.95,1.8867758949021949,Micro Cap,True
Devine Impex,8.0,254.33,7.63,0.0,-19.35,0.29,8.0,Micro Cap,True
Devyani Intl.,112.84,0.0,13912.49,7.8,18.5,4.66,104.67532467532467,Mid Cap,False
Dhabriya Poly.,385.3,13.84,417.06,54.93,9.88,25.64,248.69295811011423,Micro Cap,True
Dhampur Bio,112.05,29.54,743.87,3.28,16.25,4.88,108.49147947327653,Small Cap,True
Dhampur Sugar,136.75,13.51,879.39,-6.88,-20.75,6.43,146.85352233676974,Small Cap,True
Dhampur.Spl.Sug.,119.85,18.49,104.64,148.28,33.77,19.67,48.27211213146447,Micro Cap,True
Dhanalaxmi Roto,78.3,8.89,61.08,-83.74,76.94,15.64,481.5498154981547,Micro Cap,True
Dhanashree Elect,161.95,62.28,229.81,-19.05,15.86,10.0,200.06176652254476,Micro Cap,True
Dhanlaxmi Bank,32.0,12.29,1263.04,50.07,26.36,5.81,21.323382421536614,Small Cap,True
Dhanlaxmi Cotex,114.2,695.38,55.63,89.47,189.66,0.11,60.273394204887325,Micro Cap,True
Dhanlaxmi Crop,29.7,0.0,48.49,-1215.22,-0.11,0.93,-2.6631516651423035,Micro Cap,False
Dhanlaxmi Fabric,50.38,0.0,43.23,-26.92,66.0,-5.65,68.93814997263273,Micro Cap,False
Dhansa Labs,21.0,9.14,52.39,78.63,32.7,7.99,11.756143984772994,Micro Cap,True
Dhansafal Fin,2.41,74.99,54.74,163.16,97.83,4.03,0.9157926736586108,Micro Cap,True
Dhanuka Agritech,1062.6,16.49,4736.89,29.5,9.35,23.97,820.5405405405405,Small Cap,True
Dhanuka Infra Realty,11.75,10.48,11.21,-66.79,-35.99,8.86,35.380909364649206,Micro Cap,True
Dhanvantri Jeev.,25.35,25.98,10.39,900.0,24.19,3.88,2.535,Micro Cap,True
Dhanwel Hybrid,0.0,14.73,90.12,0.0,0.0,38.22,0.0,Micro Cap,True
Dhara Rail Pro.,159.8,15.61,241.04,180.27,5.27,35.5,57.01644842473329,Micro Cap,True
Dharan Infra-EPC,0.16,0.0,83.66,-874.42,-43.55,-3.61,-0.020660623434312134,Micro Cap,False
Dharani Finance,14.73,13.38,7.36,-31.58,-13.16,8.21,21.5287927506577,Micro Cap,True
Dhariwalcorp,36.8,40.28,345.97,0.0,0.0,0.0,36.8,Micro Cap,True
Dharmaj Crop,265.05,16.38,895.8,263.52,11.36,16.45,72.91208186619718,Small Cap,True
Dharni Capital,65.1,28.4,132.61,17.5,41.67,22.39,55.40425531914893,Micro Cap,True
Dhatre Udyog,4.59,0.0,50.01,-76.47,-100.0,-3.87,19.50701232469188,Micro Cap,False
Dhenu Buildcon,11.02,0.0,6539.04,-6733.33,-9500.0,0.04,-0.16613073674911394,Mid Cap,False
Dhillon Freight,32.7,9.5,12.82,-47.06,4.34,16.42,61.768039289762,Micro Cap,True
Dhoot Indl.Fin,230.8,8.11,145.82,126.82,19.83,5.0,101.75469535314346,Micro Cap,True
DHP India,523.35,14.2,157.01,-93.67,27.91,6.49,8267.77251184834,Micro Cap,True
Dhruv Consultanc,28.18,0.0,53.45,-103.02,-69.86,-32.69,-933.1125827814568,Micro Cap,False
Dhruva Cap.Serv.,425.0,118.91,305.59,-54.55,75.51,12.97,935.093509350935,Micro Cap,True
Dhunseri Invest.,850.1,28.82,518.32,91.46,28.96,3.24,444.00919252063096,Small Cap,True
Dhunseri Tea,139.01,0.0,146.06,34.92,-35.75,1.8,103.03142603024014,Micro Cap,False
Dhunseri Vent.,235.72,9.06,825.49,128.82,-47.1,4.57,103.01547067564024,Small Cap,True
Dhyaani Trade,5.1,124.0,8.68,7.14,226.53,0.45,4.760126936718312,Micro Cap,True
Diamines & Chem.,240.96,0.0,242.25,-292.06,-48.19,-8.35,-125.46079350203063,Micro Cap,False
Diamond Power,206.28,73.66,10870.36,638.19,114.08,24.2,27.94402525095165,Mid Cap,True
Diana Tea Co,26.65,22.83,39.95,-8.66,-20.29,4.16,29.176702430479526,Micro Cap,True
DIC India,509.65,22.52,467.81,63.71,14.42,6.42,311.3126870685969,Micro Cap,True
Diensten Tech,120.2,0.0,99.29,0.0,0.0,0.0,120.2,Micro Cap,False
Diffusion Eng,388.3,28.57,1453.26,22.81,38.08,16.42,316.179464213012,Small Cap,True
Diggi Multitrade,13.99,0.0,13.54,100.0,-100.0,-1.19,6.995,Micro Cap,False
Digicontent,27.73,43.14,161.35,-85.53,3.34,23.95,191.63787145818944,Micro Cap,True
Digidrive Dist.,18.54,12.16,71.49,-131.69,-7.28,3.06,-58.50426001893342,Micro Cap,True
Digikore Studios,48.85,4.89,61.87,165.1,134.05,24.67,18.427008675971333,Micro Cap,True
Digilogic Systems,125.3,35.56,362.76,0.0,0.0,18.72,125.3,Micro Cap,True
DigiSpice Tech.,19.68,18.96,461.83,569.73,-8.25,12.08,2.9384976035118626,Micro Cap,True
Digitide Solutio,86.36,125.88,1287.72,-118.68,9.21,10.86,-462.31263383297625,Small Cap,True
Digjam,47.0,40.52,94.0,146.0,32.85,5.21,19.10569105691057,Micro Cap,True
Diksha Polymers,114.2,14.41,59.35,0.0,0.0,33.23,114.2,Micro Cap,True
Diligent Indust.,2.14,19.55,51.02,-4.55,-42.6,5.66,2.2420115243583028,Micro Cap,True
Diligent Media,2.78,0.0,32.72,-251.26,-71.38,-1.17,-1.8378950152056062,Micro Cap,False
Dilip Buildcon,459.7,12.2,7467.59,-60.27,-25.72,13.32,1157.0601560533603,Mid Cap,True
Dindigul Farm,16.2,10.64,39.58,136.83,76.41,8.84,6.840349617869357,Micro Cap,True
Dipna Pharmachem,7.2,9.23,18.93,314.71,-18.85,6.64,1.7361529743676305,Micro Cap,True
Disa India,12519.0,32.38,1820.52,-15.84,-16.17,26.63,14875.237642585551,Small Cap,True
Dish TV India,3.16,0.0,581.85,-244.96,-29.27,0.0,-2.1799116997792494,Small Cap,False
Disha Resources,25.51,0.0,18.66,500.0,0.0,-0.13,4.251666666666667,Micro Cap,False
Dishman Carbogen,170.02,26.9,2665.63,-59.43,18.85,3.15,419.0781365541041,Small Cap,True
Divgi Torq,855.25,55.73,2615.6,189.35,84.85,10.21,295.5762916882668,Small Cap,True
Divi's Lab.,6713.5,67.94,178222.33,13.44,9.52,21.96,5918.106488011284,Large Cap,True
Divine Hira Jew.,319.0,58.37,416.2,30.72,72.04,16.1,244.03304773561814,Micro Cap,True
Divine Power,476.05,44.49,1188.46,0.0,0.0,0.0,476.05,Small Cap,True
Divyadhan Recy.,47.9,40.08,68.53,1358.33,54.24,7.14,3.2845789361804254,Micro Cap,True
Divyashakti,49.05,47.97,50.37,-82.98,-52.33,0.76,288.19036427732095,Micro Cap,True
Dixon Technolog.,12013.0,51.01,73382.52,13.15,2.12,41.97,10616.880247459125,Large Cap,True
DJ Mediaprint,117.11,40.1,402.6,134.65,95.86,16.21,49.90837417430215,Micro Cap,True
DJS Stock,1.87,705.5,14.11,-100.0,0.0,0.61,inf,Micro Cap,True
DLF,621.35,36.33,153803.49,-3.22,-42.0,6.34,642.02314527795,Large Cap,True
DMCC Speciality,258.85,23.62,645.57,18.39,41.89,15.34,218.64177717712647,Small Cap,True
DMR Engineering,32.99,24.49,34.29,-137.61,-28.92,18.94,-87.71603296995478,Micro Cap,True
Docmode Health,40.5,0.0,12.73,82.69,-12.59,-0.29,22.16870107832941,Micro Cap,False
Dodla Dairy,1108.7,26.4,6688.54,-2.0,18.12,16.72,1131.326530612245,Mid Cap,True
Dolat Algotech,72.99,9.96,1284.62,17.75,10.52,18.13,61.98726114649681,Small Cap,True
Dolfin Rubbers,170.4,30.85,170.91,5.84,23.32,14.93,160.99773242630386,Micro Cap,True
Dollar Industrie,263.1,14.11,1492.2,10.13,12.28,13.61,238.89948242985565,Small Cap,True
Dollex Agrotech,30.1,14.28,120.25,2629.41,-8.49,5.52,1.1028024371567482,Micro Cap,True
Dolphin Kitchen Utensils,9.35,3.46,12.4,-98.52,-80.23,7.5,631.7567567567552,Micro Cap,True
Dolphin Medical,8.69,328.0,13.12,114.29,35.71,0.64,4.055252228288767,Micro Cap,True
Dolphin Offshore,372.25,21.73,1489.17,171.1,121.92,14.92,137.31095536702324,Small Cap,True
DOMS Industries,2252.1,59.38,13667.62,17.13,18.72,24.33,1922.735422180483,Mid Cap,True
Donear Inds.,90.58,10.84,471.02,217.9,-7.25,13.52,28.493236866939284,Micro Cap,True
Dr Agarwal's Eye,5059.5,34.88,2445.17,1.56,20.21,17.36,4981.784166994879,Small Cap,True
Dr Agarwal's Hea,484.65,115.96,15362.58,14.88,22.57,11.12,421.87499999999994,Mid Cap,True
Dr Lal Pathlabs,1689.2,53.68,28317.37,-15.18,16.61,28.29,1991.5114359820795,Large Cap,True
Dr Lalchand. Lab,7.08,102.17,6.13,-148.15,-8.58,0.79,-14.704049844236758,Micro Cap,True
Dr Reddy's Labs,1350.5,26.86,112722.97,-86.14,-11.51,13.64,9743.867243867247,Large Cap,True
DRA Consultants,18.98,7.2,20.82,13.53,30.79,11.61,16.718048093015064,Micro Cap,True
DRC Systems,14.21,10.21,204.74,17.01,60.66,25.15,12.14426117425861,Micro Cap,True
Dreamfolks Servi,67.54,31.12,359.78,-187.62,-83.24,5.71,-77.08285779502397,Micro Cap,True
Dredging Corpn.,1067.4,629.2,2988.72,261.22,3.42,4.28,295.49858811804444,Small Cap,True
Drone Destinatio,42.0,87.59,102.48,95.66,82.82,6.16,21.465808034345294,Micro Cap,True
Droneacharya Aer,41.0,258.82,98.35,89.66,-33.2,1.03,21.61763155119688,Micro Cap,True
DRS Dilip Road,110.0,27.16,165.69,-10.07,-0.68,20.51,122.3173579450684,Micro Cap,True
DSJ Keep Learn,1.96,0.0,30.52,-1800.0,-54.68,-11.05,-0.11529411764705882,Micro Cap,False
DSM Fresh,80.91,12.37,180.33,11.23,95.85,23.27,72.74116695136203,Micro Cap,True
DU Digital,38.1,47.59,274.1,60.66,6.18,8.14,23.71467695755011,Micro Cap,True
Ducol Organics,109.0,24.5,177.6,109.95,84.55,10.26,51.91712312455347,Micro Cap,True
Ducon Tech,3.32,9.83,107.88,-48.75,-15.49,9.33,6.478048780487805,Micro Cap,True
Duke Offshore,23.47,0.0,23.13,-24.07,0.0,-13.14,30.910048729092583,Micro Cap,False
Duncan Engg.,366.5,27.9,135.61,-5.6,20.84,11.0,388.24152542372883,Micro Cap,True
Durlax Top,47.0,10.76,135.98,134.15,84.07,16.96,20.072603032244288,Micro Cap,True
Duropack,56.01,15.96,29.52,188.24,16.28,12.13,19.431723563696917,Micro Cap,True
Duroply Indust.,124.2,44.03,134.74,-267.57,4.93,7.81,-74.11827892820911,Micro Cap,True
Dutron Polymers,101.7,22.6,61.02,36.11,-2.62,11.7,74.71897729777386,Micro Cap,True
Dwarikesh Sugar,42.69,25.65,791.05,23.92,-7.28,4.62,34.449644932214326,Small Cap,True
Dynacons Sys.,1378.8,20.71,1756.19,5.28,21.63,29.73,1309.6504559270518,Small Cap,True
Dynamatic Tech.,10232.0,138.92,6949.0,10.88,13.79,9.98,9227.994227994228,Mid Cap,True
Dynamic Cables,377.4,21.66,1828.83,2.59,7.33,26.69,367.8721122916463,Small Cap,True
Dynamic Industri,109.75,18.27,33.25,-7.46,-8.69,5.92,118.59736330235573,Micro Cap,True
Dynamic Portfol,16.01,37.44,18.72,3600.0,0.0,4.81,0.4327027027027027,Micro Cap,True
Dynamic Services,180.85,7.35,317.12,198.44,71.34,16.73,60.59844524862619,Micro Cap,True
Dynavision,190.0,9.02,72.96,296.19,1.46,19.8,47.95678840960145,Micro Cap,True
Dynemic Products,235.2,14.66,292.32,54.31,10.77,11.29,152.42045233620635,Micro Cap,True
E Factor Experie,181.0,12.08,237.68,-26.66,-9.5,24.71,246.79574584128713,Micro Cap,True
E to E Transportation,280.0,28.76,483.21,1.64,69.24,14.79,275.4820936639118,Micro Cap,True
E-Land Apparel,13.18,0.0,63.25,-243.94,-14.49,0.0,-9.156593024871475,Micro Cap,False
E2E Networks,412.3,0.0,8475.44,-52.68,185.66,-0.51,871.3017751479291,Mid Cap,False
Earkart,136.9,38.19,188.29,0.0,0.0,17.48,136.9,Micro Cap,True
Earthstahl &All.,16.7,0.0,20.44,-1121.43,-22.28,-9.85,-1.6349627483038482,Micro Cap,False
East Buildtech,68.19,0.0,12.8,792.86,0.0,-4.1,7.637255560782206,Micro Cap,False
East India Drums,102.75,31.56,151.81,8.25,-14.11,34.98,94.91916859122402,Micro Cap,True
East WestFreight,2.55,0.0,32.53,0.0,-32.6,1.6,2.55,Micro Cap,False
Eastcoast Steel,17.9,16.67,9.67,150.0,414.07,3.12,7.159999999999999,Micro Cap,True
Eastern Treads,28.21,0.0,14.76,-526.09,-14.49,1.9,-6.620666995235748,Micro Cap,False
Easun Capital Ma,55.0,119.83,28.76,-5.0,227.27,1.32,57.89473684210527,Micro Cap,True
Easy Trip Plann.,7.2,0.0,2868.95,-188.41,8.91,0.63,-8.14387512724805,Small Cap,False
eClerx Services,1404.5,18.7,13209.42,24.45,23.27,34.81,1128.5656890317398,Mid Cap,True
Eco Hotels,13.75,0.0,72.24,-467.01,1800.0,-18.1,-3.7464919212010575,Micro Cap,False
Eco Recyc.,415.9,34.71,802.55,267.79,90.48,29.97,113.08083417167404,Small Cap,True
Ecoboard Inds.,58.47,0.0,154.4,-48.18,335.91,-44.27,112.83288305673486,Micro Cap,False
Ecoline Exim,205.45,20.88,421.49,8.82,0.69,17.08,188.79801507075902,Micro Cap,True
Econo Trade Indi,7.44,6.37,13.89,-53.52,-30.83,7.21,16.00688468158348,Micro Cap,True
Ecoplast,465.0,18.41,221.09,13.22,5.4,14.4,410.7048224695283,Micro Cap,True
Ecos (India),133.59,13.92,801.54,-12.89,16.66,30.32,153.35782344162553,Small Cap,True
ECS Biztech,9.44,646.67,19.4,0.0,-23.26,7.05,9.44,Micro Cap,True
Edelweiss.Fin.,122.45,18.94,11590.28,-16.84,-15.88,14.1,147.24627224627224,Mid Cap,True
Educomp Sol.,0.99,0.0,12.12,-5.4,-5.71,0.0,1.0465116279069768,Micro Cap,False
Edvenswa Enter,25.15,8.83,73.48,-89.18,0.9,4.36,232.43992606284664,Micro Cap,True
EFC (I),186.08,11.89,2752.98,58.16,38.8,19.85,117.65300961052101,Small Cap,True
Effwa Infra,365.0,29.52,844.87,20.33,31.25,29.26,303.33250228538185,Small Cap,True
Eforu Entertainment,77.31,53.13,46.22,-104.55,-100.0,12.51,-1699.120879120884,Micro Cap,True
Eicher Motors,7598.0,37.52,208563.22,11.58,16.01,30.52,6809.464061659796,Large Cap,True
EID Parry,709.75,18.22,12630.41,-90.86,15.73,17.81,7765.317286652075,Mid Cap,True
Eighty Jewellers,38.0,3.98,38.76,1008.47,23.2,25.12,3.4281487094824397,Micro Cap,True
EIH,326.45,28.52,20415.01,-11.57,8.19,20.69,369.1620490783671,Large Cap,True
EIH Assoc.Hotels,322.05,21.81,1962.45,-18.69,-9.09,21.14,396.076743328004,Small Cap,True
Eiko Lifescience,49.89,15.9,71.57,56.33,62.73,11.08,31.91326041066974,Micro Cap,True
Eimco Elecon(I),1728.9,28.41,997.58,-57.23,4.03,10.29,4042.319382744914,Small Cap,True
Ekansh Concept,220.0,0.0,332.81,-201.78,-55.26,1.48,-216.1524857535862,Micro Cap,False
Ekennis Software,116.05,0.0,16.25,27.27,-36.94,-9.94,91.18409680207434,Micro Cap,False
EKI Energy,86.57,0.0,239.68,-29.33,12.34,-3.84,122.49893872930521,Micro Cap,False
EL Forge,19.63,16.69,39.9,116.36,14.85,11.08,9.07284156036236,Micro Cap,True
Elango Industrie,13.5,0.0,5.16,16.67,-100.0,-3.51,11.571097968629466,Micro Cap,False
Elantas Beck,10540.0,57.23,8355.78,-5.45,7.78,21.21,11147.540983606557,Mid Cap,True
Elcid Investment,115975.0,21.37,2319.5,-110.95,-264.53,1.43,-1059132.420091325,Small Cap,True
Eldeco Housing,813.95,32.96,800.36,49.69,63.7,7.72,543.7570980025387,Small Cap,True
Elecon Engg.Co,522.2,33.13,11718.16,-50.66,-6.51,20.86,1058.3704904742601,Mid Cap,True
Electro Force,21.85,81.16,51.13,-119.49,-73.78,1.31,-112.1087737301181,Micro Cap,True
Electronics Mart,119.14,44.68,4583.9,38.15,14.96,8.14,86.23959464350344,Small Cap,True
Electrost.Cast.,78.6,25.61,4858.93,-90.51,-12.23,5.21,828.2402528977872,Small Cap,True
Electrotherm(I),1139.55,0.0,1452.11,-88.22,-1.82,0.45,9673.599320882851,Small Cap,False
Elegant Floricul,5.14,5.5,11.77,-158.33,-100.0,10.02,-8.811932110406307,Micro Cap,True
Elegant Marbles,183.35,15.01,54.33,-60.0,33.7,3.77,458.37499999999994,Micro Cap,True
Eleganz Interior,71.5,7.17,161.59,82.63,44.17,19.29,39.150194382083995,Micro Cap,True
Elfin Agro India,75.0,25.25,145.69,0.0,0.0,24.8,75.0,Micro Cap,True
Elgi Equipments,604.05,43.39,19142.89,25.49,12.06,23.73,481.35309586421226,Mid Cap,True
Elgi Rubber Co,48.61,0.0,243.54,-179.7,-11.19,-12.92,-60.991217063989964,Micro Cap,False
Elin Electronics,99.43,21.22,494.26,-104.41,2.67,6.85,-2254.6485260770964,Micro Cap,True
Elitecon Inter.,27.46,13.7,4389.48,676.39,1750.04,0.0,3.5368822370200546,Small Cap,True
Elixir Capital,118.75,22.78,69.02,9.98,-389.47,6.61,107.97417712311328,Micro Cap,True
Ellen.Indl.Gas,269.85,36.43,3803.15,25.37,6.01,15.23,215.24288107202682,Small Cap,True
Elnet Technolog,334.75,6.67,133.9,6.13,17.78,15.41,315.4150570055592,Micro Cap,True
Elpro Internatio,172.19,33.4,2918.26,-1347.9,165.37,6.57,-13.798381280551325,Small Cap,True
EMA India,837.55,0.0,84.59,-118.18,0.0,-43.4,-4606.985698569858,Micro Cap,False
EMA Partners,85.9,16.22,199.69,-10.34,34.71,10.35,95.80637965648003,Micro Cap,True
Emami,396.95,22.09,17326.87,-11.71,-3.94,29.56,449.5979159587722,Mid Cap,True
Emami Paper,85.25,8.29,515.76,682.14,4.52,11.42,10.899583194824457,Small Cap,True
Emami Realty Ltd,83.42,0.0,434.07,17.36,435.07,-6.9,71.08043626448534,Micro Cap,False
Embassy Develop,63.71,0.0,8859.73,-310.73,-61.47,-2.38,-30.2329995729132,Mid Cap,False
Embassy Off.REIT,428.26,142.1,40594.5,-77.05,10.95,5.7,1866.056644880174,Large Cap,True
Emcure Pharma,1880.2,37.7,35659.79,21.01,16.7,23.97,1553.7558879431454,Large Cap,True
Emerald Finance,54.69,13.05,188.9,58.2,51.16,21.2,34.57016434892541,Micro Cap,True
Emerald Leisures,200.0,0.0,300.37,74.79,29.18,9.09,114.42302191200869,Micro Cap,False
Emerald Tyre,94.0,17.72,183.08,-31.6,11.9,12.26,137.42690058479533,Micro Cap,True
Emergent Indust.,434.9,156.5,198.75,223.15,284.55,11.36,134.5814637165403,Micro Cap,True
Emiac Technologies,99.05,33.5,121.27,0.0,0.0,99.84,99.05,Micro Cap,True
Emk.Global Fin.,279.27,50.03,760.46,-33.33,108.88,7.92,418.88405579721007,Small Cap,True
Emkay Taps & Cut,94.8,12.47,101.16,170.15,-98.88,3.48,35.09161576901721,Micro Cap,True
Emkay Tools,1000.0,18.17,1067.13,39.96,31.74,70.68,714.4898542440698,Small Cap,True
Emmbi Industries,96.16,20.72,185.01,41.72,7.3,8.75,67.85210273779283,Micro Cap,True
Emmessar Biotech,25.06,28.48,12.53,142.86,-10.0,7.33,10.318702132916082,Micro Cap,True
Emmforce Auto.,150.7,37.45,308.93,-10.47,12.54,11.68,168.32346699430357,Micro Cap,True
Emmvee Photovol.,337.25,21.59,23349.34,89.43,62.25,44.83,178.03410230692074,Large Cap,True
Empire Inds.,980.95,11.35,588.57,331.53,4.82,17.98,227.3190739925382,Small Cap,True
Empower India,2.27,14.67,264.18,15588.89,175.33,5.29,0.014468837502206976,Micro Cap,True
Emrock Corporation,267.4,349.61,423.03,156.25,88.0,8.48,104.35121951219512,Micro Cap,True
EMS,419.9,25.76,2331.74,-88.0,-55.34,12.51,3499.1666666666665,Small Cap,True
eMudhra,440.75,34.9,3649.93,21.22,31.67,15.69,363.59511631743936,Small Cap,True
Enbee Trade,0.24,3.4,42.53,140.85,18.21,16.04,0.09964708324683412,Micro Cap,True
Encompass Design,235.05,25.61,333.38,-16.19,1.73,25.62,280.4557928648133,Micro Cap,True
Endurance Tech.,2699.2,39.25,37967.72,17.32,37.88,18.28,2300.7159904534606,Large Cap,True
Energy Devl.Co.,16.29,59.07,77.38,63.59,47.87,14.27,9.957821382725106,Micro Cap,True
Energy InfrTrust,79.0,44.51,5245.6,52.53,3.84,5.47,51.79308988395725,Mid Cap,True
Energy-Mission,132.85,12.61,150.47,-11.27,8.56,16.32,149.72388143807055,Micro Cap,True
Enfuse Solutions,158.0,0.0,139.79,-850.0,10.55,-22.06,-21.066666666666666,Micro Cap,False
Engineers India,251.82,20.46,14153.35,-30.12,-8.31,30.63,360.3606182026331,Mid Cap,True
Enkei Wheels,398.75,52.94,716.75,89.25,31.18,7.66,210.7001321003963,Small Cap,True
Enser,15.5,15.18,135.1,44.97,59.84,24.08,10.691867282886115,Micro Cap,True
Ent.Network,108.44,265.1,516.94,-18.52,-10.16,-0.75,133.08787432498772,Small Cap,True
Entero Healthcar,1180.4,43.04,5137.29,9.03,42.63,10.55,1082.6378061084106,Mid Cap,True
Enterprise Intl.,21.0,0.0,6.27,200.0,-100.0,-0.15,7.0,Micro Cap,False
Envair Electrody,86.5,364.91,40.14,52.17,0.0,1.47,56.844318853913386,Micro Cap,True
Enviro Infra,218.55,20.27,3836.21,-28.86,8.75,20.39,307.211132977228,Small Cap,True
Envirotech Sys.,81.45,12.64,153.04,-45.37,0.73,22.66,149.09390444810543,Micro Cap,True
EP Biocomposites,99.0,11.4,16.65,65.06,25.92,16.27,59.978189749182114,Micro Cap,True
Epack Durable,233.85,690.28,2250.3,-99.95,-8.12,4.55,467700.0000000515,Small Cap,True
EPack PrefabTech,239.96,26.07,2414.69,51.3,42.41,21.71,158.5988103106411,Small Cap,True
Epic Energy,35.07,38.16,27.86,-51.52,-21.85,6.77,72.33910891089108,Micro Cap,True
Epigral,1106.2,14.63,4772.29,-5.41,17.29,15.3,1169.4682313140925,Small Cap,True
EPL Ltd,229.22,17.86,7341.45,-0.56,17.65,17.84,230.51086082059535,Mid Cap,True
Eppeltone Ene.,95.8,10.03,124.15,-11.69,19.28,18.54,108.48148567546144,Micro Cap,True
Epsom Properties,8.84,0.0,6.59,-12.5,0.0,-340.0,10.102857142857143,Micro Cap,False
Epuja Spiritech,1.18,0.0,13.34,-531.82,-77.52,-55.59,-0.2732620073178639,Micro Cap,False
EPW India,191.35,21.31,219.66,135.23,93.33,45.45,81.34591676231774,Micro Cap,True
Equilateral Ent.,19.5,100.21,24.05,-225.0,49.25,2.03,-15.6,Micro Cap,True
Equippp Social,21.65,123.31,223.2,-38.22,116.64,10.72,35.04370346390417,Micro Cap,True
Equitas Sma. Fin,75.14,83.37,8593.93,405.06,11.7,6.44,14.877440304122283,Mid Cap,True
Eraaya Lifespace,24.36,0.0,522.02,92.94,-5.08,5.95,12.625686741992329,Small Cap,False
ERIS Lifescience,1459.0,31.99,20216.97,200.1,7.27,14.14,486.17127624125294,Large Cap,True
ERP Soft Systems,59.9,131.78,23.72,-66.67,-39.32,1.21,179.71797179717976,Micro Cap,True
Esaar (India),12.33,2.26,25.21,1216.52,751.59,30.86,0.9365600218758545,Micro Cap,True
Esab India,5760.0,45.78,8866.38,-8.18,7.62,64.87,6273.143106077107,Mid Cap,True
ESAF Small Fin,32.94,0.0,1698.64,112.83,11.55,5.64,15.477141380444483,Small Cap,False
Esconet,129.55,27.75,170.96,-9.23,69.45,11.95,142.72336675112925,Micro Cap,True
Escorp Asset Mgt,104.0,38.8,115.61,-93.3,-77.56,5.36,1552.238805970148,Micro Cap,True
Escorts Kubota,2949.7,15.5,33000.58,17.12,21.4,13.93,2518.528005464481,Large Cap,True
Esha Media,25.16,0.0,19.64,-438.1,38.1,0.0,-7.441585329784087,Micro Cap,False
ESI,48.88,0.0,24.44,-480.79,15.79,-5.83,-12.836471545996481,Micro Cap,False
Espire Hospi,170.55,31.34,254.51,-6.01,5.02,12.25,181.45547398659434,Micro Cap,True
Esprit Stones,63.75,0.0,139.9,-113.47,-54.33,-0.25,-473.27394209354105,Micro Cap,False
Essar Shipping,23.23,0.0,480.81,-95.73,100.03,0.0,544.028103044497,Micro Cap,False
Essen Speciality,116.1,0.0,288.38,-107.93,-28.16,-1.25,-1464.0605296342974,Micro Cap,False
Essex Marine,42.73,10.24,65.21,0.0,13.87,20.19,42.73,Micro Cap,True
Ester Industries,89.84,0.0,936.99,301.53,7.69,2.76,22.374417851717183,Small Cap,False
Eternal,255.15,672.76,246228.7,346.15,196.45,2.97,57.189286114535484,Large Cap,True
Ethos,2436.9,67.91,6520.58,-3.3,32.99,9.82,2520.062047569804,Mid Cap,True
Euphoria Infotec,31.0,5.81,9.0,7.32,42.33,12.86,28.88557584793142,Micro Cap,True
Eureka Forbes,458.3,46.65,8864.38,3.84,11.64,5.86,441.3520801232666,Mid Cap,True
Eureka Industrie,13.16,57.6,11.52,-202.08,-37.92,361.9,-12.891849529780565,Micro Cap,True
Euro India Fresh,331.04,167.89,820.98,77.52,71.58,9.84,186.48039657503384,Small Cap,True
Euro Leder Fash,16.47,368.0,7.36,-170.59,49.25,7.12,-23.33191670208245,Micro Cap,True
Euro Panel,171.16,15.42,419.34,41.19,19.92,16.95,121.22671577307175,Micro Cap,True
Euro Pratik Sale,275.3,33.92,2813.57,45.91,28.14,38.38,188.67795216229186,Small Cap,True
Eurotex Industri,17.97,0.0,15.72,-155.69,-98.0,0.44,-32.26791165379781,Micro Cap,False
Evans Electric,67.1,0.0,36.82,-111.38,-76.77,1.69,-589.6309314586999,Micro Cap,False
Eveready Inds.,364.5,18.1,2649.45,790.21,9.43,17.18,40.945394906819736,Small Cap,True
Everest Inds.,461.55,0.0,731.82,-31346.67,-27.72,-8.54,-1.4771174016303177,Small Cap,False
Everest Kanto,120.14,9.17,1348.06,149.61,-15.14,11.56,48.131084491807215,Small Cap,True
Everest Organics,266.1,46.56,258.4,-9.62,19.11,11.99,294.42354503208674,Micro Cap,True
Everlon Fin.,112.85,0.0,69.97,47.36,-83.29,-25.65,76.58116178067317,Micro Cap,False
Evexia Lifecare,1.65,191.21,309.76,151.61,55.82,0.0,0.6557767974245856,Micro Cap,True
Evoq Remedies,2.44,0.0,6.08,-116.96,-100.0,-0.56,-14.386792452830191,Micro Cap,False
Exato Technologies,366.5,22.93,368.9,-10.68,5.01,26.66,410.32243618450514,Micro Cap,True
Excel Industries,906.5,15.06,1139.53,-1.05,13.48,6.06,916.1192521475492,Small Cap,True
Excellent Wires,194.8,57.67,87.08,37.66,8.72,9.68,141.50806334447188,Micro Cap,True
Excelsoft Tech.,74.87,18.47,861.64,-16.55,16.08,13.64,89.71839424805273,Small Cap,True
Exhicon Events,434.9,15.78,642.2,22.08,23.75,29.49,356.2418086500655,Small Cap,True
Exicom Tele-Sys.,158.07,0.0,2198.43,13.57,46.1,-14.66,139.18288280355728,Small Cap,False
Exide Inds.,389.8,39.89,33133.0,15.19,9.22,8.54,338.3974303324942,Large Cap,True
Exim Routes,105.6,19.45,198.02,40.31,55.02,24.96,75.26192003420996,Micro Cap,True
Expleo Solutions,826.4,9.49,1282.55,66.03,11.92,24.77,497.7413720411974,Small Cap,True
Explicit Finance,9.6,0.0,8.9,-400.0,-71.61,-0.13,-3.1999999999999997,Micro Cap,False
Expo Engineering,60.36,79.08,137.6,-142.04,-56.62,9.08,-143.57754519505238,Micro Cap,True
Exxaro Tiles,6.85,108.3,306.48,-94.3,5.18,4.31,120.17543859649112,Micro Cap,True
Eyantra Ventures,654.35,0.0,131.32,398.08,224.23,-8.42,131.37447799550273,Micro Cap,False
F A C T,890.0,0.0,57589.41,-94.51,40.88,4.93,16211.293260473603,Large Cap,False
F Mec Intl. Fin.,12.69,28.08,62.06,171.43,136.21,16.75,4.675238551376045,Micro Cap,True
Faalcon Concepts,34.58,10.66,33.7,0.0,0.0,0.0,34.58,Micro Cap,True
Fabtech Tech.,156.92,18.84,697.52,46.19,17.54,13.58,107.33976332170462,Small Cap,True
Fabtech Techn.,400.5,31.19,493.39,57.11,62.47,19.7,254.91693717777355,Micro Cap,True
Facor Alloys,3.55,0.0,69.42,25.53,-23.53,-17.56,2.8280092408189272,Micro Cap,False
Fairchem Organic,634.4,133.67,826.05,525.42,-3.19,3.33,101.43583511880016,Small Cap,True
Falcon,11.3,9.99,30.27,654.29,213.22,9.55,1.4980975486881705,Micro Cap,True
Family Care,2.93,0.0,15.83,87.88,200.0,-25.62,1.559506067702789,Micro Cap,False
Faze Three,621.85,53.91,1512.28,-15.48,19.86,8.25,735.7430194036915,Small Cap,True
FCS Software,1.52,74.24,259.85,55400.0,203.86,2.4,0.0027387387387387387,Micro Cap,True
FDC,408.3,22.38,6647.54,167.39,18.89,16.67,152.6983058453944,Mid Cap,True
Fedbank Financi.,148.37,16.17,5556.63,40.31,14.96,9.06,105.74442306321717,Mid Cap,True
Fedders Holding,41.74,10.7,840.71,387.73,22.69,11.19,8.558013655096058,Small Cap,True
Federal Bank,324.05,18.4,79969.0,22.92,11.8,6.39,263.626749105109,Large Cap,True
Federal-Mogul Go,452.55,13.8,2517.54,-14.39,6.5,18.52,528.6181520850369,Small Cap,True
Felix Industries,186.75,17.71,321.33,25.85,188.14,19.28,148.39094159713946,Micro Cap,True
Fermenta Biotec.,366.35,16.16,1078.2,-62.93,-13.06,20.36,988.265443755058,Small Cap,True
Fervent Synerg.,14.35,18.78,71.75,74.0,-3.7,7.21,8.24712643678161,Micro Cap,True
FGP,11.93,202.71,14.19,-93.33,2783.33,2.07,178.86056971514247,Micro Cap,True
Fiberweb (India),30.11,8.66,86.69,-130.34,-63.68,7.57,-99.2419248516809,Micro Cap,True
Fidel Softech,149.8,14.36,205.98,42.16,155.1,26.75,105.374226223973,Micro Cap,True
Fiem Industries,2229.1,22.96,5866.92,26.86,17.49,29.41,1757.1338483367492,Mid Cap,True
Filatex Fash.,0.19,56.55,158.35,-81.77,-66.46,0.17,1.0422380691168402,Micro Cap,True
Filatex India,52.72,12.73,2341.08,-2.73,-8.75,16.97,54.19965045748946,Small Cap,True
Filmcity Media,2.35,0.0,7.18,-25.0,0.0,-9.49,3.1333333333333333,Micro Cap,False
Filtra Consult.,58.01,17.05,63.6,143.28,15.46,19.2,23.844952318316338,Micro Cap,True
Filtron Engineer,88.16,134.93,559.96,28800.0,0.0,11.31,0.30505190311418684,Small Cap,True
Finbud Financial,126.95,20.76,241.83,0.0,0.0,17.82,126.95,Micro Cap,True
Fine Line Cir.,54.81,67.59,26.36,800.0,27.42,5.06,6.09,Micro Cap,True
Fine Organic,5236.1,38.98,16053.87,20.97,3.05,21.47,4328.428536000662,Mid Cap,True
Finelistings Tec,20.37,0.0,7.41,42.29,-79.97,-23.15,14.31583386042589,Micro Cap,False
Fineotex Chem,40.9,43.8,4762.81,58.29,161.9,18.3,25.838650578052942,Small Cap,True
Finkurve Fin.,66.08,35.58,926.07,105.63,67.15,10.19,32.135388805135435,Small Cap,True
Fino Payments,146.6,21.83,1219.98,-65.04,21.45,4.53,419.33638443935934,Small Cap,True
Finolex Cables,1116.5,23.92,17075.68,17.07,22.36,16.01,953.7029127872213,Mid Cap,True
Finolex Inds.,176.25,18.26,10935.91,58.74,12.12,12.71,111.03061610180168,Mid Cap,True
First Custodian,69.09,0.0,10.36,-600.0,-70.0,-1.63,-13.818000000000001,Micro Cap,False
First Fintec,8.3,0.0,8.63,-13.79,0.0,0.09,9.62765340447744,Micro Cap,False
Firstsour.Solu.,243.45,22.92,17212.6,27.72,19.52,16.17,190.61227685562164,Mid Cap,True
Fischer Medical,36.96,77.98,2419.09,-641.98,98.76,11.43,-6.819439831728108,Small Cap,True
Five-Star Bus.Fi,497.0,13.35,14670.21,-3.53,8.6,14.76,515.186068207733,Mid Cap,True
Flair Writing,265.2,19.99,2795.09,16.15,8.35,16.8,228.32544123977615,Small Cap,True
Flex Foods,49.39,0.0,61.49,52.48,23.67,-5.2,32.391133263378805,Micro Cap,False
Flexituff Vent.,6.06,0.0,19.89,-151.89,-99.55,-26.79,-11.678550780497206,Micro Cap,False
Flomic Global,52.89,309.97,96.09,82.9,-8.64,7.72,28.917441224712956,Micro Cap,True
Flora Corporatio,7.49,21.1,6.54,-61.75,-47.3,6.22,19.58169934640523,Micro Cap,True
Fluidomat,834.6,20.51,411.46,60.72,39.57,30.39,519.2882030861125,Micro Cap,True
FlySBS Aviation,488.8,13.92,845.81,59.18,64.21,32.47,307.0737529840432,Small Cap,True
Flywings Simula.,182.95,16.7,186.19,-17.97,7.83,20.1,223.02816042911127,Micro Cap,True
Foce India,605.0,47.46,710.45,21.49,23.63,16.06,497.98337311712896,Small Cap,True
Focus Business,170.0,142.39,123.88,-53.45,-12.99,15.01,365.1987110633727,Micro Cap,True
Focus Lighting,88.7,115.05,598.24,71.52,43.6,6.56,51.71408582089553,Small Cap,True
Fone4 Communica.,5.26,0.0,13.12,-11.86,49.83,-28.82,5.967778534150216,Micro Cap,False
Fonebox Retail,76.1,11.48,78.08,60.07,74.84,25.33,47.54170050602861,Micro Cap,True
Foods & Inns,55.96,14.86,411.48,-16.42,-27.29,8.85,66.95381670256042,Micro Cap,True
Forbes & Co,310.45,29.86,400.48,-125.79,-80.62,8.76,-1203.7611477316789,Micro Cap,True
Forbes Precision,148.75,26.68,767.47,21.27,7.61,22.01,122.66017976416262,Small Cap,True
Forcas Studio,93.0,11.99,163.49,38.46,31.51,20.22,67.16741297125523,Micro Cap,True
Force Motors,18391.0,22.94,24232.46,56.59,8.23,36.08,11744.683568554825,Large Cap,True
Forge Auto,92.4,8.18,100.9,0.0,0.0,0.0,92.4,Micro Cap,True
Fortis Health.,954.8,68.08,72083.4,22.42,17.81,13.47,779.937918640745,Large Cap,True
Fortis Malar,52.42,23.73,98.24,-113.89,0.0,14.65,-377.39380849532034,Micro Cap,True
Fortune Interntl,77.5,12.07,54.56,247.06,0.0,-0.28,22.33043277819397,Micro Cap,True
Foseco Crucible (India),1379.75,26.24,772.66,322.92,-11.74,33.05,326.2437340395346,Small Cap,True
Foseco India,5191.4,40.11,3912.89,48.5,35.94,17.45,3495.892255892256,Small Cap,True
Fractal Analyt.,924.5,52.89,15898.17,132.97,17.0,12.59,396.8322101558141,Mid Cap,True
Fractal Industries,214.7,12.64,168.52,53.81,-5.15,27.51,139.58780313373643,Micro Cap,True
Franklin Indust.,0.39,0.0,30.08,-218.73,-93.03,-23.39,-0.32847637496841575,Micro Cap,False
Fraser & Company,9.5,0.0,7.71,55.74,0.0,-10.69,6.099910106587903,Micro Cap,False
FratelliVineyard,94.08,0.0,408.99,35.62,10.59,-4.87,69.37029936587524,Micro Cap,False
Fredun Pharma,2689.55,44.65,1482.67,56.58,27.26,21.49,1717.6842508621794,Small Cap,True
Freshara Agro,232.8,14.58,547.06,0.0,0.0,0.0,232.8,Small Cap,True
Frog Innovations,168.05,0.0,261.39,-100.66,-63.37,-1.91,-25462.12121212145,Micro Cap,False
Frontier Capital,8.98,301.0,15.05,-190.0,54.55,5.38,-9.97777777777778,Micro Cap,True
Frontier Springs,1415.2,27.27,1672.13,42.28,17.78,50.92,994.6584200168681,Small Cap,True
Frontline Corp.,36.49,7.57,18.25,-5.68,15.96,5.37,38.687446988973704,Micro Cap,True
Frontline Fin.,20.52,57.67,12.11,50.0,1950.0,1.69,13.68,Micro Cap,True
Fruition Venture,27.15,0.0,10.86,-1240.0,34.55,6.36,-2.381578947368421,Micro Cap,False
FSN E-Commerce,301.35,412.18,86301.34,286.49,28.44,17.2,77.97096949468292,Large Cap,True
Fujiyama Power,309.5,31.23,9498.61,107.49,87.52,34.95,149.16381512362042,Mid Cap,True
Fundviser Capit.,345.35,145.12,272.83,62.07,-49.98,9.64,213.0869377429506,Micro Cap,True
Fusion Finance,192.77,225.04,3116.78,169.39,-9.02,5.92,71.55796428969153,Small Cap,True
Future Consumer,0.31,0.0,61.91,-146.37,1.2,12.02,-0.668535691179642,Micro Cap,False
Future Ent. DVR,2.48,0.0,9.76,-90.68,22.43,0.0,26.60944206008585,Micro Cap,False
Future Enterp.,0.4,0.0,27.96,-118.4,-97.55,-10.84,-2.173913043478259,Micro Cap,False
Future Lifestyle,1.39,0.0,28.05,96.27,-78.68,-72.64,0.7082080807051511,Micro Cap,False
Future Market,10.98,8.41,66.59,108.79,5.08,9.28,5.258872551367402,Micro Cap,True
Futuristic Sec.,32.14,0.0,6.27,-100.0,0.0,0.0,inf,Micro Cap,False
Futuristic Solu,47.95,64.36,50.2,620.0,0.0,7.04,6.659722222222222,Micro Cap,True
Fynx Capital,4.57,0.0,91.4,-43.01,2677.78,-11.93,8.018950693104053,Micro Cap,False
G G Automotive,149.45,13.43,149.3,-19.91,-37.5,20.43,186.6025721063803,Micro Cap,True
G G Dandekar,67.9,78.85,32.33,161.67,-24.07,-0.61,25.94871402912065,Micro Cap,True
G G Engineering,0.47,0.0,74.47,-3377.78,-38.61,0.43,-0.014338973329509607,Micro Cap,False
G K Consultants,13.89,157.1,15.71,-1450.0,13.04,0.8,-1.028888888888889,Micro Cap,True
G K P Printing,6.12,26.39,13.46,-83.33,-13.77,4.4,36.712657468506286,Micro Cap,True
G M Breweries,925.9,16.76,2115.4,-10.57,19.49,17.96,1035.3348988035334,Small Cap,True
G M D C,586.3,33.16,18644.34,-24.66,3.53,10.8,778.2054685426068,Mid Cap,True
G M Polyplast,72.85,11.86,98.05,24.87,9.63,25.46,58.340674301273324,Micro Cap,True
G N F C,546.85,9.94,8035.45,87.68,7.45,12.03,291.3736146632566,Mid Cap,True
G R Infraproject,942.85,10.5,9123.07,-52.0,9.88,12.39,1964.2708333333335,Mid Cap,True
G S Auto Intl.,14.51,12.91,43.88,1885.71,9.5,14.96,0.7307210015561185,Micro Cap,True
G S F C,163.13,9.66,6500.36,-27.32,36.96,7.16,224.44964226747385,Mid Cap,True
G V Films,0.29,0.0,54.07,-106.35,-74.5,2.85,-4.566929133858276,Micro Cap,False
G-Tec Janix,29.34,0.0,29.89,7.04,-9.25,-36.32,27.41031390134529,Micro Cap,False
Gabion Technol.,66.0,11.09,89.6,60.0,37.17,19.85,41.25,Micro Cap,True
Gabriel India,1229.2,69.71,17656.71,13.78,19.33,27.0,1080.3304622956584,Mid Cap,True
Gabriel Pet,107.75,15.27,80.6,0.0,0.0,0.0,107.75,Micro Cap,True
GACM Tech,0.5,8.11,63.49,2.61,17.15,10.07,0.48728194133125424,Micro Cap,True
GACM Tech-DVR,0.44,0.97,8.35,-5.14,23.97,11.27,0.4638414505587181,Micro Cap,True
Gagan Gases,21.45,69.29,9.7,18.18,72.38,5.57,18.150279235065156,Micro Cap,True
GAIL (India),172.85,14.99,113650.6,-40.41,-2.37,9.68,290.0654472226883,Large Cap,True
Gajanan Sec.Serv,56.74,25.51,17.6,-20.83,0.0,0.71,71.66856132373374,Micro Cap,True
Gajanand Inter.,8.1,381.5,15.26,93.59,10.87,1.8,4.184100418410042,Micro Cap,True
Gala Global,1.75,0.0,9.55,31.77,-100.0,-3.91,1.3280716399787509,Micro Cap,False
Gala Precis. Eng,1083.65,38.19,1388.83,21.39,25.56,15.6,892.7012109728973,Small Cap,True
Galactico Corpo.,1.99,23.08,36.47,7.5,-37.92,6.26,1.8511627906976744,Micro Cap,True
Galada Finance,28.63,19.52,8.59,46.67,40.74,10.31,19.52001090884298,Micro Cap,True
Galada Power,10.53,0.0,9.33,5.88,0.0,-18.37,9.94522100491122,Micro Cap,False
Galaxy Agrico,63.47,0.0,104.03,-5400.0,-100.0,-3.5,-1.1975471698113207,Micro Cap,False
Galaxy Bearings,585.25,56.23,186.11,-73.91,-30.45,5.2,2243.196627060176,Micro Cap,True
Galaxy Medicare,17.85,7.92,27.08,-15.66,-3.14,13.62,21.164334835190896,Micro Cap,True
Galaxy Supermarket,19.24,69.91,95.77,54.55,120.26,60.3,12.449045616305401,Micro Cap,True
Galaxy Surfact.,2012.5,25.76,7135.27,-17.71,14.83,13.48,2445.6191517802895,Mid Cap,True
Gallantt Ispat L,711.15,35.43,17158.69,5.61,12.37,18.23,673.3737335479594,Mid Cap,True
Gallard Steel,146.0,15.24,138.7,53.67,13.61,23.33,95.00878505889241,Micro Cap,True
Gallops Enterp.,24.35,244.0,12.2,-233.33,-40.0,3.72,-18.26295657391435,Micro Cap,True
Gamco Ltd,50.93,0.0,275.18,-164.89,1259.87,-9.04,-78.4866697488057,Micro Cap,False
Game Changers,96.0,9.42,171.77,44.12,34.83,39.76,66.61115736885928,Micro Cap,True
Gandhar Oil Ref.,175.15,12.66,1714.36,248.59,13.69,13.19,50.24527381737858,Small Cap,True
Gandhi Spl. Tube,859.55,15.12,1044.53,-22.93,8.95,31.62,1115.2848060205008,Small Cap,True
Ganesh Benzopl.,103.64,11.17,746.1,-49.37,11.55,14.6,204.70077029429194,Small Cap,True
Ganesh Consumer,193.67,18.46,782.68,108.75,-0.94,19.35,92.77604790419161,Small Cap,True
Ganesh Green,289.25,9.55,717.37,147.6,300.98,36.81,116.82148626817448,Small Cap,True
Ganesh Holdings,94.05,32.23,8.38,254.55,1200.0,3.87,26.526582992525736,Micro Cap,True
Ganesh Housing,755.2,19.91,6297.39,-62.79,-62.19,18.78,2029.561945713518,Mid Cap,True
Ganesh Infra.,99.65,5.59,425.72,110.5,44.72,18.87,47.33966745843231,Micro Cap,True
Ganesha Ecosphe.,889.9,62.41,2384.57,-2.31,23.1,5.42,910.9427781758624,Small Cap,True
Ganesha Ecoverse,30.3,0.0,74.52,63.92,-86.91,-22.31,18.48462664714495,Micro Cap,False
Ganga Bath Fitt.,23.0,39.91,51.08,-17.59,17.27,5.62,27.909234316223756,Micro Cap,True
Ganga Forging,2.4,0.0,32.35,-34.29,-6.94,-6.43,3.6524121138335106,Micro Cap,False
Ganga Papers,64.75,43.66,69.86,24.59,18.62,7.51,51.97046311903042,Micro Cap,True
Ganges Securitie,120.23,44.71,120.27,26.95,50.0,0.76,94.70657739267428,Micro Cap,True
Ganon Products,13.28,23.83,12.39,0.0,0.0,12.33,13.28,Micro Cap,True
Garbi Finvest,10.0,0.0,11.73,-534.18,1420.0,-8.81,-2.303192224423051,Micro Cap,False
Garden Reach Sh.,2724.8,41.73,31213.13,24.14,29.06,42.96,2194.9411954245206,Large Cap,True
Garg Furnace,116.7,7.72,79.46,-20.12,1.63,12.8,146.09414121181774,Micro Cap,True
Garment Mantra,1.17,21.54,67.65,-477.69,73.89,7.72,-0.3097778601498583,Micro Cap,True
Garnet Construct,71.86,2.53,99.89,216.78,1486.67,41.03,22.684512911168632,Micro Cap,True
Garnet Intl.,68.78,28.43,135.05,42.11,-76.27,11.24,48.399127436492854,Micro Cap,True
Garuda Cons,179.27,13.61,1667.96,90.8,84.15,41.81,93.95702306079666,Small Cap,True
Garware Hi Tech,6688.5,45.94,15538.99,39.09,8.9,18.02,4808.756919979869,Mid Cap,True
Garware Marine,21.73,83.53,12.53,-145.45,8.33,1.13,-47.81078107810782,Micro Cap,True
Garware Offshore Services,55.96,0.0,172.04,-118.6,39.13,-5.87,-300.8602150537635,Micro Cap,False
Garware Synth,18.59,30.0,10.8,-1000.0,-12.36,14.29,-2.0655555555555556,Micro Cap,True
Garware Tech.,728.35,34.61,7230.03,-5.11,-1.42,21.96,767.572979239119,Mid Cap,True
Gateway Distri,58.65,11.36,2930.41,25.51,-0.24,10.83,46.72934427535654,Small Cap,True
Gaudium IVF,108.63,32.29,790.68,29.41,12.74,29.27,83.94250830693146,Small Cap,True
Gautam Exim,35.0,392.14,86.27,-50.0,-15.28,5.56,70.0,Micro Cap,True
Gautam Gems,3.15,18.39,12.87,1266.67,-11.2,2.08,0.23048724271404214,Micro Cap,True
Gayatri BioOrga.,7.84,0.0,61.77,-147.06,0.0,-92.02,-16.659583510412237,Micro Cap,False
Gayatri Highways,2.15,0.0,51.53,-26.28,1133.05,67.14,2.916440586001085,Micro Cap,False
Gayatri Projects,21.91,11.46,1017.28,-87.92,39.52,6.98,181.37417218543044,Small Cap,True
Gayatri Rubbers,575.0,59.02,329.94,86.71,33.99,39.54,307.9642225911842,Micro Cap,True
Gayatri Sugars,8.19,60.25,60.85,19.69,24.86,12.4,6.842676915364692,Micro Cap,True
GB Logistics,31.05,2.82,25.44,-69.27,-59.58,17.64,101.04132769280832,Micro Cap,True
GCM Capital,4.06,27.52,6.88,100.81,-19.12,0.92,2.0218116627657987,Micro Cap,True
GCM Securit.,0.67,0.0,12.73,-17.14,0.0,-6.09,0.8085928071445813,Micro Cap,False
Gconnect Logitec,13.5,22.82,5.02,-45.45,-28.5,3.48,24.74793767186068,Micro Cap,True
GDL Leasing,81.05,50.76,40.61,-550.0,232.14,15.98,-18.01111111111111,Micro Cap,True
GE Power,987.25,18.99,6637.03,418.1,18.78,79.96,190.552016985138,Mid Cap,True
GE Shipping Co,1499.0,7.27,21400.8,187.56,23.58,18.35,521.282514953401,Large Cap,True
GE Vernova T&D,5043.0,100.94,129126.02,86.32,42.04,76.43,2706.633748389867,Large Cap,True
GEE,117.42,39.92,610.31,135.88,27.5,11.12,49.77954892318128,Small Cap,True
GeeCee Vent.,342.25,17.01,715.7,505.91,110.0,6.31,56.48528659371854,Small Cap,True
Geekay Wires,26.51,9.2,277.08,-8.41,-11.79,16.79,28.944207882956658,Micro Cap,True
Gem Aromatics,184.83,675.17,965.5,-96.34,-45.4,3.43,5050.0000000000055,Small Cap,True
Gem Enviro,39.5,19.15,89.07,-18.0,10.05,12.06,48.17073170731707,Micro Cap,True
Gem Spinners,6.25,0.0,38.36,50.0,0.0,-20.76,4.166666666666667,Micro Cap,False
Gemstone Invest.,1.61,54.9,21.96,290.0,162.86,1.9,0.41282051282051285,Micro Cap,True
General Insuranc,360.95,6.55,63325.07,1.35,-1.44,17.35,356.14208189442525,Large Cap,True
Generic Engineer,43.47,29.11,247.72,-69.57,4.14,7.1,142.85244824186657,Micro Cap,True
Genesys Intl.,326.5,37.74,1364.46,-34.78,10.68,8.23,500.6133088009813,Small Cap,True
Gennex Lab.,10.72,13.75,260.44,65.23,51.15,10.85,6.487925921442838,Micro Cap,True
Genomic Valley,33.36,339.67,10.19,87.5,-84.62,1.02,17.791999999999998,Micro Cap,True
Genpharmasec,1.08,37.38,59.8,555.56,295.65,2.58,0.16474464579901157,Micro Cap,True
Gensol Engineer.,22.5,0.84,86.5,32.52,56.42,14.33,16.97856927256263,Micro Cap,True
Genus Paper & Bo,12.1,21.34,311.12,21.41,0.67,6.17,9.966230129313896,Micro Cap,True
Genus Power,334.0,17.16,10161.7,41.08,64.09,23.94,236.74510915792456,Mid Cap,True
Genus Prime,34.5,58.61,269.02,19900.0,5700.0,3.81,0.1725,Micro Cap,True
GenXAI Analytics,93.15,25.29,167.14,0.0,0.0,67.88,93.15,Micro Cap,True
Geojit Fin. Ser.,79.25,25.56,2212.04,-43.59,6.4,9.04,140.48927495124977,Small Cap,True
Getalong Enterp.,7.7,24.31,16.29,-39.56,-56.52,6.04,12.73990734612839,Micro Cap,True
GFL,46.61,11.37,512.01,239.75,5.95,2.07,13.718910963944076,Small Cap,True
GHCL,429.1,8.64,3944.89,-23.05,1.16,17.41,557.6348278102664,Small Cap,True
GHCL Textiles,92.59,13.86,885.03,94.79,28.24,5.75,47.533240926125565,Small Cap,True
Ghushine Fintrra,15.5,766.0,7.66,0.0,-6.73,0.36,15.5,Micro Cap,True
GHV Infra,211.0,35.99,1520.78,41.92,29.49,45.97,148.67531003382186,Small Cap,True
Gian Lifecare,5.0,0.0,5.17,-71.43,-29.56,2.4,17.500875043752192,Micro Cap,False
GIC Housing Fin,159.7,5.57,859.98,23.6,0.38,7.71,129.2071197411003,Small Cap,True
Gilada Finance,14.39,9.32,20.22,-13.21,5.03,12.48,16.580251181011636,Micro Cap,True
Gillanders Arbut,90.96,26.16,194.13,-282.63,-0.53,5.65,-49.80561791600504,Micro Cap,True
Gillette India,7719.0,38.45,25156.22,21.32,3.2,90.62,6362.512363996043,Large Cap,True
Gini Silk Mills,56.0,19.7,31.32,-30.3,-7.07,4.03,80.34433285509326,Micro Cap,True
Ginni Filaments,49.16,9.37,421.06,-28.11,0.11,21.55,68.38225066073167,Micro Cap,True
Giriraj Civil,130.0,20.61,310.97,-43.35,-27.19,15.07,229.47925860547218,Micro Cap,True
Gita Renewable,77.0,0.0,31.66,2100.0,0.0,0.0,3.5,Micro Cap,False
GK Energy,146.37,14.75,2968.64,31.66,18.74,40.87,111.17271760595473,Small Cap,True
GKB Ophthalmics,64.05,16.95,32.28,112.47,-3.97,11.0,30.145432296324188,Micro Cap,True
GKW,1787.5,0.0,1067.14,-247.63,-148.48,0.48,-1210.7972634288421,Small Cap,False
Glance Finance,160.0,7.34,36.09,-38500.0,-87.74,13.25,-0.4166666666666667,Micro Cap,True
Gland Pharma,2314.8,36.57,38184.87,96.57,22.31,15.14,1177.5957674111005,Large Cap,True
Glaxosmi. Pharma,2354.8,41.46,39891.73,5.7,2.15,61.41,2227.814569536424,Large Cap,True
GLEN Industries,73.08,10.66,175.84,-15.64,24.33,13.76,86.62873399715505,Micro Cap,True
Glenmark Pharma.,2154.4,20.6,60797.34,51.88,15.8,39.77,1418.4882802212271,Large Cap,True
Glittek Granites,39.69,0.0,103.03,-99.0,-100.0,-3.38,3968.9999999999964,Micro Cap,False
Global Cap.Mkt.,0.48,0.0,19.12,-227.12,-278.72,-0.76,-0.3775959723096287,Micro Cap,False
Global Education,106.02,21.85,539.66,73.93,53.11,29.19,60.95555683320876,Small Cap,True
Global Health,1312.4,63.32,35286.73,4.71,24.46,17.14,1253.3664406455928,Large Cap,True
Global Infratech,50.13,0.0,7.09,81.71,-93.67,-3.95,27.587914809311542,Micro Cap,False
Global Longlife,10.87,0.0,11.41,61.54,0.0,-3.92,6.728983533490157,Micro Cap,False
Global Ocean,143.5,20.24,207.25,42.14,-0.89,38.96,100.95680315182214,Micro Cap,True
Global Pet Indus,150.0,33.36,176.81,42.67,22.93,13.71,105.13773042685918,Micro Cap,True
Global Surfaces,45.72,0.0,193.77,-112.57,-21.02,-1.62,-363.72315035799545,Micro Cap,False
Global Vectra,168.23,0.0,235.52,-156.61,-5.51,-2.11,-297.1736442324677,Micro Cap,False
Globale Tessile,12.5,0.0,13.28,56.38,1289.66,-3.65,7.993349533188387,Micro Cap,False
Globalspace Tech,26.85,32.38,92.28,1733.33,83.31,4.55,1.4645481173602137,Micro Cap,True
Globe Civil,43.38,11.11,259.06,-8.31,31.62,16.09,47.311593412585886,Micro Cap,True
Globe Commercial,20.63,0.43,12.38,67.65,3.34,10.07,12.305398150909632,Micro Cap,True
Globe Enterprises,2.23,9.16,100.44,2016.67,36.98,10.86,0.10535416479659086,Micro Cap,True
Globe Intl. Car.,18.09,20.67,202.53,-7.58,13.59,15.88,19.573685349491452,Micro Cap,True
Globesecure Tech,18.6,0.0,29.65,119.94,100.94,1.18,8.456851868691462,Micro Cap,False
Globtier Infotec,22.0,31.69,33.27,-175.35,-37.92,7.37,-29.19708029197081,Micro Cap,True
Globus Power,14.23,0.0,140.8,0.0,0.0,-6.32,14.23,Micro Cap,False
Globus Spirits,866.5,27.45,2519.81,284.5,-3.43,11.45,225.35760728218463,Small Cap,True
Gloster Ltd,720.2,43.45,788.13,453.88,35.95,5.64,130.02816494547557,Small Cap,True
Glottis,67.51,16.54,623.81,-5.72,-36.23,23.53,71.60585490029699,Small Cap,True
GMM Pfaudler,804.55,47.34,3617.03,17.24,16.98,13.96,686.2418969634936,Small Cap,True
GMR Airports,108.44,550.55,114501.54,203.18,37.54,11.65,35.76753083976516,Large Cap,True
GMR Urban,99.6,0.0,7778.93,-7.9,15.35,11.96,108.14332247557002,Mid Cap,False
GNA Axles,436.7,16.09,1874.79,21.1,8.86,14.33,360.61106523534266,Small Cap,True
GNG Electronics,565.75,48.86,6450.2,185.76,42.98,20.3,197.9808230683091,Mid Cap,True
Go Digit General,312.65,53.1,28906.86,29.24,4.49,13.06,241.91426802847414,Large Cap,True
Go Fashion (I),403.5,36.82,2179.26,-60.03,-4.24,10.58,1009.507130347761,Small Cap,True
Goa Carbon,395.4,0.0,361.79,168.65,52.15,-4.48,147.18034617532103,Micro Cap,False
Goblin India,8.15,4.87,11.26,305.26,0.3,7.86,2.011054631594532,Micro Cap,True
GOCL Corpn.,408.8,7.53,2026.52,118.14,-21.81,13.09,187.40258549555332,Small Cap,True
Godavari Bioref.,280.85,42.74,1437.28,-30.03,-2.66,6.55,401.3863084178934,Small Cap,True
Godavari Drugs,120.5,32.12,122.04,35.96,30.04,6.69,88.62900853192116,Micro Cap,True
Godawari Power,265.4,21.94,17864.01,32.53,9.69,20.37,200.2565456877688,Mid Cap,True
Godfrey Phillips,2247.3,22.98,35053.78,77.36,13.59,32.84,1267.083897158322,Large Cap,True
Godrej Agrovet,562.05,21.85,10811.59,48.14,9.33,20.18,379.4046172539489,Mid Cap,True
Godrej Consumer,1034.6,52.18,105864.88,19.47,10.99,19.08,865.9914622917886,Large Cap,True
Godrej Industrie,1160.7,30.91,39092.94,143.11,33.12,8.84,477.4381967010819,Large Cap,True
Godrej Propert.,1850.6,29.86,55744.88,70.53,62.99,8.28,1085.2049492757872,Large Cap,True
Goel Construct.,415.0,12.96,599.66,36.84,29.61,34.23,303.2738965214849,Small Cap,True
Goel Food,13.55,9.06,25.54,-47.59,-20.05,10.93,25.853844686128603,Micro Cap,True
Goenka Business,10.16,2.87,13.21,4150.0,151.88,83.14,0.23905882352941177,Micro Cap,True
Gogia Capital,49.09,0.0,31.03,-84.43,106.54,-15.94,315.28580603725123,Micro Cap,False
Gokak Textiles,67.3,0.0,43.74,24.69,33.58,-2.37,53.97385516079877,Micro Cap,False
Gokaldas Exports,854.75,62.55,6263.06,-31.97,5.27,8.39,1256.4309863295605,Mid Cap,True
Gokul Agro,217.58,17.38,6420.5,144.14,13.51,36.73,89.12099614975016,Mid Cap,True
Gokul Refoils,41.6,22.28,411.82,-11.9,22.76,8.42,47.21906923950057,Micro Cap,True
Golden Carpets,12.55,0.0,8.15,-66.67,-34.78,-5.41,37.65376537653766,Micro Cap,False
Golden Crest,373.5,1088.33,195.9,500.0,166.67,2.2,62.25,Micro Cap,True
Golden Legand Ls,9.39,1.36,13.96,265.0,779.87,91.63,2.572602739726028,Micro Cap,True
Golden Tobacco,27.24,9.05,47.97,-187.04,-18.28,0.0,-31.295955882352946,Micro Cap,True
Goldiam Intl.,464.85,30.77,5248.99,61.38,18.14,23.89,288.0468459536498,Mid Cap,True
Goldkart Jewels,136.9,64.73,229.79,-54.05,48.09,9.2,297.93253536452664,Micro Cap,True
Goldline Pharmaceutical,43.25,10.08,41.52,0.0,0.0,29.9,43.25,Micro Cap,True
Goldstar Power,7.85,7.64,224.67,0.0,0.0,0.0,7.85,Micro Cap,True
Golech.Glob.Fin.,30.81,0.0,16.95,76.92,-70.56,-5.17,17.414650689577208,Micro Cap,False
Golkunda Diamond,268.7,13.66,187.02,66.96,10.86,20.06,160.9367513176809,Micro Cap,True
Goodluck India,1404.7,25.84,4669.01,30.07,-1.46,14.42,1079.9569462597065,Small Cap,True
Goodricke Group,187.35,22.49,404.68,30.04,-21.23,5.06,144.07105505998155,Micro Cap,True
Goodyear India,761.55,23.1,1756.9,350.92,2.25,17.4,168.888051095538,Small Cap,True
Gopal Snacks,280.05,78.42,3491.29,119.01,29.02,12.14,127.87087347609697,Small Cap,True
Gorani Industrie,47.47,40.41,25.46,-88.24,8.47,7.95,403.65646258503386,Micro Cap,True
Gothi Plascon,37.0,20.85,37.74,33.33,14.55,21.1,27.750693767344185,Micro Cap,True
Gourmet Gateway,14.0,0.0,211.83,-183.33,16.4,6.01,-16.800672026881074,Micro Cap,False
Gowra Leasing,125.27,16.71,97.06,26.8,41.4,14.62,98.79337539432176,Micro Cap,True
Goyal Aluminiums,6.97,32.3,99.48,1162.5,80.9,10.14,0.552079207920792,Micro Cap,True
Goyal Associates,0.99,0.0,5.24,-400.0,-22.45,-4.36,-0.33,Micro Cap,False
Goyal Salt,119.1,18.78,213.19,26.79,80.54,19.64,93.93485290638063,Micro Cap,True
GP Eco Solutions,425.4,12.54,503.28,424.16,79.56,38.27,81.1584249084249,Small Cap,True
GP Petroleums,39.86,7.04,203.22,19.72,-10.95,10.9,33.294353491480116,Micro Cap,True
GPT Healthcare,147.51,28.67,1210.39,13.03,24.63,19.58,130.5051756170928,Small Cap,True
GPT Infraproject,131.37,17.06,1660.05,31.52,8.91,21.31,99.8859489051095,Small Cap,True
Gradiente Info.,2.97,2.25,6.69,108.0,827.74,1.3,1.4278846153846154,Micro Cap,True
Grameva,95.48,15.17,45.82,721.88,336.71,25.7,11.617267727648805,Micro Cap,True
Grand Continent,129.9,26.08,323.7,129.02,108.02,11.92,56.71993712339534,Micro Cap,True
Grand Foundry,13.61,230.11,41.42,656.25,0.0,116.54,1.7996694214876032,Micro Cap,True
Grand Oak Canyon,45.96,26497.67,2384.79,111.11,0.0,0.0,21.770640898109992,Small Cap,True
Granules India,764.2,31.43,18936.64,44.64,22.81,15.46,528.346238938053,Mid Cap,True
Graphisads,28.0,11.96,51.17,-62.56,6.06,5.49,74.7863247863248,Micro Cap,True
Graphite India,605.8,65.18,11835.85,-333.1,22.52,4.57,-259.8884598884598,Mid Cap,True
Grasim Inds,3126.6,41.91,212772.24,30.85,15.44,8.07,2389.453572793275,Large Cap,True
Gratex Industrie,26.13,72.0,7.92,300.0,81.43,4.47,6.5325,Micro Cap,True
Grauer & Weil,72.75,20.11,3298.57,92.35,4.49,21.35,37.82167923056927,Small Cap,True
Graviss Hospital,29.0,0.0,204.51,34.78,3.09,1.11,21.51654548152545,Micro Cap,False
Gravita India,1671.0,32.56,12333.39,-3.42,13.08,17.02,1730.1718782356595,Mid Cap,True
Gravity (India),11.01,6.68,85.9,2376.67,0.0,158.68,0.44454852685258833,Micro Cap,True
GRE Renew,151.0,17.86,215.75,140.12,78.63,34.81,62.885224054639345,Micro Cap,True
Greaves Cotton,214.09,43.42,4987.26,-5.9,21.56,10.09,227.5132837407014,Small Cap,True
Greenchef Appli.,52.4,0.0,121.94,-471.93,2.65,-1.94,-14.088672599682734,Micro Cap,False
Greencrest Finan,0.55,14.89,20.1,64.57,15.46,5.08,0.3342042899677949,Micro Cap,True
Greenhitech Ven.,57.0,98.72,74.04,-36.0,118.77,2.4,89.0625,Micro Cap,True
Greenlam Industr,260.67,112.84,6650.94,1797.12,25.8,8.22,13.740301087964916,Mid Cap,True
Greenleaf Envi.,79.55,6.52,47.17,26.9,38.88,34.47,62.68715524034673,Micro Cap,True
Greenpanel Inds.,195.61,0.0,2398.71,-95.34,6.52,-0.4,4197.639484978543,Small Cap,False
Greenply Industr,303.46,37.93,3790.28,150.93,19.65,14.27,120.93412505479614,Small Cap,True
Gretex Corporate,411.95,52.74,995.24,128.42,-41.84,13.88,180.34760528850364,Small Cap,True
Gretex Industrie,265.0,293.51,410.91,-92.09,43.97,3.01,3350.189633375476,Micro Cap,True
Grill Splendour,95.8,0.0,60.43,21.21,-10.77,-28.5,79.0363831367049,Micro Cap,False
Grindwell Norton,2228.0,59.35,24668.42,28.31,18.7,22.71,1736.4196087600344,Large Cap,True
GRM Overseas,92.24,25.71,1911.31,5.52,104.95,13.99,87.41470811220621,Small Cap,True
Groarc Industrie,5.81,34.97,11.89,381.82,372.73,1.16,1.2058445062471461,Micro Cap,True
Grob Tea Co,912.1,17.21,106.02,3.13,-39.53,7.36,884.4177252012023,Micro Cap,True
Grover Jewells,205.75,14.1,298.49,0.0,0.0,45.97,205.75,Micro Cap,True
Grovy India,51.38,23.63,68.52,345.0,105.59,10.16,11.546067415730338,Micro Cap,True
Growington Vent,0.84,11.41,53.95,265.62,73.92,12.37,0.22974673157923525,Micro Cap,True
GRP,1899.7,268.03,1013.17,-106.89,-9.87,6.7,-27571.84325108855,Small Cap,True
GSB Finance,32.69,0.0,19.61,-181.82,3.7,0.49,-39.95355658763138,Micro Cap,False
GSL Securities,49.4,0.0,21.12,1000.0,0.0,-3.98,4.490909090909091,Micro Cap,False
GSM Foils,233.0,16.55,328.36,83.63,79.11,35.36,126.88558514403964,Micro Cap,True
GSP Crop Science,414.45,19.06,1927.97,-9.49,30.68,18.95,457.905203844879,Small Cap,True
GSS Infotech,13.18,33.79,34.47,498.55,-31.0,0.72,2.201988138000167,Micro Cap,True
GTL,7.84,0.0,123.32,-104.17,-16.67,0.0,-188.00959232613877,Micro Cap,False
GTL Infra.,1.4,0.0,1793.28,94.92,-1.98,0.0,0.7182433819002667,Small Cap,False
GTN Industries,21.89,0.0,38.4,-206.88,-7.72,-7.75,-20.480913173652695,Micro Cap,False
GTN Textiles,8.63,0.0,10.05,-1944.44,0.0,-15.78,-0.4678926937173343,Micro Cap,False
GTPL Hathway,60.98,42.65,685.8,-235.59,3.69,3.37,-44.97381812818054,Small Cap,True
GTT Data,41.47,0.0,158.39,-152.0,477.09,-16.49,-79.75,Micro Cap,False
GTV Engineering,79.29,28.33,402.8,-27.67,42.74,30.36,109.62256325176276,Micro Cap,True
Gufic BioScience,361.65,57.43,3626.72,158.09,22.94,12.17,140.1255376031617,Small Cap,True
Guj Apollo Inds,359.5,78.36,466.27,120.89,-24.25,1.82,162.75069038888137,Micro Cap,True
Guj Inds. Power,159.54,6.15,2476.32,368.74,26.61,5.47,34.03592609975679,Small Cap,True
Guj Pipavav Port,153.81,14.85,7435.79,38.9,26.08,28.05,110.73434125269978,Mid Cap,True
Guj. Ambuja Exp,158.27,23.63,7259.38,322.57,15.78,12.51,37.454149608348914,Mid Cap,True
Guj. Containers,148.4,11.38,83.85,40.96,1.32,16.31,105.27809307604996,Micro Cap,True
Guj. Craft Inds,93.05,33.45,45.49,-104.88,-32.78,5.9,-1906.762295081969,Micro Cap,True
Guj. Credit Corp,22.84,85.62,6.85,308.33,0.0,0.07,5.593515049102442,Micro Cap,True
Guj. Inject(Ker),122.95,99.51,180.11,2242.86,624.06,22.89,5.247859453829934,Micro Cap,True
Guj. Lease Fin.,6.5,352.6,17.63,20.0,0.0,0.84,5.416666666666667,Micro Cap,True
Guj. Petrosynth.,55.44,14.02,33.09,-14.0,29.59,5.71,64.46511627906976,Micro Cap,True
Guj. Raffia Inds,40.72,20.96,22.01,310.0,239.07,6.36,9.93170731707317,Micro Cap,True
Guj. State Fin.,10.68,0.0,95.17,-1.83,1532.0,0.0,10.879087297545075,Micro Cap,False
Guj. Terce Labs.,34.44,10.78,26.83,107.08,-7.47,39.78,16.631253621788677,Micro Cap,True
Guj. Themis Bio.,393.5,91.85,4287.78,-9.25,17.2,17.86,433.60881542699724,Small Cap,True
Guj. Toolroom,0.54,9.74,75.19,238.19,-100.0,1.96,0.1596735562849286,Micro Cap,True
Guj.Nat.Resour.,101.85,157.98,1562.41,166.04,158.66,7.25,38.283716734325665,Small Cap,True
Gujarat Alkalies,623.7,0.0,4580.45,69.84,4.63,1.4,367.22797927461147,Small Cap,False
Gujarat Cotex,3.54,336.1,33.61,-200.0,7.12,2.54,-3.54,Micro Cap,True
Gujarat Fluoroch,3909.2,73.02,42942.56,-41.93,11.76,9.86,6731.8753228861715,Large Cap,True
Gujarat Gas,344.0,18.13,32275.14,-27.01,41.2,18.49,471.2974380052062,Large Cap,True
Gujarat Hotels,184.9,12.38,70.08,-6.55,23.66,14.07,197.85981808453718,Micro Cap,True
Gujarat Intrux,440.8,14.69,151.43,-23.26,11.89,21.27,574.4070888715142,Micro Cap,True
Gujarat Kidney,129.23,65.73,1018.89,293.75,212.68,14.48,32.820317460317455,Small Cap,True
Gujarat Peanut,73.95,10.28,75.89,50.0,30.14,17.93,49.300000000000004,Micro Cap,True
Gujarat Poly,81.91,2.5,70.03,-80.0,2.92,104.5,409.55000000000007,Micro Cap,True
Gujjubhai Industries,129.25,51.6,270.4,8.28,43.88,21.35,119.36645733284078,Micro Cap,True
Gulf Oil Lubric.,1085.5,14.63,5375.05,-1.75,13.68,27.46,1104.8346055979644,Mid Cap,True
Gulshan Polyols,190.59,11.08,1188.72,434.76,6.98,18.31,35.64028723165532,Small Cap,True
Guru Krupa Gems,36.59,96.54,55.03,-70.0,-84.66,3.39,121.96666666666665,Micro Cap,True
Gurunanak Agri.,37.05,7.31,44.46,36.52,34.61,27.24,27.13888075007325,Micro Cap,True
GVK Power Infra.,2.7,0.0,426.39,97.36,-100.0,-12.29,1.3680583704904743,Micro Cap,False
GVP Infotech,7.04,0.0,114.65,4.27,-71.71,-70.43,6.7517023113071835,Micro Cap,False
Gyan Developers,44.9,0.0,13.47,-102.9,-100.0,-0.84,-1548.275862068958,Micro Cap,False
H D I L,1.81,0.0,85.79,-2.49,-2.38,-0.11,1.8562198748846273,Micro Cap,False
H P C L,409.25,4.83,87081.14,77.58,4.84,22.23,230.45951120621694,Large Cap,True
H P Cotton Tex,100.35,13.43,39.36,-36.36,-24.35,19.04,157.683846637335,Micro Cap,True
H T Media,22.38,3.93,520.95,69.22,-0.49,7.42,13.225387070086276,Small Cap,True
H U D C O,208.27,10.33,41693.57,172.26,25.23,8.41,76.4967310658929,Large Cap,True
H. S. India,11.37,11.4,18.46,72.73,-0.82,7.08,6.582527644300352,Micro Cap,True
H.G. Infra Engg.,567.5,12.45,3698.46,-59.14,4.84,11.31,1388.888888888889,Small Cap,True
H.M. Electro,56.0,7.87,76.72,47.01,29.05,18.33,38.092646758723895,Micro Cap,True
Halder Venture,236.08,10.22,293.64,290.47,104.03,13.48,60.460470714779625,Micro Cap,True
Haldyn Glass,119.18,24.45,640.61,62.44,29.46,13.51,73.36862841664615,Small Cap,True
Haleos Labs Limited,1399.4,24.44,423.08,-85.19,-15.68,9.91,9449.020931802836,Micro Cap,True
Hamps Bio,26.25,0.0,22.87,-1745.45,43.27,-33.72,-1.5953082743322495,Micro Cap,False
Hampton Sky,9.78,0.0,268.18,-122.33,-107.95,6.07,-43.7975817286162,Micro Cap,False
Handson Global,52.01,0.0,65.51,-262.88,129.95,-0.37,-31.931483300589388,Micro Cap,False
Hannah Joseph,99.0,20.12,224.71,94.23,33.81,17.77,50.97049889306493,Micro Cap,True
Happiest Minds,342.45,23.07,5214.65,41.18,10.93,13.35,242.56268593285168,Mid Cap,True
Happy Forgings,1509.3,47.23,14244.58,23.55,20.42,18.19,1221.61068393363,Mid Cap,True
Happy Square,44.6,8.33,51.74,34.14,34.95,18.59,33.24884449083048,Micro Cap,True
Hardcast.& Waud,845.5,11.66,57.49,2177.78,89.83,11.24,37.11947598099904,Micro Cap,True
Hardwyn India,24.73,95.04,1207.9,96.55,27.85,4.7,12.582040193335029,Small Cap,True
Haria Apparels,5.55,11.96,8.49,-26.47,0.0,14.67,7.547939616483068,Micro Cap,True
Haria Exports,6.14,70.9,7.09,-100.0,0.0,0.7,inf,Micro Cap,True
Harig Crankshaft,9.1,0.93,9.56,571.16,0.0,128.37,1.3558614935335835,Micro Cap,True
Harikanta Overseas,72.61,16.43,71.64,0.0,0.0,0.0,72.61,Micro Cap,True
Hariom Pipe,401.35,16.39,1242.87,75.06,26.91,15.82,229.26425225636928,Small Cap,True
Harish Textile,65.68,3.95,21.91,21.71,11.16,26.48,53.964341467422564,Micro Cap,True
Hariyana Ship,100.95,5.66,62.29,713.04,0.0,11.79,12.416363278559482,Micro Cap,True
Harmony Capital,93.19,418.56,113.01,284.21,0.0,32.18,24.2549647328284,Micro Cap,True
Harri. Malayalam,204.7,12.97,377.88,75.53,7.62,15.28,116.61824189597219,Micro Cap,True
Harsha Engg Intl,416.25,24.42,3789.71,200.64,27.06,14.34,138.45463012240555,Small Cap,True
Harshdeep Horti.,85.01,10.93,136.82,24.45,14.69,29.46,68.30855765367619,Micro Cap,True
Harshil Agrotech,0.33,0.0,30.8,-197.81,-71.82,17.39,-0.33738881504958596,Micro Cap,False
Haryana Capfin,149.3,7.97,77.77,1814.29,-33.33,3.71,7.799236270366559,Micro Cap,True
Haryana Fin. Co.,65.5,162.31,1360.16,-293.33,57.14,3.76,-33.87989448093933,Small Cap,True
Haryana Leather,63.5,13.1,31.17,-2.5,9.83,8.2,65.12820512820512,Micro Cap,True
Hasti Finance,5.87,0.0,6.36,78.62,-72.73,-52.05,3.2863061247340726,Micro Cap,False
Hathway Bhawani,13.0,0.0,10.53,-178.26,-22.08,-9.33,-16.611295681063122,Micro Cap,False
Hathway Cable,11.73,25.23,2076.33,-67.68,6.37,2.54,36.29331683168318,Small Cap,True
Hatsun Agro,917.55,57.38,20438.27,18.32,14.93,15.28,775.4817444219067,Large Cap,True
Havells India,1178.3,43.7,73909.67,39.63,2.47,24.9,843.873093174819,Large Cap,True
Hawa Engineers,80.19,10.67,28.28,7.55,-18.39,16.16,74.56066945606695,Micro Cap,True
Hawkins Cookers,8013.0,32.31,4238.88,15.77,19.16,40.89,6921.48224928738,Small Cap,True
Haz.Multi Proj.,23.71,15.03,641.66,92.97,-36.5,12.02,12.286883971601805,Small Cap,True
HB Estate Devel.,75.0,14.72,172.2,-22.49,-0.78,7.53,96.76170816668817,Micro Cap,True
HB Leasing &Fin.,10.5,0.0,13.51,69.23,1400.0,-4.98,6.204573657152987,Micro Cap,False
HB Portfolio,59.29,236.37,63.82,-12.42,173.26,0.72,67.69810459008906,Micro Cap,True
HB Stockholdings,51.52,0.0,36.77,-38.83,28.57,-11.88,84.22429295406245,Micro Cap,False
HBG Hotels,93.85,69.77,192.57,51.22,15.17,0.73,62.061896574527175,Micro Cap,True
HBL Engineering,827.25,27.37,22930.95,44.18,27.03,58.45,573.7619642114024,Large Cap,True
HCKK Ventures,29.0,0.0,10.76,-1412.5,-100.0,-27.26,-2.2095238095238097,Micro Cap,False
HCL Infosystems,12.31,0.0,405.26,-41.07,13.55,-53.05,20.889190565077215,Micro Cap,False
HCL Technologies,1100.7,17.2,298693.12,4.2,12.35,30.6,1056.333973128599,Large Cap,True
HCP Plastene,216.5,9.92,231.11,65.64,16.77,19.42,130.7051436851002,Micro Cap,True
HDB FINANC SER,743.55,24.28,61742.66,41.38,11.24,9.09,525.9230442778328,Large Cap,True
HDFC AMC,2649.7,39.73,113580.25,-2.42,16.56,42.88,2715.412994466079,Large Cap,True
HDFC Bank,796.3,16.13,1226366.46,8.05,0.46,7.04,736.9736233225358,Large Cap,True
HDFC Life Insur.,585.45,66.51,127187.55,4.66,-17.78,10.3,559.3827632333271,Large Cap,True
Heads UP Venture,7.04,0.0,15.55,-382.73,120.47,1.57,-2.490008134969759,Micro Cap,False
Health X Platform,328.25,543.84,1044.18,-176.95,30.77,-0.05,-426.5756985055232,Small Cap,True
Health.Global,600.4,311.77,8964.1,162.36,11.48,8.31,228.84586064948923,Mid Cap,True
Healthy Life,7.5,9.3,37.22,28.05,95.61,10.56,5.8570870753611874,Micro Cap,True
HEC Infra Proj.,128.19,11.03,138.93,7.58,9.1,21.43,119.15783602900166,Micro Cap,True
HEG,520.05,29.69,10035.8,-72.6,12.42,8.34,1897.9927007299266,Mid Cap,True
Heidelberg Cem.,154.93,25.18,3510.92,-5.67,5.51,14.67,164.24255274037952,Small Cap,True
Helloji Holidays,120.05,32.94,41.18,-78.4,-10.09,14.26,555.7870370370371,Micro Cap,True
Helpage Finlease,21.89,7.41,21.78,-39.06,-6.51,12.68,35.920577617328526,Micro Cap,True
Hemang Resources,14.0,0.0,18.48,-172.73,-9.16,-2.03,-19.2492781520693,Micro Cap,False
Hemant Surgical,371.0,29.59,539.34,159.19,189.16,19.64,143.13823835796134,Small Cap,True
Hemisphere Prop,139.55,0.0,3977.18,-62.26,8.33,-1.14,369.76682564917854,Small Cap,False
Hemo Organic,20.11,0.0,6.97,-237.84,-61.41,-23.81,-14.589378990133486,Micro Cap,False
Heranba Inds,187.04,0.0,748.41,-39.36,-4.57,-1.65,308.44327176780996,Small Cap,False
Hercules Investments,121.35,50.3,388.32,0.0,81.25,1.05,121.35,Micro Cap,True
Heritage Foods,336.8,21.92,3125.37,-47.27,10.4,15.92,638.7255831594917,Small Cap,True
Hero Motocorp,4896.1,16.79,97967.5,25.72,30.18,35.76,3894.4479796372893,Large Cap,True
Hester Bios,2230.8,35.38,1897.71,993.46,22.19,15.25,204.01294971923986,Small Cap,True
Hexa Tradex,161.47,0.0,892.12,10.03,-3.33,-0.12,146.75088612196672,Small Cap,False
Hexagon Nutri.,57.49,29.67,706.66,0.0,0.0,17.01,57.49,Small Cap,True
Hexaware Tech.,494.85,20.62,30236.13,7.46,12.63,30.07,460.4969290898939,Large Cap,True
HFCL,215.0,105.56,32907.95,319.21,127.81,10.86,51.286944490827985,Large Cap,True
Hi-Green Carbon,141.8,67.11,354.36,-85.22,14.8,10.41,959.4046008119078,Micro Cap,True
Hi-Klass Trading,73.5,0.0,222.1,-217.81,1500.0,-1.46,-62.3885918003565,Micro Cap,False
Hi-Tech Pipes,89.85,23.96,1824.92,-0.17,101.76,9.77,90.00300510868476,Small Cap,True
High Energy Bat.,531.1,29.22,476.07,-14.81,-18.24,20.37,623.4299800446062,Micro Cap,True
Highness Microelectronics,177.55,22.36,91.68,245.65,19.32,27.39,51.36698972949515,Micro Cap,True
Highway Infra,47.14,10.55,338.09,-25.82,107.9,18.76,63.548126179563226,Micro Cap,True
Hikal,214.93,73.01,2650.1,22.51,-5.97,3.52,175.4387396947188,Small Cap,True
Hiliks Technolog,66.58,85.2,71.57,2200.0,677.56,5.39,2.8947826086956523,Micro Cap,True
Hilltone Softwar,43.98,386.4,57.96,42.55,14.36,0.74,30.852332514907047,Micro Cap,True
Hilton Met.Forg.,24.03,35.85,123.67,-96.91,13.05,5.64,777.6699029126204,Micro Cap,True
Him Teknoforg.,201.95,16.54,208.63,-8.23,12.13,9.08,220.0610221205187,Micro Cap,True
Himadri Special,678.1,45.68,34212.97,29.06,13.5,22.12,525.4145358747869,Large Cap,True
Himalaya Food,9.03,20.64,76.57,1460.0,2.79,1.96,0.5788461538461538,Micro Cap,True
Himatsing. Seide,89.85,18.23,1129.79,-98.53,-6.04,8.8,6112.24489795921,Small Cap,True
Hind Aluminium,102.1,11.29,64.33,-78.38,-46.61,8.08,472.2479185938944,Micro Cap,True
Hind Rectifiers,1121.0,96.26,3853.13,-129.43,51.21,18.57,-3809.0383961943594,Small Cap,True
Hind. Unilever,2174.2,33.55,510848.13,8.62,7.64,28.42,2001.6571533787514,Large Cap,True
Hind.Adhesive,302.75,9.72,155.01,-49.39,-9.61,13.42,598.2019363762103,Micro Cap,True
Hind.Aeronautics,4368.7,32.05,292167.73,5.52,1.77,31.96,4140.16300227445,Large Cap,True
Hind.Appliances,119.99,0.0,120.3,-800.0,0.0,-0.22,-17.14142857142857,Micro Cap,False
Hind.Bio Science,7.3,0.0,7.48,-209.09,-100.0,-2.43,-6.691722431020258,Micro Cap,False
Hind.Composites,411.55,18.4,607.82,-23.03,17.6,3.93,534.6888398077173,Small Cap,True
Hind.Construct.,26.76,51.0,7009.7,-34.57,-27.77,22.84,40.898670334708854,Mid Cap,True
Hind.Oil Explor.,160.08,66.95,2116.95,-84.81,-574.51,3.41,1053.851217906518,Small Cap,True
Hind.Organ.Chem.,37.6,0.0,252.56,169.38,-0.19,-0.02,13.957977578142401,Micro Cap,False
Hind.Tin Works,106.6,13.34,110.86,-58.72,-4.46,7.27,258.2364341085271,Micro Cap,True
Hindalco Inds.,953.2,12.23,214205.63,-22.12,20.41,13.67,1223.9342578325632,Large Cap,True
Hindcon Chemical,20.51,32.5,104.99,50.91,33.42,7.85,13.590881982638658,Micro Cap,True
Hindoo. Mills,160.4,0.0,26.63,-1345.45,3.3,-2.56,-12.878879119996787,Micro Cap,False
Hindprakash Indu,127.5,52.97,145.66,392.86,-20.17,8.5,25.869415249766668,Micro Cap,True
Hinduja Global,420.25,0.0,1955.01,-430.06,-6.58,1.42,-127.32533478761437,Small Cap,False
Hindustan Agrig.,44.96,329.67,19.78,7.69,0.0,1.24,41.749466059987,Micro Cap,True
Hindustan Copper,491.4,48.01,47519.56,133.05,58.06,42.4,210.8560394765072,Large Cap,True
Hindustan Foods,559.75,44.49,6782.08,34.17,16.47,14.2,417.19460386077367,Mid Cap,True
Hindustan Hardy,831.55,14.88,124.73,-28.79,18.01,27.78,1167.7432944811121,Micro Cap,True
Hindustan Media,85.29,4.05,628.34,-12.59,18.68,11.5,97.57464820958701,Small Cap,True
Hindustan Motors,17.25,43.21,359.94,671.83,0.0,20.28,2.2349481103351776,Micro Cap,True
Hindustan Zinc,518.05,16.03,218892.65,67.91,49.19,69.25,308.52837829789763,Large Cap,True
Hindusthan Insulators &,1259.65,29.17,908.77,229.62,28.9,10.71,382.1521752320854,Small Cap,True
Hindware Home In,250.63,1564.5,2096.43,-139.01,-5.19,7.02,-642.4762881312486,Small Cap,True
Hipolin,70.13,0.0,21.95,100.42,-10.45,-1.69,34.99151781259355,Micro Cap,False
Hira Automobile,204.0,280.5,56.1,-133.33,-25.65,7.53,-612.0612061206118,Micro Cap,True
Hisar Met.Inds.,155.66,24.87,84.06,100.0,21.48,8.02,77.83,Micro Cap,True
Hisar Spg. Mills,48.3,5.46,18.06,-36.54,0.84,14.51,76.11093602269145,Micro Cap,True
Hit Kit Global,2.39,143.11,12.88,120.83,270.0,0.65,1.082280487252638,Micro Cap,True
Hitachi Energy,33965.0,147.29,151390.04,79.71,46.21,29.02,18899.894274108286,Large Cap,True
Hitech Corp.,318.04,33.76,546.26,325.51,11.19,9.66,74.74324927733778,Small Cap,True
Hittco Tools,10.2,0.0,6.74,-75.0,-5.73,-5.86,40.8,Micro Cap,False
HLE Glascoat,380.45,49.38,2642.41,-9.28,17.37,11.79,419.36728395061726,Small Cap,True
HLV,7.83,101.02,516.2,-29.74,7.07,1.62,11.144321093082835,Small Cap,True
HMA Agro Inds.,21.98,6.68,1100.69,-39.71,5.3,15.99,36.45712390114447,Small Cap,True
HMT,68.39,0.0,2431.96,-9.31,-28.64,0.0,75.41073988311831,Small Cap,False
Hoac Foods,680.0,67.08,295.15,48.41,86.21,32.12,458.1901489117984,Micro Cap,True
Holmarc Opto,105.0,25.87,105.53,56.0,29.17,18.12,67.3076923076923,Micro Cap,True
Home First Finan,1191.7,23.05,12456.27,42.75,20.92,11.13,834.8161120840631,Mid Cap,True
Homesfy Realty,111.0,0.0,35.81,-29250.0,-27.0,-48.9,-0.38078902229845624,Micro Cap,False
Homre,2.33,0.0,46.57,-300.0,0.0,36.91,-1.165,Micro Cap,False
Honasa Consumer,417.7,66.88,13618.03,176.98,23.15,19.22,150.80511228247525,Mid Cap,True
Honda India,2196.6,31.05,2227.35,-29.45,-1.54,11.49,3113.536498936924,Small Cap,True
Honeywell Auto,39405.0,65.26,34834.02,14.61,5.94,16.78,34381.81659541052,Large Cap,True
Horizon Reclaim,140.0,26.02,273.22,0.0,0.0,36.47,140.0,Micro Cap,True
Howard Hotels,24.0,66.24,21.86,-18.87,-8.12,5.13,29.582152101565388,Micro Cap,True
HP Adhesives,35.5,43.6,326.16,-158.01,-11.83,5.61,-61.196345457679726,Micro Cap,True
HP Telecom,280.0,13.09,333.61,140.46,40.89,19.89,116.44348332362969,Micro Cap,True
HPL Electric,366.15,24.78,2354.36,-16.91,5.51,13.46,440.6667469009508,Small Cap,True
HRH Next,26.75,7.27,35.32,152.73,24.68,15.84,10.58441815376093,Micro Cap,True
HRS Aluglaze,247.95,46.78,478.1,311.59,89.25,18.87,60.24198838650113,Micro Cap,True
Hubtown,209.79,20.08,2981.13,546.18,65.37,9.52,32.466185892475785,Small Cap,True
Huhtamaki India,197.0,12.67,1487.78,-0.19,0.52,11.98,197.37501252379522,Small Cap,True
Humming Bird Edu,18.05,20.11,11.06,37.21,108.59,31.28,13.155017855841411,Micro Cap,True
HVAX Technolog.,664.35,12.9,184.48,29.92,17.61,19.66,511.3531403940887,Micro Cap,True
Hybrid Financial,21.88,23.86,64.41,69.23,-40.82,6.34,12.929149677953081,Micro Cap,True
Hypersoft Tech.,211.1,435.89,1782.78,0.0,0.0,0.0,211.1,Small Cap,True
Hyundai Motor I,1969.4,29.46,160021.84,-22.22,5.44,38.42,2532.0133710465416,Large Cap,True
I G Petrochems,450.05,624.29,1385.92,48.05,9.2,3.12,303.98514015535295,Small Cap,True
I O B,34.47,12.75,66377.47,43.23,11.21,6.07,24.066187251274176,Large Cap,True
I O C L,143.89,4.83,203190.5,77.99,6.67,18.78,80.84162031574806,Large Cap,True
I Power Solution,17.2,0.0,10.15,-59.09,0.0,-20.83,42.04351014421901,Micro Cap,False
I R C T C,514.1,29.78,41128.0,-0.44,15.07,46.09,516.3720369626355,Large Cap,True
I R F C,91.77,17.11,119929.68,0.15,9.11,5.64,91.63255117324013,Large Cap,True
I T D C,599.35,61.82,5140.59,12.03,-28.97,29.89,534.9906275104883,Mid Cap,True
IB Infotech,44.71,33.1,57.26,100.0,-79.09,48.04,22.355,Micro Cap,True
IBL Finance,57.2,57.98,141.46,20.0,26.98,8.46,47.66666666666667,Micro Cap,True
IC Electricals,0.0,12.93,180.79,0.0,0.0,21.98,0.0,Micro Cap,True
ICDS,42.32,50.58,55.13,-150.0,-77.87,4.83,-84.64,Micro Cap,True
ICE Make Refrig.,768.7,111.39,1212.99,-15.62,41.98,10.77,910.997866793079,Small Cap,True
ICICI AMC,3326.9,49.86,164434.87,10.37,19.53,115.1,3014.315484280149,Large Cap,True
ICICI Bank,1387.5,18.36,995339.18,9.28,2.49,7.2,1269.6742313323573,Large Cap,True
ICICI Lombard,1813.6,35.1,90529.88,7.25,12.78,21.88,1691.002331002331,Large Cap,True
ICICI Pru Life,491.05,44.31,71240.71,61.94,-79.69,10.14,303.2295912066198,Large Cap,True
Icodex Publish.,40.0,8.82,62.55,-65.66,9.16,24.87,116.48223645894,Micro Cap,True
Icon Facil.,81.45,14.48,64.02,33.94,15.22,23.41,60.810810810810814,Micro Cap,True
Iconik Sports,39.45,30.76,133.51,-64.04,44.37,10.46,109.70522803114575,Micro Cap,True
ICRA,5346.0,27.66,5159.55,-5.9,28.37,23.02,5681.190223166844,Mid Cap,True
IDBI Bank,86.4,10.09,92900.75,-3.85,11.75,6.5,89.85959438377536,Large Cap,True
Ideaforge Tech,824.75,0.0,3579.11,333.33,594.44,-2.44,190.32838714143958,Small Cap,False
Ideal Technopl.,190.0,34.17,95.0,-46.15,21.29,12.16,352.8319405756732,Micro Cap,True
Identical Brains,17.1,15.18,23.98,-86.45,-31.75,5.41,126.19926199261998,Micro Cap,True
Identixweb,67.0,13.08,69.96,60.47,65.75,26.63,41.75235246463513,Micro Cap,True
IDFC First Bank,79.22,41.7,68233.97,4.89,12.11,5.99,75.52674230145867,Large Cap,True
IDream Film,531.4,0.0,14377.2,-4266.67,0.0,0.0,-12.753589797128162,Mid Cap,False
IEC Education,23.19,0.0,35.39,-2850.0,0.0,-6.42,-0.8432727272727273,Micro Cap,False
IEL,6.65,481.72,86.71,368.18,4100.0,0.72,1.4203938656072452,Micro Cap,True
IFB Agro Inds.,896.8,13.8,840.3,547.24,58.46,13.07,138.55756751745872,Small Cap,True
IFB Industries,1278.4,33.64,5180.08,128.46,12.33,20.31,559.5727917359712,Mid Cap,True
IFCI,77.0,112.4,20746.22,-93.52,13.74,5.03,1188.2716049382702,Large Cap,True
IFGL Refractori.,185.54,36.13,1337.35,72.24,7.68,4.9,107.72178355782629,Small Cap,True
IFL Enterprises,0.39,0.0,48.56,-453.46,45.78,-3.31,-0.11033780342895942,Micro Cap,False
Igarashi Motors,473.45,122.65,1490.19,-48.04,19.26,4.48,911.1816782140106,Small Cap,True
IGC Industries,2.24,0.0,7.78,-13300.0,0.0,-7.9,-0.01696969696969697,Micro Cap,False
IIFL Capital,340.95,19.04,10687.1,-10.32,19.95,23.17,380.18510258697586,Mid Cap,True
IIFL Finance,509.7,13.05,21678.81,182.57,42.5,10.78,180.38008281133878,Large Cap,True
IIRM Holdings,131.1,36.6,893.37,179.84,15.35,20.36,46.84819897084048,Small Cap,True
IITL Projects,45.37,18.11,22.64,-40.62,100.0,9.25,76.40619737285279,Micro Cap,True
IKIO Tech,156.43,31.96,1208.9,804.7,47.25,9.46,17.290814634685532,Small Cap,True
IKOMA Technologies,74.8,754.57,173.55,94.07,-100.0,3.06,38.542793837275205,Micro Cap,True
IL&FS Engg.,30.45,100.82,399.26,154.23,-70.79,0.0,11.977343350509381,Micro Cap,True
IL&FS Inv.Manag.,8.28,67.36,260.02,-81.92,364.51,4.07,45.796460176991154,Micro Cap,True
IL&FS Transport,2.38,0.0,78.29,-1100.85,7.66,-18.13,-0.2377978718089624,Micro Cap,False
Imagica. Enter.,49.18,4417.32,2782.91,-97.76,-2.69,1.86,2195.5357142857165,Small Cap,True
IMEC Services,142.0,4.34,26.98,-68.58,-99.96,-7.09,451.94143857415656,Micro Cap,True
Impex Ferro Tech,2.41,0.0,21.19,48.07,0.0,0.0,1.6276085635172552,Micro Cap,False
Inani Marbles,10.75,111.11,20.0,158.57,-6.01,2.46,4.157481533047144,Micro Cap,True
Inani Securities,20.95,119.38,9.55,-102.86,-6.25,1.44,-732.5174825174836,Micro Cap,True
Incap,99.24,149.74,50.91,-288.24,65.79,4.36,-52.71993200169995,Micro Cap,True
Incon Engineers,22.08,0.0,9.55,-22.22,0.0,-90.67,28.38776034970429,Micro Cap,False
Incredible Indus,32.9,13.36,153.85,-22.6,-4.69,10.65,42.50645994832041,Micro Cap,True
Ind Bank Housing,46.21,0.0,46.21,60.0,0.0,-1.11,28.881249999999998,Micro Cap,False
IND Renewable,11.4,0.0,15.88,0.0,0.0,-4.58,11.4,Micro Cap,False
Ind-Agiv Commer.,57.0,0.0,17.42,97.18,-92.94,-11.1,28.907597119383304,Micro Cap,False
Ind-Swift Labs.,200.9,35.31,1747.06,9.35,22.82,4.7,183.72199359853684,Small Cap,True
Indag Rubber,84.97,21.91,223.05,150.47,10.39,5.0,33.92422246177187,Micro Cap,True
Indbank Merchant,33.74,21.36,149.74,-3.51,10.92,10.34,34.967354129961656,Micro Cap,True
Indef Manufactur,259.75,34.56,831.2,-33.66,28.43,9.45,391.5435634609587,Small Cap,True
Indegene,518.05,30.1,12480.46,-19.14,32.8,18.82,640.6752411575562,Mid Cap,True
Indergiri Fin.,22.1,0.0,11.18,110.97,142.37,-1.15,10.4754230459307,Micro Cap,False
India Cem. Cap.,17.56,0.0,38.12,-880.0,4.13,-0.35,-2.251282051282051,Micro Cap,False
India Cements,383.85,149.25,11895.4,229.2,2.6,1.62,116.60085054678008,Mid Cap,True
India Finsec,216.95,41.18,633.31,25.69,35.24,28.63,172.60720821067707,Small Cap,True
India Gelatine,356.9,10.08,253.12,-21.54,-26.67,17.65,454.8814682640836,Micro Cap,True
India Glycols,955.45,21.83,6404.07,35.71,13.11,12.43,704.0380222533344,Mid Cap,True
India Home Loans,30.99,442.6,44.26,-100.0,-0.8,8.48,inf,Micro Cap,True
India Homes,23.07,49.22,918.37,792.42,244700.0,17.52,2.5851056677349233,Small Cap,True
India Lease Dev.,10.22,751.0,15.02,185.71,46.67,0.2,3.5770536558048374,Micro Cap,True
India Motor Part,1094.4,14.15,1365.81,28.15,11.58,5.03,853.9992196644558,Small Cap,True
India Nipp.Elec.,957.65,21.75,2166.34,4.11,28.11,17.08,919.8443953510711,Small Cap,True
India Pesticides,163.49,15.71,1882.81,40.65,28.59,16.67,116.23889086384645,Small Cap,True
India Power Corp,7.47,56.79,727.42,321.39,21.47,3.49,1.7727046204228862,Small Cap,True
INDIA SHELTE FIN,768.75,16.63,8368.19,27.24,24.73,12.83,604.1732159698208,Mid Cap,True
Indiabulls,25.75,18.53,5998.57,259.74,302.18,16.17,7.157947406460221,Mid Cap,True
Indiamart Inter.,1955.4,24.78,11760.39,-72.2,13.86,28.04,7033.812949640287,Mid Cap,True
Indian Acrylics,5.65,0.0,76.46,-100.7,-10.76,-3.31,-807.1428571428437,Micro Cap,False
Indian Bank,832.6,9.58,112148.22,6.42,10.27,6.32,782.3717346363466,Large Cap,True
Indian CardCloth,214.96,28.07,127.71,-131.44,9.98,2.01,-683.7150127226463,Micro Cap,True
Indian Emuls,45.6,5.16,83.6,-6.17,66.68,15.18,48.5985292550357,Micro Cap,True
Indian Energy Ex,125.0,23.53,11146.16,10.69,21.94,51.79,112.92799710904328,Mid Cap,True
Indian Hotels Co,720.65,59.49,102579.64,14.48,14.03,17.06,629.4986023759608,Large Cap,True
Indian Hume Pipe,332.55,18.89,1751.93,-36.06,-10.41,9.14,520.0969659055365,Small Cap,True
Indian Infotech,0.6,73.45,101.36,41.47,773.97,0.65,0.42411818760161163,Micro Cap,True
Indian Link Ch.,773.2,0.0,206.83,-266.67,0.0,-1.6,-463.9107217855643,Micro Cap,False
Indian Metals,1327.0,16.87,7159.71,118.13,34.58,18.34,608.3528171274011,Mid Cap,True
Indian Phosphate,55.2,6.29,137.94,150.09,28.49,16.74,22.072054060538207,Micro Cap,True
Indian Renewable,127.47,19.12,35809.27,-1.8,14.22,8.69,129.80651731160896,Large Cap,True
Indian Sucrose,72.05,2.89,125.2,6.36,-1.36,17.48,67.74163219255358,Micro Cap,True
Indian Terrain,33.47,0.0,169.58,58.53,18.99,7.63,21.112723143884434,Micro Cap,False
Indian Toners,291.5,11.04,302.92,13.9,12.38,16.24,255.9262510974539,Micro Cap,True
Indian Wood Prod,33.37,46.82,213.48,-85.88,25.8,3.0,236.3314447592068,Micro Cap,True
IndiaNivesh,7.06,0.0,26.65,-1.78,-60.0,1.77,7.1879454286296065,Micro Cap,False
Indifra Ltd,12.65,922.0,9.22,157.69,582.49,0.22,4.908999185067329,Micro Cap,True
Indigo Paints,1006.25,32.04,4797.36,0.77,8.36,17.94,998.5610796864146,Small Cap,True
IndiGrid Trust,176.15,50.85,20047.25,60.05,156.15,7.94,110.05935645110904,Large Cap,True
Indiqube Spaces,169.82,0.0,3600.14,27.71,35.2,6.38,132.97314227546786,Small Cap,False
Inditrade Cap.,2.44,0.0,5.7,-3238.02,-124.96,-31.28,-0.07775603724641653,Micro Cap,False
Indl. Inv. Trust,128.72,0.0,290.23,-238.33,-666.85,-3.5,-93.05284464685894,Micro Cap,False
Indl.& Prud.Inv.,6529.0,17.17,1094.16,7.17,-19.64,7.72,6092.1899785387695,Small Cap,True
Indo Amines,137.95,12.62,1001.35,73.08,11.28,19.87,79.7030275017333,Small Cap,True
Indo Borax & Ch.,380.5,28.48,1221.02,35.84,25.72,15.6,280.1089517078916,Small Cap,True
Indo Cotspin,27.63,0.0,19.73,-200.0,-5.98,0.92,-27.63,Micro Cap,False
Indo Count Inds.,426.4,66.66,8445.04,14.96,3.43,8.14,370.9116214335421,Mid Cap,True
Indo Credit Cap.,8.55,103.0,6.18,0.0,8.33,1.03,8.55,Micro Cap,True
Indo Euro Indch.,10.32,29.19,9.34,175.0,112.57,3.79,3.752727272727273,Micro Cap,True
Indo Farm Equip.,144.69,28.16,695.26,-35.46,3.09,7.42,224.18655097613885,Small Cap,True
Indo National,345.3,0.0,258.98,-26237.5,10.31,-5.47,-1.321090387374462,Micro Cap,False
Indo Rama Synth.,45.63,7.79,1191.46,25.57,0.27,17.94,36.33829736402007,Small Cap,True
Indo SMC,375.9,26.53,859.13,344.37,186.09,33.91,84.59166910457502,Small Cap,True
Indo Tech.Trans.,2935.2,33.6,3117.18,14.01,15.98,37.71,2574.511007806333,Small Cap,True
Indo Thai Sec.,231.58,45.37,3001.7,1114.73,555.38,34.58,19.064318819820045,Small Cap,True
Indo US Bio-Tech,88.75,13.56,177.96,-46.47,-22.05,14.5,165.79488137492996,Micro Cap,True
Indo-City Info.,14.61,54.25,15.19,-64.29,-20.31,3.69,40.9129095491459,Micro Cap,True
Indobell Insul.,53.18,41.88,33.5,-81.25,-57.5,6.4,283.62666666666667,Micro Cap,True
Indoco Remedies,231.6,0.0,2137.75,38.96,21.89,0.93,166.66666666666666,Small Cap,False
Indogulf Cropsci,59.39,9.41,375.49,21.35,19.48,12.23,48.94107952204367,Micro Cap,True
Indokem,502.3,749.11,1400.83,-90.81,-16.41,6.29,5465.723612622417,Small Cap,True
Indong Tea Co,9.0,0.0,17.48,48.76,-48.09,-0.31,6.050013444474321,Micro Cap,False
Indosolar,404.7,6.83,1683.7,4.9,-56.72,123.8,385.7959961868446,Small Cap,True
Indostar Capital,258.43,0.0,4175.84,-3491.44,-6.95,-2.58,-7.620066992192108,Small Cap,False
Indowind Energy,9.1,0.0,146.51,-30.69,-20.51,2.22,13.129418554321164,Micro Cap,False
Indrapr.Medical,385.45,19.24,3533.54,1.68,9.31,35.83,379.08143194335173,Small Cap,True
Indraprastha Gas,170.38,15.39,23853.23,-25.18,5.45,17.9,227.7198609997327,Large Cap,True
Indrayani Biotec,9.7,0.0,75.72,-75.0,102.14,2.88,38.8,Micro Cap,False
Indsil Hydro,39.99,7.41,111.14,104.29,17.73,7.97,19.575113808801213,Micro Cap,True
Inducto Steel,55.0,40.91,22.09,2216.67,61.33,5.94,2.374097303457117,Micro Cap,True
Indus Finance,133.75,51.39,123.85,1092.31,457.84,14.97,11.217720223767309,Micro Cap,True
Indus Inf. Trust,125.48,20.04,7666.9,-27.91,-25.14,6.77,174.060202524622,Mid Cap,True
Indus Towers,393.55,14.53,103824.9,0.78,4.84,19.49,390.5040682675134,Large Cap,True
IndusInd Bank,918.95,80.51,71598.4,125.51,3.49,5.68,407.49855882222516,Large Cap,True
Infinity Infoway,409.9,31.89,223.52,89.64,136.67,35.12,216.1463826197005,Micro Cap,True
Infinium Pharma,209.75,26.9,326.86,75.13,45.17,13.1,119.76817221492605,Micro Cap,True
Inflame Applian.,224.55,29.0,168.21,-1.3,42.78,12.21,227.50759878419456,Micro Cap,True
Influx Health.,285.35,32.16,660.6,0.0,0.0,0.0,285.35,Small Cap,True
Info Edg.(India),978.85,44.59,63470.65,16.23,15.93,5.43,842.1663942183601,Large Cap,True
InfoBeans Tech.,157.85,17.66,1530.75,88.73,37.4,29.16,83.63800137762941,Small Cap,True
Infollion Resea.,171.55,13.3,166.52,-17.21,16.91,28.13,207.21101582316706,Micro Cap,True
Infomedia Press,5.73,0.0,28.76,13.7,0.0,0.0,5.03957783641161,Micro Cap,False
Infonative Solu.,26.81,11.14,31.76,-41.74,4.89,13.82,46.017851012701676,Micro Cap,True
Informed Techn.,80.75,134.68,33.67,-1742.86,-45.83,3.14,-4.915208843115056,Micro Cap,True
Infosys,1041.2,14.04,422475.11,20.87,13.38,39.95,861.4213617936628,Large Cap,True
Infronics Sys.,16.62,0.0,13.17,-139.02,-100.0,-24.79,-42.5935417734495,Micro Cap,False
Ingersoll-Rand,4489.8,53.56,14173.4,-20.32,-7.05,57.32,5634.789156626506,Mid Cap,True
Inland Printers,48.49,0.0,23.97,0.0,0.0,-8.82,48.49,Micro Cap,False
Innokaiz India,15.0,0.0,15.34,-102.33,3.41,-5.62,-643.7768240343382,Micro Cap,False
Innomet Advanced,129.45,106.69,167.51,-375.0,69.63,5.68,-47.07272727272727,Micro Cap,True
Innova Captab,941.35,38.38,5386.87,28.78,42.28,14.96,730.9753067246467,Mid Cap,True
Innovana Think.,309.6,16.77,639.63,-74.21,22.6,16.35,1200.4652966265994,Small Cap,True
Innovassynth Technologies,128.08,0.0,1189.36,6125.0,0.0,-24.87,2.057510040160643,Small Cap,False
Innovative Ideal,24.98,0.0,28.43,-310.04,-99.69,-44.43,-11.892972767091983,Micro Cap,False
Innovative Tech,13.44,16.14,30.19,115.81,-1.1,11.54,6.22770029192345,Micro Cap,True
Innovative Tyres,78.0,0.0,78.0,97.6,73.25,0.65,39.473684210526315,Micro Cap,False
Innovators,123.05,17.11,232.17,8.6,34.09,11.94,113.30570902394106,Micro Cap,True
Innovision,286.5,18.47,682.25,8.15,6.28,20.28,264.9098474341193,Small Cap,True
Inox Green,204.15,79.35,8196.46,287.66,6.4,8.42,52.66212660578857,Mid Cap,True
Inox India,1872.9,65.34,16999.1,11.19,24.7,33.48,1684.4140660131309,Mid Cap,True
Inox Wind,89.52,38.2,15471.18,-51.16,-2.4,10.48,183.29238329238325,Mid Cap,True
Insecticid.India,658.6,13.75,1916.38,-15.69,18.76,15.86,781.1647491400784,Small Cap,True
Insolation Ener,113.18,12.44,2495.05,64.76,100.1,22.2,68.69385773245934,Small Cap,True
Inspire Films,8.35,30.7,11.36,256.72,-14.13,2.92,2.3407714734245344,Micro Cap,True
Inspirisys Sol.,109.0,10.15,431.82,23.87,17.81,27.42,87.99547913134737,Micro Cap,True
Intec Capital,15.1,4.02,27.73,58.71,-9.63,18.39,9.514208304454666,Micro Cap,True
Integ. Capital,4.61,0.0,16.4,-1950.0,-16.0,3.01,-0.2491891891891892,Micro Cap,False
Integ. Proteins,149.0,1212.3,278.83,-9.52,-73.52,1.26,164.67727674624226,Micro Cap,True
Integra Capital,14.25,15.58,6.7,-16.0,-47.83,9.36,16.964285714285715,Micro Cap,True
Integra Engg.,216.2,48.27,744.27,-17.43,-5.99,18.52,261.8384401114206,Small Cap,True
Integra Essentia,1.37,751.47,240.47,-4980.0,34.23,1.86,-0.028073770491803283,Micro Cap,True
Integra Switch,150.0,0.0,43.22,-366.67,-85.71,-15.98,-56.24929688378895,Micro Cap,False
Integrated Perso,259.95,20.41,223.73,48.9,26.36,15.93,174.58025520483545,Micro Cap,True
Integrity Infra.,157.0,9.78,67.51,240.91,73.14,35.61,46.053210524771934,Micro Cap,True
Intellect Design,747.05,28.43,10471.82,-11.15,16.68,15.92,840.7990996060777,Mid Cap,True
Intense Tech.,100.26,15.45,236.86,240.44,-20.36,7.55,29.45012336975679,Micro Cap,True
Inter Globe Fin,70.0,42.2,94.95,19.82,25.41,3.17,58.42096478050409,Micro Cap,True
Inter State Oil,40.97,10.65,20.45,764.29,33.29,10.83,4.740307072857489,Micro Cap,True
Interactive Fin,13.98,2.7,9.69,443.59,234.12,16.35,2.5717912397211133,Micro Cap,True
Interarch Build.,1925.2,23.59,3228.92,-5.38,8.65,22.82,2034.6649756922427,Small Cap,True
Interglobe Aviat,5450.0,0.0,210728.34,-179.32,1.29,6.71,-6870.902672718104,Large Cap,False
Interiors & More,179.0,21.68,250.44,40.44,54.37,15.97,127.45656508117347,Micro Cap,True
International Gemological Instit,359.7,26.69,15544.78,25.22,26.51,30.72,287.2544321993292,Mid Cap,True
Interworld Digi.,0.2,0.0,9.57,-33.33,0.0,-0.31,0.2999850007499625,Micro Cap,False
Intl. Combustion,499.65,0.0,119.42,-76.58,-0.96,0.48,2133.4329632792487,Micro Cap,False
Intl. Conveyors,81.98,7.65,522.88,-69.38,77.71,20.6,267.73350751143045,Small Cap,True
Intl. Data Mgt.,32.52,0.0,7.15,-33.33,0.0,-280.0,48.777561121943904,Micro Cap,False
Intl. Travel Hse,322.15,11.29,257.54,-31.45,-6.0,17.93,469.94894237782637,Micro Cap,True
Intrasoft Tech.,78.08,9.59,127.36,34.04,4.62,6.29,58.25126827812593,Micro Cap,True
Inv.& Prec.Cast.,829.15,68.36,829.15,98.42,20.37,14.31,417.87622215502466,Small Cap,True
Inventure Grow.,0.95,28.58,99.75,-163.72,-39.68,2.22,-1.4908976773383553,Micro Cap,True
Inventurus Knowl,1704.3,40.55,29256.55,39.36,18.47,36.86,1222.94776119403,Large Cap,True
Invicta Diagnos.,67.35,17.24,84.67,0.0,0.0,20.28,67.35,Micro Cap,True
Invigorated Bus.,6.51,0.0,26.2,-25.0,0.0,0.0,8.68,Micro Cap,False
IOL Chemicals,133.66,26.86,3923.29,68.18,17.37,11.25,79.47437269592103,Small Cap,True
ION Exchange,398.65,37.86,5846.86,-61.96,3.44,14.06,1047.975814931651,Mid Cap,True
IP Rings,126.9,63.08,160.86,417.65,2.77,8.26,24.51463343958273,Micro Cap,True
Ipca Labs.,1618.3,34.15,41056.95,80.9,6.31,17.28,894.5826423438363,Large Cap,True
IRB Infra.Devl.,21.19,29.1,25593.28,37.98,-10.34,7.48,15.357298159153503,Large Cap,True
IRB InvIT Fund,60.98,14.15,4823.2,3.29,87.46,7.27,59.03766095459386,Small Cap,True
Ircon Intl.,134.16,21.19,12617.96,-9.13,-6.54,9.69,147.63948497854076,Mid Cap,True
Iris Clothings,39.65,46.61,754.66,43.53,50.45,16.05,27.624886783250886,Small Cap,True
IRIS Regtech Solutions,266.6,38.71,548.35,100.63,31.64,12.55,132.88142351592484,Small Cap,True
IRM Energy,265.5,20.49,1090.13,190.66,4.41,8.63,91.34383816142572,Small Cap,True
Ironwood Educa,43.82,18.76,73.53,171.7,2238.95,15.64,16.12808244387192,Micro Cap,True
iSERA Lifesciences,124.17,401.58,104.41,139.13,0.0,5.95,51.92573077405595,Micro Cap,True
ISF,0.72,0.0,6.84,-1084.21,-16.0,-12.93,-0.07315511933428841,Micro Cap,False
ISGEC Heavy,922.9,59.13,6786.04,-19.71,17.42,10.85,1149.4582139743432,Mid Cap,True
Ishaan Infrastru,16.02,0.0,10.37,26.67,0.0,-3.66,12.647035604326202,Micro Cap,False
Ishan Dyes,57.02,0.0,155.69,225.86,89.84,0.96,17.498312158595716,Micro Cap,False
Ishan Internat.,0.6,32.42,12.97,263.16,-68.39,3.43,0.16521643352792156,Micro Cap,True
Ishita Drugs,76.13,29.18,22.76,-37.93,-32.89,8.66,122.65184469147735,Micro Cap,True
ISL Consulting,22.99,0.0,55.18,-80.77,-39.77,-17.01,119.55278211128443,Micro Cap,False
IST,668.5,5.08,779.75,-156.65,21.97,12.74,-1180.052956751986,Small Cap,True
iStreet Network,48.54,68.99,342.21,11.43,586.92,23.57,43.560979987436056,Micro Cap,True
Italian Edibles,36.0,13.2,53.2,26.17,24.8,10.61,28.532931758738208,Micro Cap,True
ITC,290.0,17.38,363354.58,5.3,-5.01,38.93,275.4036087369421,Large Cap,True
ITC Hotels,173.68,41.34,36177.13,21.85,18.2,10.73,142.5359048009848,Large Cap,True
ITCONS E-Soluti.,299.4,51.28,269.71,26.02,23.67,13.09,237.58133629582605,Micro Cap,True
ITI,301.6,0.0,29048.88,65.61,-39.98,1.43,182.1146066058813,Large Cap,False
ITL Industries,263.75,9.36,84.51,-74.52,12.25,14.01,1035.125588697017,Micro Cap,True
Ivalue Infosolut,276.23,14.78,1509.05,10.37,4.6,25.12,250.27634320920544,Small Cap,True
IVP,159.61,8.68,164.88,131.33,10.1,14.14,68.99667142177842,Micro Cap,True
Iware Supplych.,365.0,25.97,391.13,0.0,0.0,28.38,365.0,Micro Cap,True
Iykot Hitech,20.11,0.0,20.87,111.11,-36.08,-32.31,9.525839609682157,Micro Cap,False
IZMO,1015.7,31.95,1519.75,151.09,82.51,12.58,404.51630889322547,Small Cap,True
J & K Bank,158.4,7.39,17442.73,37.23,1.87,5.84,115.42665597901333,Mid Cap,True
J A Finance,84.0,165.65,89.45,121.52,64.29,7.8,37.91982665222101,Micro Cap,True
J B Chemicals &,2243.9,50.14,36027.77,-16.99,-4.77,25.45,2703.16829297675,Large Cap,True
J J Finance Corp,47.1,0.0,13.28,55.81,63.41,0.3,30.229125216609972,Micro Cap,False
J K Cements,5577.0,42.03,43092.5,-7.62,8.55,15.11,6037.021000216498,Large Cap,True
J Kumar Infra,503.65,9.71,3810.89,-7.58,-3.69,18.34,544.9578013417009,Small Cap,True
J.G.Chemicals,416.8,24.79,1633.28,18.63,27.61,18.13,351.3445165641069,Small Cap,True
Jackson Invest,0.41,5.21,11.92,318.37,-20.0,5.33,0.09799937854052632,Micro Cap,True
Jagan Lamps,49.34,18.76,36.02,-52.5,-28.14,7.92,103.87368421052632,Micro Cap,True
Jagatjit Inds.,140.7,65.82,658.23,-146.6,-34.4,10.48,-301.931330472103,Small Cap,True
Jagjanani Text.,4.6,0.0,7.18,-33.33,0.0,0.0,6.899655017249136,Micro Cap,False
Jagran Prakashan,65.19,7.2,1418.89,207.47,-1.85,12.77,21.202068494487268,Small Cap,True
Jagsonpal Pharma,223.5,32.96,1471.42,29.97,9.63,22.73,171.9627606370701,Small Cap,True
Jagsonpal Services,47.95,0.0,87.29,-57.89,0.0,-35.47,113.86843980052244,Micro Cap,False
Jai Balaji Inds.,68.19,47.06,6220.91,-69.48,9.79,9.73,223.42726081258198,Mid Cap,True
Jai Corp,116.08,11.93,2037.26,-11.25,-10.9,13.27,130.7943661971831,Small Cap,True
Jai Mata Glass,1.76,0.0,17.6,89.66,-100.0,-10.27,0.9279763787830856,Micro Cap,False
Jaihind Industries,36.69,1568.0,31.36,100.0,150.0,0.12,18.345,Micro Cap,True
Jain Irrigat-DVR,24.39,0.0,47.06,85.3,7.78,0.0,13.162439287641662,Micro Cap,False
Jain Irrigation,34.98,0.0,2546.77,-164.41,4.3,5.31,-54.308337214718215,Small Cap,False
Jain Marmo Inds,22.0,229.67,6.89,109.09,67.86,2.95,10.521784877325553,Micro Cap,True
Jain Resource,349.55,34.25,12062.47,21.78,76.42,25.49,287.03399573000496,Mid Cap,True
Jainam Ferro,255.0,44.31,298.64,-47.21,-9.12,7.04,483.04603144534946,Micro Cap,True
Jainex Aamcol,121.4,19.6,27.25,842.86,30.19,10.59,12.875718558428613,Micro Cap,True
Jainik Power,147.9,15.14,212.2,64.57,9.73,29.88,89.87057179315794,Micro Cap,True
Jaipan Industrie,28.0,51.76,17.08,-14.29,-29.04,5.68,32.66830008167075,Micro Cap,True
James Warren Tea,257.5,7.67,95.28,-75.21,-60.25,6.93,1038.7252924566358,Micro Cap,True
Jamna Auto Inds.,130.79,21.86,5231.41,73.43,31.66,27.47,75.41371158392434,Mid Cap,True
Jamshri Realty,79.71,0.0,55.69,26.83,-9.52,5.92,62.84790664669242,Micro Cap,False
Jana Small Finan,448.5,14.47,4724.55,13.23,22.02,7.45,396.09644087256027,Small Cap,True
Jaro Institute,513.25,21.6,1143.03,17.26,-1.79,24.33,437.7025413610779,Small Cap,True
Jasch Gauging,509.3,15.66,230.81,-26.96,-1.77,21.21,697.289156626506,Micro Cap,True
Jasch Industries,270.5,13.8,183.89,149.22,56.58,19.21,108.53864055854265,Micro Cap,True
Jash Engineering,550.3,45.65,3477.55,56.91,-3.28,17.69,350.7105984322223,Small Cap,True
Jattashankar Ind,408.9,174.28,179.51,283.87,0.0,6.54,106.5204366061427,Micro Cap,True
Jauss Polymers,23.01,0.0,10.64,-463.64,0.0,-76.09,-6.327686723132769,Micro Cap,False
Jay Ambe Super.,105.65,19.26,93.82,127.03,40.51,24.49,46.53570012773643,Micro Cap,True
Jay Bee Laminati,89.25,11.03,201.42,32.91,53.65,16.49,67.1507034835603,Micro Cap,True
Jay Bharat Maru.,166.85,13.1,1806.15,302.35,25.44,16.44,41.46887038647943,Small Cap,True
Jay Jalaram Tech,139.95,19.35,169.69,49.85,45.93,12.08,93.3933933933934,Micro Cap,True
Jay Kailash,30.89,12.87,15.44,-40.98,21.38,8.24,52.33819044391731,Micro Cap,True
Jay Shree Tea,89.16,0.0,257.49,-329.15,10.0,1.18,-38.909011564477424,Micro Cap,False
Jay Ushin,872.0,18.94,336.59,83.67,16.89,12.38,474.7645233298851,Micro Cap,True
Jayabharat Cred.,16.33,0.0,8.17,17.65,0.0,0.0,13.880152996175095,Micro Cap,False
Jayant Agro Org.,210.85,12.55,632.55,54.01,2.0,11.58,136.90669437049542,Small Cap,True
Jayant Infratech,70.0,8.56,72.36,-29.68,-14.28,16.68,99.54493742889646,Micro Cap,True
Jayaswal Neco,85.76,17.69,8327.28,87.79,17.85,20.67,45.66803344161031,Mid Cap,True
Jayatma Enterp.,53.05,38.83,15.92,-20.0,-62.5,5.46,66.31249999999999,Micro Cap,True
Jayatma Industri,13.01,0.0,8.03,82.99,-76.23,-1.46,7.109678124487678,Micro Cap,False
Jaybharat Text,25.89,0.0,991.17,-56.28,444.16,-29.09,59.21774931381518,Small Cap,False
Jayesh Logistics,145.95,12.58,126.85,-18.06,4.32,21.78,178.11813522089332,Micro Cap,True
Jaykay Enter.,174.19,33.9,2269.47,586.84,458.03,8.18,25.3610739036748,Small Cap,True
Jayshree Chem.,6.15,106.12,18.04,2000.0,47.12,2.19,0.29285714285714287,Micro Cap,True
Jaysynth Orgo,13.0,11.89,175.38,63.58,13.04,13.45,7.947181807066878,Micro Cap,True
JBM Auto,693.1,72.99,16391.42,11.95,12.55,14.78,619.1156766413578,Mid Cap,True
JD Cables,235.8,16.76,531.76,69.09,70.11,33.63,139.45236264711102,Small Cap,True
Jeena Sikho,602.25,33.69,7486.01,78.97,54.79,70.74,336.50891210817457,Mid Cap,True
Jeevan Scienti.,80.41,139.28,160.17,223.85,111.63,5.01,24.829396325459314,Micro Cap,True
Jenburkt Pharma,1128.0,13.23,497.82,61.01,8.72,27.15,700.5776038755356,Micro Cap,True
Jet Freight,20.86,14.24,96.8,1711.76,12.87,28.51,1.1513666269263036,Micro Cap,True
Jet Knitwears,76.55,562.33,33.74,-98.59,-18.58,3.41,5429.078014184396,Micro Cap,True
Jet Solar,8.64,256.5,10.26,112.5,253.85,0.25,4.065882352941177,Micro Cap,True
Jetking Infotrai,103.5,0.0,65.24,-95.38,-21.32,-1.42,2240.2597402597394,Micro Cap,False
Jetmall Spices,68.3,0.0,40.93,0.0,-47.37,-4.77,68.3,Micro Cap,False
Jeyyam Global,26.9,9.3,127.77,-77.51,-30.09,10.84,119.60871498443753,Micro Cap,True
JFL Life,9.05,9.33,59.72,1975.0,437.51,18.19,0.43614457831325304,Micro Cap,True
Jhandewala Foods,28.05,7.08,42.79,25.7,147.57,14.27,22.315035799522672,Micro Cap,True
Jhaveri Credits,200.45,69.65,190.15,-65.22,-8.52,2.63,576.3369752731454,Micro Cap,True
JHS Sven.Lab.,7.73,0.0,67.56,12.93,29.92,-0.78,6.844948197998761,Micro Cap,False
JHS Svend.Retail,18.2,0.0,14.93,0.0,0.0,0.0,18.2,Micro Cap,False
Jigar Cables,67.0,33.54,60.38,30.11,-26.9,8.57,51.49488894012759,Micro Cap,True
Jindal Capital,32.93,21.01,23.74,254.55,75.32,11.16,9.287829643209703,Micro Cap,True
Jindal Drilling,553.3,7.5,1603.46,-32.23,7.29,15.4,816.4379518961192,Small Cap,True
Jindal Hotels,63.52,17.37,44.46,329.27,19.28,11.66,14.797213874717544,Micro Cap,True
Jindal Leasefin,93.32,30.52,28.08,195.16,248.5,24.97,31.616750237159504,Micro Cap,True
Jindal Photo,1068.2,0.0,1095.79,-119.37,-14.81,-1.38,-5514.713474445019,Small Cap,False
Jindal Poly Film,643.35,0.0,2817.0,-453.42,-68.66,5.36,-182.03553845283233,Small Cap,False
Jindal Poly Inve,1100.3,1.35,1156.42,-47.25,503.83,63.41,2085.8767772511846,Small Cap,True
Jindal Saw,260.72,16.95,16673.26,-52.13,-8.19,10.43,544.6417380405264,Mid Cap,True
Jindal Stain.,695.05,17.7,57301.28,47.2,11.17,19.3,472.1807065217391,Large Cap,True
Jindal Steel,1059.5,26.81,108078.33,172.66,23.02,9.7,388.57918286510676,Large Cap,True
Jindal Worldwide,30.84,44.29,3092.02,18.66,5.72,8.94,25.99022416989719,Small Cap,True
Jinkushal Indus.,106.03,33.67,407.01,898.04,146.0,9.74,10.623822692477257,Micro Cap,True
Jio Financial,239.43,102.82,158099.02,-13.88,106.49,1.86,278.01904319554114,Large Cap,True
JITF Infra Logis,314.0,0.0,807.1,107.37,14.07,15.39,151.42016685152143,Small Cap,False
Jivial Industrie,0.0,30.81,91.52,0.0,0.0,47.25,0.0,Micro Cap,True
Jiwanram Sheo,5.85,14.34,14.48,-66.97,21.75,2.77,17.711171662125338,Micro Cap,True
JK Agri Genetics,302.85,0.0,140.43,-574.07,-16.78,5.35,-63.88297086928091,Micro Cap,False
JK Lakshmi Cem.,594.6,17.32,7381.63,-29.39,0.21,12.48,842.090355473729,Mid Cap,True
JK Paper,341.9,22.36,6199.29,38.61,17.23,7.64,246.66329990621168,Mid Cap,True
JK Tyre & Indust,397.15,12.95,11449.42,111.55,12.37,15.52,187.73339636019853,Mid Cap,True
JM Financial,125.81,9.89,12039.51,-21.08,-5.46,11.63,159.41459706031424,Mid Cap,True
JMD Ventures,6.38,59.39,18.41,-158.82,-6.25,1.61,-10.846650799047946,Micro Cap,True
JMG Corporation,5.22,0.0,12.09,-140.0,-81.43,-13.43,-13.050000000000002,Micro Cap,False
JMJ Fintech,9.99,4.84,36.75,165.15,-12.44,20.24,3.767678672449557,Micro Cap,True
JNK,475.5,40.96,2660.61,146.6,77.25,17.35,192.82238442822384,Small Cap,True
Jocil,147.05,15.73,130.58,482.22,48.9,5.62,25.25677578922057,Micro Cap,True
John Cockerill,8840.5,0.0,4365.27,331.62,55.96,0.0,2048.213706501089,Small Cap,False
Johnson Pharma,0.5,0.0,27.5,-12058.82,0.0,-104.81,-0.004181014514809989,Micro Cap,False
Joindre Capital,48.79,8.31,67.51,-20.48,1.43,12.09,61.3556338028169,Micro Cap,True
JOJO,215.9,132.46,744.44,7883.33,781.12,17.05,2.704385262791342,Small Cap,True
Jolly Plastic,39.02,9513.0,95.13,-222.73,133.33,0.15,-31.79336755479508,Micro Cap,True
Jonjua Overseas,3.39,1.13,9.25,0.0,0.0,19.64,3.39,Micro Cap,True
Josts Engg. Co.,241.05,71.63,285.08,-100.66,-10.23,7.28,-36522.727272727614,Micro Cap,True
JP Power Ven.,17.94,27.28,12295.11,-108.59,3.39,6.97,-208.84749708963892,Mid Cap,True
JPT Securities,19.48,0.0,5.86,59.09,-100.0,-976.81,12.244641397950845,Micro Cap,False
JSL Industries,923.9,32.96,108.45,726.32,28.07,9.93,111.80898441281826,Micro Cap,True
JSW Cement,133.55,27.94,18207.74,998.1,10.86,11.05,12.161916036790823,Mid Cap,True
JSW Dulux,3199.1,40.34,14568.8,15.96,-12.92,22.73,2758.796136598827,Mid Cap,True
JSW Energy,573.5,48.2,105150.23,-8.94,41.05,8.16,629.8045244893477,Large Cap,True
JSW Holdings,12150.0,90.84,13486.5,37.24,12.49,0.51,8853.104051296998,Mid Cap,True
JSW Infrast,329.9,43.62,69279.05,-6.26,18.64,13.69,351.9308726264135,Large Cap,True
JSW Steel,1231.0,33.07,301035.38,115.02,14.19,10.9,572.5048832666729,Large Cap,True
JTEKT India,134.8,46.02,3739.31,18.62,20.2,9.84,113.64019558253247,Small Cap,True
JTL Defence,437.9,1707.22,460.95,182.93,10060.0,0.68,154.7732654720249,Micro Cap,True
JTL Industries,77.42,30.04,2957.77,104.58,47.55,9.57,37.8433864502884,Small Cap,True
Jubilant Agri,2023.0,23.5,3065.35,30.04,21.82,39.86,1555.6751768686559,Small Cap,True
Jubilant Food.,423.2,67.16,27924.65,66.39,19.31,14.59,254.34220806538855,Large Cap,True
Jubilant Ingrev.,621.65,34.42,9901.71,16.73,12.12,11.35,532.5537565321682,Mid Cap,True
Jubilant Pharmo,964.4,35.17,15362.89,-17.45,18.73,8.99,1168.2616596002422,Mid Cap,True
Julien Agro,1.42,44.53,16.92,-62.3,119.38,1.07,3.76657824933687,Micro Cap,True
Jullundur Motor,91.47,7.03,208.93,-2.94,8.57,15.26,94.24067587059551,Micro Cap,True
Jumbo Bag,57.9,6.66,48.46,7.02,-14.79,15.01,54.10203700242945,Micro Cap,True
June Industries,5.55,0.0,26.49,-2700.0,400.0,-112.2,-0.21346153846153845,Micro Cap,False
Jungle Camps,50.0,19.13,77.49,0.0,0.0,9.74,50.0,Micro Cap,True
Juniper Hotels,196.7,25.22,4376.62,23.71,8.62,8.05,159.00088917629938,Small Cap,True
Jupiter Info.,57.53,1153.0,57.65,56.02,-123.53,1.5,36.87347775926163,Micro Cap,True
Jupiter Life Lin,1375.3,47.61,9017.3,8.66,15.2,14.8,1265.6911466961162,Mid Cap,True
Jupiter Wagons,262.95,61.36,11237.7,-67.86,-25.31,9.16,818.1393901680149,Mid Cap,True
Just Dial,537.7,8.9,4573.09,-36.55,6.24,13.06,847.4389282899921,Small Cap,True
Justo Realfin,85.5,8.3,160.72,66.13,30.78,26.93,51.46571961716728,Micro Cap,True
Jyothy Labs,200.4,22.83,7358.98,-15.23,7.73,28.66,236.40438834493335,Mid Cap,True
Jyoti,62.59,8.03,144.54,-63.0,-22.93,12.45,169.16216216216216,Micro Cap,True
Jyoti CNC Auto.,761.45,51.54,17317.13,-16.89,4.08,21.32,916.1954036818676,Mid Cap,True
Jyoti Global,41.0,11.46,81.26,14.01,8.06,19.51,35.961757740549075,Micro Cap,True
Jyoti Resins,1010.65,17.33,1212.78,1.52,18.23,36.53,995.518124507486,Small Cap,True
Jyoti Structures,11.68,24.88,1394.19,52.05,42.25,2.24,7.681683656691877,Small Cap,True
K C P,170.57,10.88,2199.01,130.3,7.71,12.19,74.06426400347372,Small Cap,True
K G Denim,15.75,130.26,40.38,147.49,60.94,9.86,6.363893490646087,Micro Cap,True
K K Silk Mills,10.79,5.05,24.21,-39.06,13.15,11.23,17.705940269117164,Micro Cap,True
K P R Mill Ltd,1191.3,46.99,40720.3,11.06,0.89,20.16,1072.6634251755806,Large Cap,True
K Z Leasing,19.43,0.0,5.91,9.09,-47.06,4.87,17.810981758181317,Micro Cap,False
K-Lifestyle,0.2,0.0,20.45,82.4,-65.54,-5.85,0.10964912280701755,Micro Cap,False
K. V. Toys India,266.05,19.23,167.08,61.62,70.12,25.16,164.61452790496224,Micro Cap,True
K.P. Energy,348.95,13.04,2365.81,71.85,57.48,39.22,203.0549898167006,Small Cap,True
K&R Rail Engine.,27.54,0.0,104.95,-113.34,-92.24,8.29,-206.4467766116942,Micro Cap,False
K2 Infragen,65.85,6.25,83.09,-17.66,-0.99,14.69,79.97328151566674,Micro Cap,True
Kaarya Facilit.,25.49,8.54,23.83,67.63,-9.55,39.55,15.206108691761617,Micro Cap,True
Kabra Drugs,24.33,11.63,57.68,171.79,0.0,20.8,8.951764229736192,Micro Cap,True
Kabra Extrusion,245.02,0.0,856.9,76.81,-13.9,0.65,138.57813472088682,Small Cap,False
Kabra Jewels,103.0,4.36,108.0,126.99,26.38,20.43,45.376448301687304,Micro Cap,True
Kabsons Industri,20.6,34.59,35.97,-4600.0,10.41,9.28,-0.4577777777777778,Micro Cap,True
Kachchh Minerals,29.16,0.0,15.46,28.57,0.0,-57.3,22.68025200280003,Micro Cap,False
Kahan Packaging,40.0,9.3,10.88,3.45,8.57,13.86,38.66602223296278,Micro Cap,True
Kaira Can,1699.4,87.55,156.71,-73.54,5.66,3.68,6422.52456538171,Micro Cap,True
Kairosoft AI,75.51,0.0,8.93,96.31,0.0,-1.02,38.46467322092609,Micro Cap,False
Kaiser Corporat.,5.2,0.0,27.36,73.08,-40.38,-0.65,3.0043910330483015,Micro Cap,False
Kaizen Agro,8.91,123.81,45.81,-808.7,883.08,0.44,-1.2572315507266827,Micro Cap,True
Kajaria Ceramics,1196.6,36.65,19058.52,117.94,12.4,23.27,549.0501973020097,Mid Cap,True
Kaka Industries,194.0,14.12,265.0,56.22,35.19,19.36,124.1838432979132,Micro Cap,True
Kakatiya Cement,120.8,0.0,93.91,43.58,-25.29,-7.54,84.13428054046524,Micro Cap,False
Kakatiya Textile,9.54,0.0,5.54,-689.66,2.25,19.03,-1.6178814910287285,Micro Cap,False
Kalana Ispat,21.0,28.23,27.38,92.0,-2.18,3.49,10.9375,Micro Cap,True
Kalind,87.56,39.19,1067.27,6718.18,0.0,31.95,1.2842136757903133,Small Cap,True
Kallam Textiles,2.77,0.0,14.63,-130.12,12.29,-4.5,-9.196547144754312,Micro Cap,False
Kalpa Commer.,9.97,16.48,10.22,95.08,243.77,1.38,5.110723805618208,Micro Cap,True
Kalpat.,307.55,66.69,6332.88,1326.83,183.76,1.34,21.554775271055416,Mid Cap,True
Kalpataru Proj.,1384.2,24.16,23638.34,73.61,10.06,18.28,797.3043027475376,Large Cap,True
Kalyan Capitals,8.38,11.43,44.01,180.95,123.81,10.45,2.9827371418401856,Micro Cap,True
Kalyan Jewellers,377.8,28.31,39016.93,118.27,66.22,20.52,173.08837678105104,Large Cap,True
Kalyani Cast-Tec,647.5,26.03,464.94,20.87,-16.57,31.04,535.6995118722594,Micro Cap,True
Kalyani Forge,601.65,23.5,219.0,163.68,-3.34,12.16,228.174302184466,Micro Cap,True
Kalyani Invest.,5393.5,64.1,2356.96,-24.81,1.68,0.49,7173.161324644235,Small Cap,True
Kalyani Steels,818.7,13.69,3573.88,-9.3,-11.01,14.67,902.6460859977949,Small Cap,True
Kama Holdings,2607.2,8.66,8366.65,12.69,7.07,14.0,2313.6036915431714,Mid Cap,True
Kamadgiri Fash.,120.15,22.9,70.52,1150.0,4.73,8.09,9.612,Micro Cap,True
Kamanwala Housin,15.94,0.0,22.46,-103.44,-82.59,-2.26,-463.372093023256,Micro Cap,False
Kamat Hotels,185.13,12.77,545.76,41.69,19.2,15.83,130.65847977980096,Small Cap,True
Kamdhenu,28.23,10.16,795.76,1.99,4.96,29.39,27.679184233748405,Small Cap,True
Kamdhenu Venture,5.11,840.6,168.12,-241.27,-9.38,2.2,-3.6171869469809583,Micro Cap,True
Kanani Industrie,1.52,11.66,30.08,329.17,-61.7,3.92,0.354172006431018,Micro Cap,True
Kanchi Karpooram,372.5,31.36,161.81,-15.58,16.37,3.91,441.24615020137406,Micro Cap,True
Kanco Tea,52.71,0.0,27.0,-43.97,-36.07,-2.94,94.07460289130823,Micro Cap,False
Kandagiri Spinng,39.71,0.0,15.29,-247.06,-46.74,-11.56,-27.002583979328165,Micro Cap,False
Kandarp Digi,100.55,48.77,90.22,-15.67,4.01,11.22,119.2339618166726,Micro Cap,True
Kanel Indust.,47.3,0.0,74.5,475.0,0.0,-2.2,8.226086956521739,Micro Cap,False
Kanishk Alumin.,30.19,9.85,40.58,-19.52,26.1,13.79,37.512425447316105,Micro Cap,True
Kanishk Steel,55.25,30.33,157.13,183.23,15.83,9.1,19.50711435935459,Micro Cap,True
Kanoria Chem.,132.07,14.44,577.15,388.83,-29.44,5.95,27.01757257124154,Small Cap,True
Kanoria Energy,16.81,367.62,143.37,159.26,12.44,6.82,6.483838617603949,Micro Cap,True
Kanpur Plastipa.,189.69,12.16,464.34,21.9,6.37,17.18,155.61115668580806,Micro Cap,True
Kansai Nerolac,212.41,29.66,17177.9,15.06,7.54,11.99,184.60803059273422,Mid Cap,True
Kapil Raj Financ,2.07,41.18,22.65,0.0,0.0,3.98,2.07,Micro Cap,True
Kapston Services,364.45,39.58,1109.1,24.5,18.02,14.95,292.7309236947791,Small Cap,True
Karbonsteel Eng.,135.75,18.27,191.98,-60.21,-3.55,19.29,341.1661221412415,Micro Cap,True
Karma Energy Ltd,43.44,209.42,50.26,-373.33,-6.38,-3.77,-15.892876742399297,Micro Cap,True
Karnataka Bank,265.6,7.67,10045.08,61.74,-0.05,6.06,164.21417089155437,Mid Cap,True
Karnavati Financ,1.46,0.0,14.67,-557.95,900.0,-4.37,-0.3188120973905448,Micro Cap,False
Karnawati Innovation,1.3,1.87,7.02,18600.0,0.0,20.72,0.006951871657754011,Micro Cap,True
Karnika Industri,127.95,29.73,793.26,26.32,0.8,28.28,101.29037365421154,Small Cap,True
Kartik Invest.,7025.6,33.61,171.42,200.0,0.0,94.69,2341.866666666667,Micro Cap,True
Karur Vysya Bank,290.5,11.18,28077.05,41.22,15.41,7.64,205.7074068828778,Large Cap,True
Kasturi Metal,56.0,14.93,58.21,970.59,28.5,19.3,5.230760608636359,Micro Cap,True
Katare Spinning,101.0,0.0,28.79,-197.67,-29.5,-1.0,-103.40943995085493,Micro Cap,False
Kataria Indust.,101.5,18.03,218.54,37.66,-23.14,12.92,73.73238413482493,Micro Cap,True
Kati patang Life,15.95,0.0,80.05,-123.49,21.28,-29.11,-67.90123456790127,Micro Cap,False
Kaushalya,32.95,5.0,61.06,-5.24,61.06,16.95,34.77205571971296,Micro Cap,True
Kaushalya Infra.,837.55,87.88,29.0,-152.86,75.0,0.58,-1584.4684071131285,Micro Cap,True
Kaveri Seed Co.,925.6,16.09,4761.2,-21.23,18.68,18.79,1175.0666497397488,Small Cap,True
Kavveri Defence,63.8,309.35,383.59,-92.41,-88.78,1.14,840.5797101449266,Micro Cap,True
Kay Cee,76.15,4.95,93.09,-20.32,-29.47,22.3,95.56977911646588,Micro Cap,True
Kay Power &Paper,10.11,34.97,35.32,10.42,-59.79,1.54,9.15595000905633,Micro Cap,True
Kaya Ltd,246.94,0.0,375.04,-182.35,2.03,-45.49,-299.86642380085004,Micro Cap,False
Kaycee Inds.,890.0,56.71,282.44,-54.01,9.23,21.86,1935.2033050663188,Micro Cap,True
Kaynes Tech,3264.7,59.84,21884.8,-21.47,26.22,13.24,4157.264739589966,Large Cap,True
Kaytex Fabrics,60.45,5.1,88.86,-0.45,4.35,23.25,60.72325464590658,Micro Cap,True
KBS India,1.27,152.67,13.74,-266.67,-111.63,0.39,-0.7619847603047939,Micro Cap,True
KCD Industries,4.04,0.0,10.22,-416.67,-100.0,0.72,-1.2757760444626898,Micro Cap,False
KCK Industries,13.1,198.38,83.32,-21.57,3.24,1.83,16.70279229886523,Micro Cap,True
KCL Infra,1.21,12.31,20.44,2100.0,384.76,5.11,0.055,Micro Cap,True
KCP Sugar &Inds.,22.13,22.54,250.92,31.59,7.52,4.13,16.817387339463483,Micro Cap,True
KDDL Ltd,3170.4,43.72,3899.36,24.58,37.04,11.2,2544.8707657729974,Small Cap,True
KEC International,528.15,21.61,14059.35,-28.12,-7.02,14.5,734.7662771285476,Mid Cap,True
Keerthi Indus,38.0,0.0,30.48,-133.82,39.05,-25.32,-112.3595505617978,Micro Cap,False
KEI Industries,5268.0,54.84,50362.39,25.5,19.27,20.07,4197.609561752988,Large Cap,True
Kellton Tech,15.38,8.92,817.3,1.67,9.63,14.96,15.127372873020558,Small Cap,True
Keltech Energies,7001.6,26.6,700.16,-11.48,2.29,20.51,7909.6249435155905,Small Cap,True
Kemistar Corp.,48.86,93.88,52.57,44.83,42.96,3.43,33.73610439826003,Micro Cap,True
Kemp & Co.,1189.0,0.0,128.41,-172.97,9.21,-1.46,-1629.4367548307523,Micro Cap,False
Ken Enter.,39.85,6.35,97.89,36.94,34.26,24.99,29.10033591353878,Micro Cap,True
Kennametal India,3030.6,48.09,6660.73,110.66,39.19,17.55,1438.621475363144,Mid Cap,True
Kenrik Indust.,7.88,0.0,9.85,-193.65,9.67,0.27,-8.414308595835557,Micro Cap,False
Kenvi Jewels,2.26,33.6,28.56,-221.43,-10.42,7.74,-1.8611545746520626,Micro Cap,True
Kerala Ayurveda,187.1,0.0,243.14,50.06,10.92,-9.77,124.68345994935359,Micro Cap,False
Kernex Microsys.,2035.7,38.72,3420.71,109.45,206.46,47.83,971.9264740988302,Small Cap,True
Kesar Enterprise,6.45,0.0,65.01,55.13,163.21,-25.16,4.157803132856315,Micro Cap,False
Kesar India,1253.0,126.52,3780.47,808.75,108.61,23.36,137.88170563961486,Small Cap,True
Kesar Petroprod.,18.03,20.8,201.35,-355.56,13.37,7.46,-7.055094694005322,Micro Cap,True
Kesar Terminals,63.16,30.95,69.01,91.53,9.09,8.17,32.9765571973059,Micro Cap,True
Kesoram Inds.,11.13,0.0,345.82,23.71,-0.98,-3.61,8.996847465847546,Micro Cap,False
Keto Motors,179.4,0.0,1263.59,800.0,0.0,-0.3,19.933333333333334,Small Cap,False
Kewal Kir.Cloth.,504.55,21.91,3109.3,6.42,12.38,18.08,474.11200902086074,Small Cap,True
Key Corp,62.04,0.0,37.22,-61.14,102.07,-4.07,159.65002573340198,Micro Cap,False
Keynote Finan.,243.95,19.65,135.8,-29.0,103.89,6.9,343.59154929577466,Micro Cap,True
Keystone Realtor,384.55,61.56,4854.58,-19.1,172.89,4.68,475.33992583436344,Small Cap,True
KFin Technolog.,874.15,42.83,15107.73,-1.11,22.86,30.48,883.9619779553038,Mid Cap,True
KG Petrochem,175.05,20.54,91.39,235.14,-34.87,4.37,52.2319030852778,Micro Cap,True
Khadim India,108.89,47.88,200.12,-86.1,-10.92,6.87,783.3812949640287,Micro Cap,True
Khaitan (India),138.42,10.85,65.75,-14.53,41.42,20.1,161.95156195156193,Micro Cap,True
Khaitan Chemical,55.62,7.85,539.45,-37.2,20.1,18.4,88.56687898089173,Small Cap,True
Khandelwal Extra,189.6,76.76,16.12,333.33,7.14,9.59,43.7541827244825,Micro Cap,True
Khandwala Sec.,17.67,0.0,26.95,78.54,94.92,-3.47,9.896941861767672,Micro Cap,False
Khazanchi Jewell,629.3,17.42,1557.32,104.07,-18.35,34.79,308.37457735090896,Small Cap,True
KHFM Hospitality,63.9,46.95,147.43,-33.55,-1.93,8.2,96.16252821670427,Micro Cap,True
Khoobsurat Ltd,0.5,0.0,23.51,-683.33,0.0,-1.63,-0.08571477551300292,Micro Cap,False
Khyati Global,53.0,5.97,36.98,58.37,37.39,16.23,33.46593420471049,Micro Cap,True
Kiaasa Retail,33.77,5.51,61.56,0.0,0.0,16.11,33.77,Micro Cap,True
KIC Metaliks,35.99,121.67,127.75,132.5,37.97,4.02,15.479569892473117,Micro Cap,True
Kiduja India,16.0,17.22,38.4,103.42,0.0,27.16,7.865499950840625,Micro Cap,True
KIFS Financial,119.4,16.17,129.19,-40.63,81.52,8.18,201.1116725619,Micro Cap,True
Kilburn Engg.,485.7,27.5,2645.38,21.8,49.03,23.18,398.76847290640393,Small Cap,True
Kilitch Drugs,185.31,21.47,647.87,39.62,46.33,14.37,132.72453803180062,Small Cap,True
Kimia Bioscien.,32.88,20.94,155.56,-81.41,-28.87,25.09,176.8692845615922,Micro Cap,True
Kinetic Engg.,288.4,383.64,686.71,35.48,16.06,3.61,212.87274874520222,Small Cap,True
Kinetic Trust,28.45,63.73,9.56,-103.45,-45.13,5.72,-824.6376811594208,Micro Cap,True
Kingfa Science,5059.0,37.01,6855.64,41.17,23.2,23.2,3583.6225827017074,Mid Cap,True
Kings Infra,124.0,18.57,303.87,81.91,46.26,19.75,68.16557638392612,Micro Cap,True
KIOCL,391.75,1436.85,23808.65,244.77,-10.6,1.38,113.62647562142877,Large Cap,True
Kiran Print Pack,30.08,125.42,15.05,200.0,41.18,4.81,10.026666666666666,Micro Cap,True
Kiran Syntex,16.94,0.0,7.2,-700.0,591.76,0.0,-2.8233333333333337,Micro Cap,False
Kiran Vyapar,195.14,521.98,532.42,18.9,-11.09,1.59,164.121110176619,Small Cap,True
Kiri Industries,386.9,0.0,2521.35,699.61,22.18,-1.69,48.38608821800627,Small Cap,False
Kirl. Brothers,2018.5,39.66,16028.69,-6.26,10.44,20.81,2153.2963516108384,Mid Cap,True
Kirl. Electric,113.16,46.42,751.54,83.64,26.67,18.25,61.62056196906992,Small Cap,True
Kirl. Ferrous,489.65,20.8,8078.85,36.04,2.58,13.77,359.93090267568357,Mid Cap,True
Kirl.Pneumatic,1899.2,45.87,12337.81,68.58,21.13,30.36,1126.5867837228616,Mid Cap,True
Kirloskar Indus.,3928.3,25.36,4128.4,1.17,4.55,6.98,3882.8704161312644,Small Cap,True
Kirloskar Oil,2484.3,60.85,36116.74,42.9,20.97,14.72,1738.488453463961,Large Cap,True
Kisaan Parivar,15.7,17.28,13.82,-133.96,-69.14,15.1,-46.2308598351001,Micro Cap,True
Kisan Mouldings,37.01,0.0,442.13,-762.0,-3.29,-1.78,-5.590634441087613,Micro Cap,False
Kitex Garments,162.43,323.4,3240.48,-111.83,-44.64,1.53,-1373.0346576500415,Small Cap,True
Kizi Apparels,14.9,11.53,11.65,-2.22,105.21,11.33,15.238290038862754,Micro Cap,True
KJMC Corporate,54.6,10.94,21.44,60.47,92.44,5.87,34.025051411478785,Micro Cap,True
KJMC Financial,55.7,15.59,26.66,41.67,1640.0,2.56,39.3167219594833,Micro Cap,True
KK Shah Hospital,45.4,0.0,30.91,57.14,-7.24,-5.49,28.891434389716174,Micro Cap,False
KKalpana Inds.,7.06,84.08,66.42,-91.18,-0.31,2.03,80.04535147392295,Micro Cap,True
Kkalpana Plastic,27.54,253.83,15.23,0.0,0.0,1.11,27.54,Micro Cap,True
KKV Agro Powers,553.25,10.55,34.5,-268.29,17.7,16.37,-328.7479945332462,Micro Cap,True
KM Sugar Mills,26.07,4.49,239.84,-16.46,-30.84,13.35,31.206607613119463,Micro Cap,True
KMC Speciality,129.15,45.08,2106.44,223.67,34.99,26.04,39.90175178422468,Small Cap,True
KMF Builders,6.65,0.0,8.1,-117.24,-100.0,-3.47,-38.57308584686778,Micro Cap,False
KMG Milk Food,50.0,663.0,26.52,73.91,-100.0,9.55,28.75050313380484,Micro Cap,True
KN Agri Resource,210.98,16.65,527.43,-20.45,-2.97,13.33,265.21684475172844,Small Cap,True
Knowledge Marine,2240.0,69.49,5475.48,140.68,42.42,16.31,930.6963603124481,Mid Cap,True
Knowledge Realty,115.12,135.97,51048.81,0.0,0.0,0.0,115.12,Large Cap,True
KNR Construct.,134.2,8.63,3774.17,-50.12,-28.67,10.39,269.04570970328786,Small Cap,True
Kobo Biotech,7.52,0.0,17.92,-8.13,0.0,-52.9,8.185479481876564,Micro Cap,False
Kody Technolab,1012.65,86.36,1447.43,65.5,52.93,16.77,611.8731117824773,Small Cap,True
Kohinoor Foods,25.84,0.0,95.79,105.93,41.1,-1.08,12.547953187976495,Micro Cap,False
Kokuyo Camlin,88.48,35.8,887.49,-34.4,13.1,10.2,134.8780487804878,Small Cap,True
Kolte Patil Dev.,368.35,0.0,3266.53,-124.48,-65.41,-0.06,-1504.6977124183,Small Cap,False
Konark Synth,43.95,0.0,25.53,93.55,-24.25,4.99,22.70731077241023,Micro Cap,False
Konndor Indust.,23.62,0.0,13.03,-108.33,-100.0,9.37,-283.5534213685477,Micro Cap,False
Konstelec Engg.,43.85,9.08,66.21,452.88,-3.38,11.01,7.9311966430328456,Micro Cap,True
Kontor Space,58.5,15.93,36.15,0.0,0.0,15.43,58.5,Micro Cap,True
Kopran,189.63,35.59,915.64,94.94,35.77,6.65,97.27608494921515,Small Cap,True
Kore Digital,115.9,3.8,139.36,-51.61,-36.24,38.1,239.51229592891096,Micro Cap,True
Kotak Mah. Bank,409.0,21.39,406820.4,4.53,6.29,6.93,391.27523199081605,Large Cap,True
Kothari Ferment.,43.9,0.0,65.85,20.95,0.9,0.24,36.295990078544854,Micro Cap,False
Kothari Indl,163.32,0.0,1764.21,-145.62,68.51,-28.92,-358.0008768084174,Small Cap,False
Kothari Petroche,123.86,10.03,728.87,3.01,-0.04,28.6,120.24075332491991,Small Cap,True
Kothari Products,71.09,19.8,424.32,-118.99,42.08,2.63,-374.35492364402324,Micro Cap,True
Kothari Sugars,24.96,0.0,206.89,191.3,16.39,-5.52,8.568486096807415,Micro Cap,False
Kotia Enterprise,24.69,7.37,17.33,5360.0,0.0,4.2,0.4521978021978022,Micro Cap,True
Kotyark Indust.,45.45,27.38,513.9,543.45,220.54,15.31,7.063485896340041,Small Cap,True
Koura Fine Diamo,34.31,27.25,20.71,300.0,23.47,7.59,8.5775,Micro Cap,True
Kovai Medical,6019.0,26.94,6584.79,15.81,15.87,22.19,5197.305932130213,Mid Cap,True
Kovil. Lak. Rol.,100.6,19.03,90.96,-17.31,-7.65,10.05,121.65920909420728,Micro Cap,True
KP Green Engg.,371.55,13.68,1857.75,66.47,65.06,36.69,223.19336817444588,Small Cap,True
KPI Green Energy,398.7,16.61,7881.18,46.5,39.76,13.85,272.15017064846415,Mid Cap,True
KPIT Technologi.,742.6,30.09,20357.92,-33.38,11.95,26.31,1114.6802761933354,Large Cap,True
KPT Industries,490.8,13.37,166.87,-5.32,26.15,20.45,518.3776932826363,Micro Cap,True
Kranti Industrie,66.18,36.88,84.45,50.0,45.06,7.05,44.120000000000005,Micro Cap,True
Kratikal Tech,0.0,24.41,149.86,0.0,0.0,72.58,0.0,Micro Cap,True
KRBL,385.35,13.61,8820.27,0.76,5.77,15.16,382.4434299325129,Mid Cap,True
Krebs Biochem,66.24,0.0,142.82,71.7,11.64,-15.37,38.578916715200926,Micro Cap,False
Kreon Finnancial,66.39,18.49,134.25,145.57,40.5,18.45,27.035061285987698,Micro Cap,True
Kretto Syscon,0.57,19.11,38.61,71.32,-56.33,4.0,0.3327107167872986,Micro Cap,True
Kridhan Infra,2.96,33.36,33.03,16.46,-82.95,0.0,2.541645200068693,Micro Cap,True
Krishana Phosch.,724.6,24.36,4387.64,152.83,59.76,27.24,286.5957362654748,Small Cap,True
Krishanveer Forg,156.05,18.38,170.72,104.83,22.86,26.21,76.18512913147488,Micro Cap,True
Krishca Strapp.,175.05,22.45,260.65,-13.81,64.8,12.88,203.09780717020539,Micro Cap,True
Krishival Foods,404.6,50.63,1087.52,32.68,38.42,16.21,304.94422671088336,Small Cap,True
Krishna Capital,59.27,0.0,18.72,-233.33,-38.1,-1.92,-44.45361134028351,Micro Cap,False
Krishna Defence,1275.0,49.97,1904.01,64.44,42.18,31.07,775.3587934809049,Small Cap,True
Krishna Institu.,795.35,134.69,33405.22,-50.66,34.85,9.29,1611.978111066072,Large Cap,True
Krishna Vent.,46.8,168.47,50.54,247.62,3453.85,4.18,13.462976813762154,Micro Cap,True
Kriti Industries,70.77,105.65,372.93,257.1,3.11,7.21,19.817978157378885,Micro Cap,True
Kriti Nutrients,82.93,12.28,415.51,25.05,27.58,20.15,66.3174730107957,Micro Cap,True
Kritika Wires,5.84,20.6,155.51,-39.71,-38.66,8.9,9.68651517664621,Micro Cap,True
KRM Ayurveda,262.1,27.7,557.25,148.95,30.58,35.31,105.28218517774656,Small Cap,True
KRN Heat Exchan,1191.0,101.95,7796.11,57.09,36.49,16.06,758.1641097460055,Mid Cap,True
Kronox Lab,153.12,20.54,568.14,26.58,0.0,36.0,120.9669774055933,Small Cap,True
Kross Ltd,189.46,22.14,1222.2,30.9,21.89,16.43,144.7364400305577,Small Cap,True
Krsnaa Diagnost.,538.25,17.0,1746.01,105.89,-0.93,12.7,261.4260041769877,Small Cap,True
Krupalu Metals,33.38,7.08,19.6,312.16,157.19,18.85,8.09879658385093,Micro Cap,True
Krypton Industri,34.84,19.4,51.21,450.0,14.79,11.22,6.334545454545455,Micro Cap,True
Krystal Integrat,600.7,13.04,839.3,11.34,-11.66,15.86,539.5185917010958,Small Cap,True
KS Smart Technlogies,155.45,34.23,2550.47,0.0,0.0,0.0,155.45,Small Cap,True
KSB,934.35,59.08,16261.35,-22.87,0.99,24.7,1211.3963438350836,Mid Cap,True
KSE,188.2,7.17,602.24,-110.72,4.43,33.56,-1755.5970149253737,Small Cap,True
KSH Internationa,844.4,51.37,5721.29,87.16,100.52,21.36,451.1647787988887,Mid Cap,True
Kshitij Polyline,4.35,18.9,67.1,144.36,46.33,8.43,1.780160419053855,Micro Cap,True
Ksolves India,285.25,20.45,676.62,40.5,25.85,127.4,203.02491103202846,Small Cap,True
KSR Footwear,31.59,0.0,58.06,210.22,9.04,-10.02,10.183095867448907,Micro Cap,False
Kuantum Papers,76.42,15.9,666.87,-45.1,8.51,5.19,139.1985428051002,Small Cap,True
Kuber Udyog,18.78,13.44,6.45,725.0,890.0,8.77,2.2763636363636364,Micro Cap,True
Kuberan Global,28.38,0.0,5.98,17.39,-100.0,-19.76,24.175824175824175,Micro Cap,False
Kumbhat Fin.,23.8,15.28,12.68,-29.88,68.0,11.73,33.94181403308614,Micro Cap,True
Kundan Edifice,74.3,9.82,76.32,-23.47,0.4,19.09,97.0861100222135,Micro Cap,True
Kunststoff Inds.,23.89,9.63,16.46,91.3,4.28,17.11,12.488238369053844,Micro Cap,True
Kush Industries,7.06,0.0,10.77,400.0,0.0,-2.61,1.412,Micro Cap,False
Kuwer Industries,11.99,5.44,10.88,2100.0,118.68,8.84,0.545,Micro Cap,True
KVS Castings,62.0,16.49,116.27,-15.79,2.04,15.78,73.62546015912599,Micro Cap,True
Kwality Pharma,2439.3,37.24,2531.07,74.6,35.81,24.25,1397.0790378006875,Small Cap,True
Kwality Wall's,34.76,0.0,8167.18,0.0,0.0,0.0,34.76,Mid Cap,False
L G Balakrishnan,1587.4,15.98,5062.6,-6.89,21.79,19.82,1704.8652131887015,Mid Cap,True
L T Foods,385.55,21.41,13388.34,-15.48,30.44,17.74,456.16422148603885,Mid Cap,True
L. T. Elevator,262.5,29.56,503.03,497.22,139.72,40.9,43.953651920565285,Small Cap,True
L.K.Mehta Poly.,43.25,26.37,16.61,-5.71,17.37,7.98,45.86912716088663,Micro Cap,True
L&T Finance Ltd,299.0,24.95,74914.64,26.79,18.6,8.4,235.82301443331494,Large Cap,True
L&T Technology,3322.4,26.08,35240.23,23.41,8.34,26.71,2692.1643302811767,Large Cap,True
La Opala RG,180.18,21.35,2000.0,-37.06,-11.3,15.27,286.2726406101049,Small Cap,True
La Tim Metal & I,9.83,16.32,128.41,143.21,76.53,14.73,4.04177459808396,Micro Cap,True
Labelkraft Tech.,61.75,15.29,20.03,-5.06,39.11,13.16,65.0410785759427,Micro Cap,True
Lactose (India),104.0,21.61,130.93,193.75,64.82,11.29,35.40425531914894,Micro Cap,True
Ladam Affordab.,7.26,0.0,13.29,-2125.0,0.0,-0.38,-0.3585185185185185,Micro Cap,False
Ladderup Finance,50.5,14.67,53.54,334.43,204.96,9.01,11.62442741063002,Micro Cap,True
Laddu Gopal,0.41,13.82,5.53,-101.89,0.0,3.31,-21.69312169312179,Micro Cap,True
Laffans Petroch,30.05,58.63,24.04,-33.61,46.51,0.4,45.2628407892755,Micro Cap,True
Lagnam Spintex,80.13,9.84,141.58,-2.22,10.31,10.07,81.94927388013909,Micro Cap,True
Lahoti Overseas,44.27,8.99,129.14,-66.12,-28.45,7.95,130.66706021251477,Micro Cap,True
Lak. Electrical,814.1,166.89,200.27,-55.93,17.85,0.82,1847.2884048105288,Micro Cap,True
Lak. Fin. & Indl,145.3,0.0,43.59,-4.92,18.34,-2.1,152.8186790071519,Micro Cap,False
Lak. Prec. Screw,4.7,0.0,5.14,30.21,-16.37,0.28,3.6095537977113894,Micro Cap,False
Lake Shore,68.28,149.38,23.9,-127.27,0.0,1.13,-250.38503850385044,Micro Cap,True
Lakhotia Poly.,60.17,26.48,63.02,-96.73,-99.12,11.16,1840.0611620795135,Micro Cap,True
Lakshmi Engg.,2400.0,96.11,160.5,131.82,24.53,11.44,1035.2859977568803,Micro Cap,True
Lakshmi Mills,7422.8,0.0,516.63,392.42,-6.11,1.96,1507.4123715527394,Small Cap,False
Lakshya Powertec,112.0,11.14,112.94,-61.0,-2.32,13.48,287.1794871794872,Micro Cap,True
Lambodhara Text.,114.58,10.81,118.91,1322.73,5.26,12.31,8.053530887800216,Micro Cap,True
Lamosaic India,34.9,21.6,36.08,86.38,-1.36,4.56,18.725185105698035,Micro Cap,True
Lancer Containe.,11.74,73.66,414.73,133.6,17.97,1.95,5.0256849315068495,Micro Cap,True
Lancor Holdings,24.69,4.47,181.6,143333.33,-65.39,20.52,0.017213572326599407,Micro Cap,True
Landmarc Leisur.,1.8,0.0,176.4,-92.45,-100.0,-1.55,23.841059602649004,Micro Cap,False
Landmark Cars,432.85,45.97,1794.81,1089.82,17.16,9.26,36.379452354137605,Small Cap,True
Landmark Global,16.35,0.0,33.7,-220.15,-86.19,-8.35,-13.607990012484393,Micro Cap,False
Landmark Prop.,6.55,58.97,87.86,3300.0,0.0,4.86,0.1926470588235294,Micro Cap,True
Landsmill Green,0.86,129.06,121.32,115.18,-100.0,0.59,0.3996653964123059,Micro Cap,True
Larsen & Toubro,4216.4,35.35,580062.45,2.11,11.25,14.57,4129.272353344432,Large Cap,True
Lasa Supergeneri,7.6,0.0,38.08,-138.67,-100.33,-18.15,-19.65347814843549,Micro Cap,False
Last Mile Enter.,8.21,24.42,292.09,-45.86,-30.6,5.48,15.164388622090877,Micro Cap,True
Latent View,297.9,31.11,6164.3,-1.36,24.31,16.03,302.00729927007296,Mid Cap,True
Latteys Industri,21.72,34.5,124.88,181.63,59.21,16.32,7.712246564641551,Micro Cap,True
Laurus Labs,1450.0,87.59,78336.19,19.46,5.31,17.76,1213.7954126904403,Large Cap,True
Laxmi Cotspin,15.03,0.0,25.77,-164.13,-23.06,1.87,-23.436769062841105,Micro Cap,False
Laxmi Dental,224.76,36.94,1235.33,149.5,21.89,14.86,90.08416833667334,Small Cap,True
Laxmi Goldorna,221.97,270.54,1111.9,-1151.67,-3.9,10.08,-21.1064307244668,Small Cap,True
Laxmi India Fin.,101.74,10.71,533.05,40.84,25.0,12.72,72.23800056802044,Small Cap,True
Laxmi Organic,155.99,54.49,4324.22,-0.97,3.61,4.69,157.51792386145615,Small Cap,True
Laxmipati Engg,383.9,0.0,220.74,-30.42,64.34,21.84,551.7390054613395,Micro Cap,False
LCC Infotech,4.72,0.0,79.58,-1500.0,-100.0,-1.88,-0.33714285714285713,Micro Cap,False
Le Lavoir,158.25,24.5,54.88,81.48,193.75,16.15,87.19969142605245,Micro Cap,True
Le Merite Export,24.28,26.2,303.91,-65.96,-40.28,9.95,71.32784958871915,Micro Cap,True
Le Travenues,189.83,112.09,8317.91,91.15,8.41,6.8,99.30944284593251,Mid Cap,True
Lead Financial S,17.48,57.7,5.77,-400.0,-37.5,3.1,-5.826666666666667,Micro Cap,True
Lead Reclaim,92.0,19.44,79.49,219.59,-18.25,21.28,28.786883194092432,Micro Cap,True
Leading Lea. Fin,1.27,3.84,71.57,-367.17,418.22,6.63,-0.47535277164352285,Micro Cap,True
Leapfrog Engg.,24.25,21.13,343.85,0.0,0.0,46.17,24.25,Micro Cap,True
Lee & Nee Soft.,7.65,137.61,42.66,200.0,30.77,0.98,2.5500000000000003,Micro Cap,True
Leela Palaces Hotels,483.9,39.57,16160.22,46.17,14.06,8.72,331.05288362865156,Mid Cap,True
Lehar Footwears,254.7,21.61,450.28,-17.86,-16.62,18.05,310.0803506208911,Micro Cap,True
Lemon Tree Hotel,119.69,38.21,9482.4,9.57,10.01,13.95,109.23610477320435,Mid Cap,True
Lenskart Solut.,508.9,175.9,88483.49,-8.5,45.62,8.44,556.1748633879781,Large Cap,True
Leo Dryfruits,53.0,9.0,94.82,0.0,0.0,0.0,53.0,Micro Cap,True
Lerthai Finance,574.0,0.0,40.18,-31.58,0.0,-3.94,838.9359836305174,Micro Cap,False
Lesha Industries,0.81,164.64,23.05,-116.67,451.56,0.28,-4.859028194361126,Micro Cap,True
Lex Nimble Solu.,83.16,32.56,34.84,8.33,-11.63,8.42,76.76543893658267,Micro Cap,True
Lexoraa Ind,17.5,344.0,6.88,600.0,302.75,0.0,2.5,Micro Cap,True
Lexus Granito,14.15,28.29,29.42,-225.0,-44.97,6.89,-11.32,Micro Cap,True
LG Electronics,1571.3,63.29,106655.51,-8.19,8.12,32.23,1711.4693388519768,Large Cap,True
LGB Forge,4.76,0.0,113.38,-15.0,7.23,3.0,5.6,Micro Cap,False
LGT Business,44.35,9.06,41.57,-65.78,43.25,21.08,129.60257159555817,Micro Cap,True
Libas Consumer,11.64,12.62,30.67,-141.72,-45.31,3.97,-27.900287631831258,Micro Cap,True
Liberty Shoes,269.59,41.46,459.38,-10.69,13.0,7.91,301.8586944351136,Micro Cap,True
Libord Finance,16.37,40.16,25.7,78.57,22.22,3.94,9.167273338186707,Micro Cap,True
Libord Securitie,20.4,0.0,10.2,45.76,0.0,-1.37,13.995609220636663,Micro Cap,False
LIC Housing Fin.,549.85,5.4,30245.21,8.68,-1.25,8.59,505.93485461906516,Large Cap,True
Life Insurance,423.35,9.32,535537.56,23.26,13.82,35.14,343.46097679701444,Large Cap,True
Likhami Consult.,320.85,1388.04,319.25,9.52,3.03,0.89,292.9601899196494,Micro Cap,True
Likhitha Infra.,257.6,25.92,1016.23,-73.91,-10.93,13.69,987.3514756611729,Small Cap,True
Lime Chemicals,15.35,0.0,9.98,-50.0,39.02,-2.05,30.7,Micro Cap,False
Linc,115.46,18.76,686.86,-7.9,-9.55,19.21,125.36373507057544,Small Cap,True
Lincoln Pharma.,631.55,14.39,1264.98,0.43,11.36,16.27,628.845962361844,Small Cap,True
Linde India,7021.5,108.7,59879.35,-27.74,3.79,18.25,9716.994187655688,Large Cap,True
Link Pharma Chem,27.0,149.88,11.99,-17.14,2.17,3.48,32.58508327299059,Micro Cap,True
Liotech Ind.,231.95,21.75,90.47,0.0,0.0,49.14,231.95,Micro Cap,True
Lippi Systems,226.52,42.06,158.56,-225.0,0.0,20.8,-181.216,Micro Cap,True
LKP Finance,166.5,58.64,1278.86,130.19,1992.87,6.77,72.331552196012,Small Cap,True
LKP Securities,16.66,13.53,137.84,-15.99,24.34,13.53,19.830972503273422,Micro Cap,True
Lloyds Engineeri,84.91,65.34,12406.47,156.6,113.41,17.08,33.090413094310215,Mid Cap,True
Lloyds Enterpris,73.17,998.06,10997.78,318.23,47.07,3.67,17.495158166559072,Mid Cap,True
Lloyds Luxuries,72.55,0.0,175.1,107.53,36.43,-5.75,34.958801137184984,Micro Cap,False
Lloyds Metals,1721.4,30.37,96898.8,426.3,311.71,35.86,327.0758122743683,Large Cap,True
LMW,16146.0,123.02,17248.77,33.86,16.12,6.91,12061.855670103092,Mid Cap,True
Lodha Developers,947.45,27.61,94655.95,9.35,11.58,16.58,866.4380429812529,Large Cap,True
Logica Infoway,168.15,21.11,299.27,6.74,22.18,13.56,157.53232152894887,Micro Cap,True
Logiciel Soluti.,36.2,11.5,27.03,0.0,0.0,8.48,36.2,Micro Cap,True
Lokesh Mach.,272.45,150.32,580.23,1553.85,53.42,6.37,16.473682619342746,Small Cap,True
Longspur Intl,9.17,38.38,20.34,-238.1,-4.55,2.26,-6.640115858073861,Micro Cap,True
Looks Health,9.54,501.0,10.02,-94.74,-69.23,0.2,181.36882129277532,Micro Cap,True
Lords Chloro,133.16,13.39,381.55,68.85,22.39,13.65,78.86289606159313,Micro Cap,True
Lords Ishwar,15.24,0.0,11.38,-103.23,-11.39,3.73,-471.82662538699697,Micro Cap,False
Lorenzini Appar.,9.17,36.41,158.4,113.24,85.06,11.06,4.3003188895141635,Micro Cap,True
Lotus Chocolate,683.9,8781.3,878.13,-414.79,-19.48,9.71,-217.25594841005113,Small Cap,True
Lotus Eye Hospit,125.02,3250.0,260.0,-224.0,18.25,1.16,-100.82258064516127,Micro Cap,True
Lovable Lingerie,72.84,13.49,107.8,23.75,-21.89,0.57,58.86060606060606,Micro Cap,True
Loyal Equipments,167.6,26.87,180.84,-28.43,5.36,15.62,234.17633086488752,Micro Cap,True
Loyal Textile,213.31,0.0,102.82,72.05,-41.53,-4.1,123.98140075559431,Micro Cap,False
LTM,3762.6,20.65,111606.74,19.36,15.56,29.6,3152.3123324396784,Large Cap,True
Ludlow Jute,335.2,22.34,361.01,-45.24,56.29,10.3,612.1256391526662,Micro Cap,True
Lumax Auto Tech.,1548.9,36.7,10556.95,50.4,25.07,21.45,1029.8537234042553,Mid Cap,True
Lumax Industries,5291.5,26.56,4947.55,26.43,29.99,17.7,4185.319939887685,Small Cap,True
Lupin,2343.5,18.59,107152.44,101.49,31.89,30.32,1163.0850166261353,Large Cap,True
Lux Industries,1220.0,34.57,3668.75,-16.19,7.58,7.84,1455.6735473093904,Small Cap,True
Luxury Time,70.0,10.28,57.78,91.82,29.76,28.3,36.49254509435929,Micro Cap,True
LWS Knitwear,17.06,10.49,24.96,-15.04,-33.99,11.25,20.080037664783426,Micro Cap,True
Lyka Labs,69.85,0.0,252.53,-529.94,-16.15,-6.1,-16.246452993440943,Micro Cap,False
Lykis,44.51,13.29,86.24,382.61,136.65,11.54,9.222767866393154,Micro Cap,True
Lyons Corporate,21.8,34.0,10.2,260.0,18.18,5.85,6.055555555555555,Micro Cap,True
Lypsa Gems,4.83,8.23,14.24,102.29,-73.1,7.18,2.3876612783627467,Micro Cap,True
M & B Engineer.,303.5,18.55,1734.45,-5.33,15.96,22.96,320.5873032639696,Small Cap,True
M & M,3182.2,22.37,395715.74,48.85,29.07,15.45,2137.856902922405,Large Cap,True
M & M Fin. Serv.,328.55,15.46,45667.5,105.16,13.37,8.72,160.14330278806787,Large Cap,True
M B Agro Prod.,576.7,33.65,5053.45,319.37,32.99,19.4,137.5157975057825,Mid Cap,True
M E T S,138.35,10.23,76.23,169.05,49.04,23.47,51.42166883478907,Micro Cap,True
M K Exim India,66.71,13.45,269.29,77.59,-0.11,24.67,37.564052029956635,Micro Cap,True
M K Proteins,4.81,26.43,180.55,-59.29,6.37,10.13,11.815278801277326,Micro Cap,True
M Lakhamsi Ind,11.07,9.17,6.6,-9.68,29.85,7.9,12.25642161204606,Micro Cap,True
M M Forgings,461.05,19.65,2226.02,32.8,16.51,9.83,347.17620481927713,Small Cap,True
M M Rubber,60.5,0.0,37.7,146.67,5.83,-3.11,24.526695585194794,Micro Cap,False
M P Agro Inds.,9.53,79.0,5.53,300.0,0.0,1.34,2.3825,Micro Cap,True
M P K Steels,120.8,20.3,122.99,55.48,68.29,18.96,77.69488037046565,Micro Cap,True
M R Maniveni,36.48,18.5,71.4,0.0,0.0,17.35,36.48,Micro Cap,True
M R P L,153.93,14.02,26977.75,-68.43,-2.63,17.69,487.58314855875835,Large Cap,True
M T N L,30.15,0.0,1899.45,62.92,34.53,-2.25,18.506015222194943,Small Cap,False
M Tek Copper,57.24,34.6,155.37,69.19,102.07,12.62,33.83178674862581,Micro Cap,True
M.V.K. Agro,389.15,42.15,1965.36,534.85,96.13,14.37,61.29794439631408,Small Cap,True
Maan Aluminium,125.59,57.82,753.35,-56.85,3.54,7.73,291.05446118192356,Small Cap,True
Mac Charles(I),700.7,0.0,917.92,57.98,1567.71,5.41,443.53715660210156,Small Cap,False
Mac Hotels,90.0,173.36,57.21,-533.33,-0.4,4.65,-20.769390533773336,Micro Cap,True
Macfos,1064.65,42.99,1102.82,101.43,63.4,33.76,528.5458968376112,Small Cap,True
Mach Travel Solutions,140.35,17.8,295.26,57.37,4.87,18.24,89.18472389909131,Micro Cap,True
Machhar Industri,311.8,39.15,23.1,100.0,10.47,8.43,155.9,Micro Cap,True
Machino Plastics,270.75,125.94,166.24,-92.86,33.83,6.72,3792.016806722688,Micro Cap,True
Macobs Technolo.,227.5,76.84,222.84,92.21,214.59,0.11,118.3601269444878,Micro Cap,True
Macpower CNC,1154.3,34.09,1154.78,10.93,25.35,29.11,1040.5661227801315,Small Cap,True
Madala Holdings,195.0,106.23,287.89,-441.71,10.8,4.37,-57.065933101167666,Micro Cap,True
Madhav Infra,8.59,8.45,231.57,-4.85,-17.6,15.63,9.027850761954808,Micro Cap,True
Madhav Marbles,36.5,83.77,32.67,7350.0,20.47,1.71,0.4899328859060403,Micro Cap,True
Madhucon Project,6.1,0.0,45.01,-155.52,-9.39,-34.01,-10.987031700288181,Micro Cap,False
Madhusudan Inds.,43.09,0.0,23.18,54.09,6.25,-2.03,27.96417677980401,Micro Cap,False
Madhusudan Masa,213.3,20.12,325.07,26.63,36.91,16.25,168.44349680170578,Micro Cap,True
Madhusudan Sec.,17.7,13.49,37.91,-184.62,5250.0,3.51,-20.917040888678798,Micro Cap,True
Madhya Prad. Tod,46.0,7.07,21.01,-21.03,-7.84,9.15,58.249968342408515,Micro Cap,True
Madras Fertilize,68.77,12.73,1107.89,153.3,26.09,14.82,27.149624950651397,Small Cap,True
Mafatlal Inds.,143.54,11.18,1036.06,-22.59,96.47,12.91,185.4282392455755,Small Cap,True
Magadh Sugar,455.05,10.0,641.24,-32.89,-18.17,7.81,678.0658620175831,Small Cap,True
Magellanic Cloud,27.13,13.84,1598.14,32.06,31.47,19.79,20.54369226109344,Small Cap,True
Magenta Life,9.4,53.83,6.46,160.0,107.14,3.6,3.6153846153846154,Micro Cap,True
Magna Electrocas,1078.35,24.71,456.37,-44.81,4.61,17.43,1953.8865736546472,Micro Cap,True
Magnum Ventures,19.56,0.0,133.81,-15.42,8.26,2.55,23.12603452352802,Micro Cap,False
Magnus Steel,83.6,97.12,438.02,590.91,385.71,170.7,12.099984078968317,Micro Cap,True
Magson Retail,175.0,275.24,233.95,100.0,100.4,3.31,87.5,Micro Cap,True
Mah. Corporation,0.34,0.0,21.11,97.3,0.0,-0.58,0.17232640648758238,Micro Cap,False
Mah. Scooters,12506.0,46.02,14292.57,-0.25,-9.32,1.06,12537.343358395989,Mid Cap,True
Mah. Seamless,628.4,11.97,8420.04,-56.91,-9.71,14.29,1458.343003016941,Mid Cap,True
Maha Rashtra Apx,47.04,0.0,132.58,-135.99,-80.0,-1.47,-130.70297304806886,Micro Cap,False
Mahalaxmi Fab.,22.73,4.6,24.14,170.45,45.79,6.64,8.404511000184877,Micro Cap,True
Mahalaxmi Rubtec,131.91,6.43,140.09,17.79,29.2,32.4,111.98743526615162,Micro Cap,True
Mahamaya Lifesc.,167.4,23.72,391.8,0.0,0.0,20.0,167.4,Micro Cap,True
Mahamaya Steel,791.45,142.93,1300.7,-24.77,11.41,8.4,1052.0404094111393,Small Cap,True
Mahanagar Gas,1174.6,13.7,11602.44,-45.56,4.52,18.28,2157.6047024246877,Mid Cap,True
Mahaveer Infoway,15.79,13.59,8.7,291.67,104.0,17.43,4.03145505144637,Micro Cap,True
Mahendra Realtor,71.35,8.89,157.71,65.61,20.09,20.93,43.0831471529497,Micro Cap,True
Maheshwari Logi.,74.08,13.02,219.26,-39.46,13.47,12.17,122.36537826230592,Micro Cap,True
Mahickra Chem.,248.0,46.98,242.44,257.14,32.1,12.71,69.4405555244442,Micro Cap,True
Mahindra EPC,121.12,23.87,338.54,-23.36,11.59,10.33,158.0375782881002,Micro Cap,True
Mahindra Holiday,240.06,64.8,4850.56,-43.13,5.32,7.75,422.12062598909796,Small Cap,True
Mahindra Life.,361.25,28.19,7707.01,5.91,7146.97,7.64,341.09149277688607,Mid Cap,True
Mahindra Logis.,368.0,1409.18,3651.39,399.11,14.14,7.36,73.73124161006591,Small Cap,True
Mahip Industries,22.12,28.95,42.56,92.11,-67.99,0.0,11.51423663526105,Micro Cap,True
Maiden Forgings,78.0,22.08,110.85,46.5,17.67,9.26,53.24232081911263,Micro Cap,True
Maithan Alloys,1012.8,6.8,2948.42,-15.44,28.48,14.83,1197.7294228949856,Small Cap,True
Maitreya Medica.,137.85,0.0,93.41,-1720.0,-5.16,-2.18,-8.50925925925926,Micro Cap,False
Maitri Enterp.,44.34,32.52,19.51,2450.0,136.56,15.04,1.7388235294117649,Micro Cap,True
Majestic Auto,340.9,15.33,354.54,66.06,-76.66,5.41,205.28724557388892,Micro Cap,True
Makers Labs.,147.3,36.98,86.91,2825.0,5.46,9.48,5.035897435897437,Micro Cap,True
Maks Energy,23.05,20.49,15.98,26.32,-13.75,9.34,18.247308423052566,Micro Cap,True
Mallcom (India),1006.8,20.91,628.24,-29.61,6.63,11.44,1430.3168063645405,Small Cap,True
Malpani Pipes,65.62,7.83,70.72,4.89,12.3,20.34,62.56077795786062,Micro Cap,True
Malu Paper,30.95,0.0,52.8,4.61,13.98,-8.86,29.58608163655482,Micro Cap,False
Mamata Machinery,409.6,57.93,1007.94,-92.48,-33.58,12.74,5446.808510638303,Small Cap,True
Man Industries,569.15,25.04,4269.17,-25.39,-5.02,16.21,762.8334003484788,Small Cap,True
Man Infra,104.38,21.01,4213.47,-44.33,-50.47,13.87,187.49775462547154,Small Cap,True
Manaksia,58.41,7.31,382.78,-9.03,-11.87,10.63,64.20798065296252,Micro Cap,True
Manaksia Alumi.,37.71,32.69,247.13,62.0,13.56,10.15,23.277777777777775,Micro Cap,True
Manaksia Coated,104.63,27.21,1107.34,6.76,9.41,19.86,98.00487073810415,Small Cap,True
Manaksia Steels,73.87,12.68,484.1,332.1,63.09,13.42,17.09557972691507,Micro Cap,True
Manali Petrochem,63.53,15.4,1092.71,11.78,27.04,7.24,56.83485417784935,Small Cap,True
Manappuram Fin.,318.5,29.82,29917.85,311.3,10.71,8.26,77.43739362995382,Large Cap,True
Manas Polymers,47.45,4.33,36.9,80.53,106.15,30.17,26.283720157314576,Micro Cap,True
Manav Infra,36.55,11.94,48.1,19.93,77.12,33.22,30.47611106478779,Micro Cap,True
Manba Finance,132.4,14.66,665.17,38.78,37.3,12.49,95.40279579190086,Small Cap,True
Manbro Indust.,55.93,108.51,324.45,0.0,0.0,0.0,55.93,Micro Cap,True
Mandeep Auto,19.2,19.1,21.96,-70.4,23.33,4.35,64.86486486486488,Micro Cap,True
Mangal Compuso.,45.6,10.25,62.04,85.48,22.12,16.91,24.5848609014449,Micro Cap,True
Mangal Credit,232.73,32.1,491.39,92.96,59.31,12.48,120.61048922056385,Micro Cap,True
Mangal Electrica,306.3,19.6,846.31,-8.47,17.24,14.73,334.6443788921665,Small Cap,True
Mangalam Alloys,34.0,5.72,83.93,-76.55,-6.31,13.06,144.98933901918974,Micro Cap,True
Mangalam Cement,921.8,17.36,2534.7,371.61,-2.49,10.76,195.45811157524224,Small Cap,True
Mangalam Drugs,28.79,0.0,45.57,-8806.67,-7.54,-14.01,-0.3306660296071862,Micro Cap,False
Mangalam Global,16.1,14.57,530.58,160.54,98.23,16.83,6.179473401397099,Small Cap,True
Mangalam Industr,0.61,0.0,86.93,-1860.0,90.22,-1.93,-0.0346590909090909,Micro Cap,False
Mangalam Organic,552.2,16.61,472.93,16.34,2.56,10.46,474.6432869176552,Micro Cap,True
MANGALAM SEEDS,119.4,16.01,131.1,-63.02,-26.56,10.02,322.8772309356409,Micro Cap,True
Mangalam World.,371.05,22.0,1102.04,131.83,-18.24,17.63,160.0526247681491,Small Cap,True
Manglam Global,15.46,42.94,15.46,34.78,177.32,7.64,11.470544591185638,Micro Cap,True
Manglam Infra,13.5,7.57,23.76,1700.0,-21.42,9.52,0.75,Micro Cap,True
Manilam Industries,55.4,58.76,121.04,0.0,0.0,8.48,55.4,Micro Cap,True
Manipal Fin. Cor,22.4,0.0,18.77,0.0,0.0,0.0,22.4,Micro Cap,False
Mankind Pharma,2462.3,50.62,101692.0,34.23,11.81,13.5,1834.3887357520673,Large Cap,True
Manoj Ceramic,105.55,12.29,145.73,-5.38,22.14,12.94,111.55146903403086,Micro Cap,True
Manoj Jewellers,37.32,3.72,33.53,34.8,29.22,30.19,27.685459940652823,Micro Cap,True
Manoj Vaibhav,143.8,6.05,702.43,5.31,7.0,15.63,136.5492355901624,Small Cap,True
Manomay Tex Indi,185.19,17.02,334.24,50.15,13.86,11.41,123.33666333666334,Micro Cap,True
Manor Estates,9.29,0.0,7.65,5.56,0.0,0.0,8.800682076544144,Micro Cap,False
Manorama Indust.,1573.5,40.28,9395.14,40.81,64.21,35.45,1117.4632483488388,Mid Cap,True
Mansi Fin.(Chen),57.75,6.24,20.39,-206.38,-64.32,10.7,-54.28652002256063,Micro Cap,True
Mantra Capital,16.12,0.0,57.68,-20.75,219.43,-9.31,20.34069400630915,Micro Cap,False
Manugraph India,15.21,11.2,46.26,-131.91,-10.17,10.62,-47.66530868066438,Micro Cap,True
Maple Inf. Trust,142.47,0.0,9807.03,-60.44,201.48,5.36,360.13650151668344,Mid Cap,False
Mapro Industries,31.31,84.74,26.27,-5.88,316.67,1.56,33.26604334891628,Micro Cap,True
Maral Overseas,54.87,59.01,227.77,5886.96,-6.0,7.5,0.9164918422705346,Micro Cap,True
Marathon Nextgen,405.1,13.35,2731.21,-16.14,-23.58,12.5,483.0670164559981,Small Cap,True
Marble City,132.49,47.41,338.05,-63.6,35.73,13.77,363.9835164835165,Micro Cap,True
Marc Loire,41.9,16.81,29.75,-75.62,-25.88,11.38,171.86218211648898,Micro Cap,True
Marc Technocrats,87.8,14.39,152.01,0.0,0.0,29.41,87.8,Micro Cap,True
Marco Cables,31.0,13.8,57.97,-51.82,-22.15,14.92,64.3420506434205,Micro Cap,True
Mardia Samyoung,48.63,173.28,386.42,2400.0,0.0,7.02,1.9452,Micro Cap,True
Marg Techno-Proj,15.11,119.2,118.01,326.32,199.44,8.8,3.5442859823606683,Micro Cap,True
Margo Finance,65.97,28.18,30.15,438.1,872.73,1.28,12.259803010592826,Micro Cap,True
Marico,825.8,60.85,107219.84,13.99,22.09,47.21,724.4495131151856,Large Cap,True
Marine Electric.,268.75,63.44,3761.01,45.55,10.66,18.22,184.6444520783236,Small Cap,True
Marinetrans Indi,13.5,28.63,17.18,11.54,-10.79,5.32,12.103281334050566,Micro Cap,True
Maris Spinners,27.64,0.0,22.59,-74.81,2.18,7.58,109.72608177848352,Micro Cap,False
Market Creators,15.0,0.0,15.75,-176.19,-25.53,5.58,-19.687623047644045,Micro Cap,False
Markolines Pavem,173.59,14.63,385.43,-7.57,-19.06,15.7,187.80698907281186,Micro Cap,True
Marksans Pharma,256.07,27.77,11604.16,63.59,20.84,18.84,156.53157283452535,Mid Cap,True
Marsons,112.44,41.79,1935.09,149.89,65.34,25.39,44.99579815118652,Small Cap,True
Martin Burn,44.8,12.14,23.07,-95.78,-100.0,4.33,1061.6113744075824,Micro Cap,True
Marushika Tech.,88.0,8.32,75.12,0.0,0.0,33.99,88.0,Micro Cap,True
Maruti Global Industries,38.7,26.88,19.35,147.71,0.0,69.57,15.6231076662226,Micro Cap,True
Maruti Infra.,12.25,96.5,114.84,-76.67,-36.56,6.88,52.507501071581665,Micro Cap,True
Maruti Interior,64.31,37.24,388.43,133.86,-21.46,21.17,27.499358590609763,Micro Cap,True
Maruti Suzuki,13745.0,29.44,432146.34,-6.45,28.21,19.02,14692.677712453233,Large Cap,True
Marvel Decor,75.65,30.36,134.2,43.21,-2.14,7.86,52.824523427134984,Micro Cap,True
MAS FINANC SER,311.95,15.11,5660.44,25.04,23.54,11.26,249.48016634676904,Mid Cap,True
MASK INVESTMENTS,152.4,775.0,46.5,0.0,800.0,0.1,152.4,Micro Cap,True
Mason Infratech,126.0,13.79,301.64,13.65,5.68,17.27,110.86669599648042,Micro Cap,True
Mastek,1575.2,11.5,4882.7,40.53,3.6,18.02,1120.8994520742901,Small Cap,True
Master Component,346.05,18.6,138.42,72.84,52.45,26.62,200.2140708169405,Micro Cap,True
Master Trust,76.21,7.44,937.5,46.88,48.07,23.85,51.88589324618736,Small Cap,True
Matrimony.com,401.6,24.3,830.24,18.7,7.86,17.41,338.3319292333614,Small Cap,True
Matrix Geo Sol.,60.15,8.72,87.71,116.07,96.97,30.04,27.838200583144353,Micro Cap,True
Mauria Udyog,8.86,4.93,118.02,-9.58,-27.29,21.77,9.79871709798717,Micro Cap,True
Mawana Sugars,105.59,10.05,413.07,-9.55,9.2,8.35,116.73852957435048,Micro Cap,True
Max Estates,443.9,580.15,7257.64,-128.89,24.26,1.79,-1536.5178262374527,Mid Cap,True
Max Financial,1611.4,669.38,55611.79,-184.35,-12.72,2.95,-1910.3734439834027,Large Cap,True
Max Healthcare,1123.35,73.68,109329.34,7.28,12.21,14.72,1047.119686800895,Large Cap,True
Max Heights,13.0,20.7,20.29,-28.57,21.62,3.96,18.199636007279857,Micro Cap,True
Max India Ltd,159.04,0.0,835.32,58.25,58.07,-23.21,100.49921011058451,Small Cap,False
Maxgrow India,50.14,0.62,200.28,101245.45,0.0,0.0,0.04947434739300088,Micro Cap,True
Maximus Interna.,12.52,18.39,170.32,7.84,24.78,12.61,11.609792284866469,Micro Cap,True
Maxposure,36.0,8.64,81.87,25.86,32.1,15.27,28.603209915779438,Micro Cap,True
Maxvolt Energy,383.4,17.15,418.06,114.61,148.13,27.12,178.64964353944364,Micro Cap,True
Mayank Cattle Fo,221.6,19.88,119.66,18.31,2.91,15.78,187.30453892316794,Micro Cap,True
Mayasheel Vent.,43.55,5.98,96.03,18.35,10.65,28.54,36.797634136037175,Micro Cap,True
Mayur Floorings,16.01,54.13,8.12,1000.0,75.69,6.58,1.4554545454545456,Micro Cap,True
Mayur Leather,22.69,24.91,10.96,3.33,0.0,7.49,21.95877286364076,Micro Cap,True
Mayur Uniquoters,789.85,17.9,3432.1,43.2,9.1,24.74,551.5712290502794,Small Cap,True
Mazagon Dock,2472.5,38.61,99735.71,108.79,21.29,35.98,1184.204224340246,Large Cap,True
Mazda,235.66,17.15,471.91,13.13,19.94,15.59,208.30902501546893,Micro Cap,True
MBL Infrast,25.0,0.0,381.32,82.04,67.4,2.69,13.733245440562513,Micro Cap,False
Mcleod Russel,59.97,28.28,626.42,142.46,-21.22,-4.68,24.733976738431082,Small Cap,True
MCON Rasayan,46.0,11.1,33.74,76.47,26.32,11.06,26.06675355584519,Micro Cap,True
Medi Assist Ser.,363.15,28.23,2712.8,148.1,28.13,13.95,146.37243047158404,Small Cap,True
Medi Caps,27.27,0.0,34.01,76.74,-50.5,-2.59,15.42944438157746,Micro Cap,False
Media Matrix,13.59,263.15,1539.4,805.0,10.63,9.78,1.5016574585635358,Small Cap,True
Mediaone Global,13.59,0.0,20.0,-1671.43,-43.21,165.29,-0.8648173956205494,Micro Cap,False
Medicamen Biotec,228.2,32.11,309.5,59.5,104.83,5.43,143.0721003134796,Micro Cap,True
Medicamen Organ.,23.75,0.0,28.89,-338.58,-77.85,-10.66,-9.954732165311427,Micro Cap,False
Medico Intercon.,29.22,0.0,29.22,-155.56,6.29,-1.43,-52.591792656587465,Micro Cap,False
Medico Remedies,40.28,25.48,334.26,35.02,37.55,23.12,29.832617390016292,Micro Cap,True
Medistep Health.,19.9,4.73,28.28,22.36,25.92,27.25,16.263484798953904,Micro Cap,True
Medplus Health,835.0,45.67,10031.44,24.62,23.5,12.65,670.036912213128,Mid Cap,True
Meera Industries,46.55,132.56,99.42,-277.78,12.8,4.69,-26.184047699403763,Micro Cap,True
Meesho,186.45,0.0,85928.48,-55.96,47.13,-35.59,423.3651226158038,Large Cap,False
Mefcom Capital,10.11,0.0,46.2,-21.3,-4.47,-3.65,12.846251588310038,Micro Cap,False
Mega Corp.,3.59,78.04,71.8,-7.14,13.95,6.79,3.866034891234116,Micro Cap,True
Mega Flex Plast.,126.95,21.18,154.0,74.53,13.18,16.23,72.73821119578297,Micro Cap,True
Mega Nirman,34.94,256.03,89.61,0.0,83.61,1.92,34.94,Micro Cap,True
Megamont,162.0,75.22,467.89,5228.57,0.0,23.72,3.0402152922829204,Micro Cap,True
Megastar Foods,351.85,43.38,397.37,60.74,21.91,11.64,218.89386587034963,Micro Cap,True
Megatherm Indu.,216.7,16.83,408.28,2.08,8.47,18.1,212.2844827586207,Micro Cap,True
Meghmani Organi.,49.36,43.68,1255.29,-59.49,-14.3,6.67,121.84645766477412,Small Cap,True
Meghna Infracon,730.8,294.54,1587.57,-48.98,52.48,31.33,1432.3794590356722,Small Cap,True
Megri Soft,83.0,42.74,26.07,144.44,54.0,3.69,33.9551628211422,Micro Cap,True
Mehai Technology,1.24,12.49,91.89,322.67,39.73,6.69,0.293373080653938,Micro Cap,True
Mehta Integrat.,29.0,161.11,14.5,-94.44,-55.56,0.5,521.5827338129498,Micro Cap,True
Mehta Securities,22.8,0.0,7.05,-77.78,0.0,0.15,102.61026102610263,Micro Cap,False
Mehul Colours,68.0,13.74,71.73,-34.58,34.8,23.42,103.94374808926933,Micro Cap,True
Mehul Telecom,88.5,9.29,92.5,83.39,64.46,57.22,48.25781122198593,Micro Cap,True
Mena Mani Inds.,7.34,355.42,85.3,110.2,-53.82,1.22,3.491912464319695,Micro Cap,True
Menon Bearings,161.7,23.69,906.17,108.47,36.6,25.49,77.56511728306232,Small Cap,True
Menon Pistons,67.92,13.42,346.39,4.94,31.31,21.51,64.72269868496284,Micro Cap,True
MEP Infrast.,0.74,0.0,13.58,-767.36,1.84,-401.21,-0.11088467993286981,Micro Cap,False
Mercantile Vent.,25.25,40.96,282.59,-61.39,22.9,0.82,65.3975653975654,Micro Cap,True
Mercury EV-Tech,34.61,157.3,657.5,-80.65,-34.13,2.64,178.86304909560732,Small Cap,True
Mercury Labs,813.0,19.05,97.56,10.81,-1.06,12.06,733.6882952802093,Micro Cap,True
Mercury Trade Li,5.22,711.0,7.11,1464.1,12.59,0.58,0.33373825202992136,Micro Cap,True
Merritronix,455.7,49.49,796.78,0.0,0.0,41.14,455.7,Small Cap,True
Meta Infotech,81.0,14.06,152.94,-85.62,72.0,23.16,563.2823365785816,Micro Cap,True
Metal Coatings,54.27,16.57,39.76,-90.23,-9.88,7.01,555.4759467758444,Micro Cap,True
Methodhub Software,78.75,4.66,148.47,106.96,191.09,36.86,38.05083107846927,Micro Cap,True
Metro Brands,1031.3,68.36,28109.26,23.07,20.26,20.18,837.9783862842283,Large Cap,True
Metroglobal,133.2,10.23,164.29,-79.1,-15.63,7.18,637.3205741626791,Micro Cap,True
Metropolis Healt,543.35,57.36,11265.38,74.43,22.99,17.77,311.50031531273294,Mid Cap,True
Mewar Hi-Tech,65.2,28.92,25.45,-78.17,-5.89,10.94,298.67155290884114,Micro Cap,True
Meyer Apparel,2.43,0.0,19.56,-4.35,-100.0,0.0,2.5405122843700996,Micro Cap,False
MFL India,0.38,8.66,13.69,51.81,-65.12,-9.96,0.2503128911138924,Micro Cap,True
MFS Intercorp,14.3,0.0,6.18,2000.0,271.43,-0.64,0.680952380952381,Micro Cap,False
MIC Electronics,40.42,0.0,974.17,-614.01,13.24,8.55,-7.86366024007315,Small Cap,False
Micropro Softwar,19.25,0.0,27.53,249.09,-36.04,-1.42,5.514337276919992,Micro Cap,False
Mid East Port.,43.93,25.7,22.1,-350.0,0.0,22.66,-17.572,Micro Cap,True
Mid India Inds.,6.51,35.37,10.61,975.0,405.84,0.0,0.6055813953488371,Micro Cap,True
Midwest,1289.8,44.48,4664.02,-24.63,-6.25,15.4,1711.2909645747643,Small Cap,True
Midwest Gold,4444.4,0.0,5765.36,0.0,0.0,-2.55,4444.4,Mid Cap,False
Mihika Industrie,14.92,165.78,14.92,101.37,-98.38,0.41,7.4092466603764215,Micro Cap,True
Milestone Furn.,25.64,0.0,23.84,39.29,0.0,-1.91,18.40763873932084,Micro Cap,False
Milestone Global,17.21,11.52,8.64,416.67,-3.99,9.49,3.3309462519596647,Micro Cap,True
MILGREY FIN.&INV,47.0,0.0,101.24,-23100.0,0.0,-1.62,-0.20434782608695654,Micro Cap,False
Milkfood,71.18,4.11,182.19,2024.38,13.23,22.53,3.3506246528398878,Micro Cap,True
Millen. Online,1.75,875.0,8.75,150.0,62.5,0.89,0.7,Micro Cap,True
Milton Industri.,40.0,37.77,67.98,55.56,11.31,5.98,25.713551041398816,Micro Cap,True
Minal Industries,2.5,68.54,47.98,-58.62,-20.77,1.42,6.041565973900434,Micro Cap,True
Minaxi Textiles,1.6,4.42,7.91,-47.89,0.32,21.59,3.070427940894262,Micro Cap,True
Minda Corp,670.45,44.37,16029.08,135.63,28.95,12.76,284.5350761787548,Mid Cap,True
Mindspace Busine,463.16,45.31,30660.89,127.77,30.67,7.64,203.345480089564,Large Cap,True
Mindteck (India),205.49,19.24,656.63,49.41,-0.11,15.11,137.53430158623922,Small Cap,True
Mini Diamonds(I),6.04,102.42,142.36,-107.97,54.89,2.62,-75.78419071518205,Micro Cap,True
Minolta Finance,1.46,0.0,14.6,-75.0,1482.35,6.31,5.84,Micro Cap,False
Mipco Seaml Ring,24.0,95.56,8.6,500.0,0.0,37.04,4.0,Micro Cap,True
Mirza Internatio,35.49,0.0,490.48,-200.45,-15.9,-1.84,-35.331010452961685,Micro Cap,False
Mish Designs,33.0,0.0,10.5,-292.06,-80.52,-3.46,-17.182130584192443,Micro Cap,False
Mishka Exim,42.0,30.65,60.69,475.0,129.53,11.34,7.304347826086956,Micro Cap,True
Mishra Dhatu Nig,413.05,59.16,7738.08,38.49,34.63,11.3,298.2525814138205,Mid Cap,True
Mishtann Foods,3.89,1.59,419.19,-99.95,-90.7,22.5,7780.000000000857,Micro Cap,True
Misquita Engg.,81.95,167.04,38.42,300.0,41.42,3.07,20.4875,Micro Cap,True
Mitcon Consult.,82.6,17.78,143.88,179.29,18.62,8.83,29.574993734111494,Micro Cap,True
Mitshi India,14.29,96.77,12.58,233.33,25.24,4.34,4.287042870428704,Micro Cap,True
Mitsu Chem Plast,145.2,12.55,197.15,118.08,-4.42,16.26,66.58107116654438,Micro Cap,True
Mittal Life Styl,0.98,25.9,43.51,-81.03,9.69,6.2,5.166051660516605,Micro Cap,True
Mittal Sections,30.0,10.03,34.7,9.8,14.53,12.8,27.322404371584696,Micro Cap,True
Miven Mach. Tool,90.22,0.0,27.1,118.75,0.0,0.0,41.24342857142857,Micro Cap,False
Mizzen Ventures,131.1,285.5,288.35,-56.25,225.0,3.64,299.65714285714284,Micro Cap,True
MKP Mobility,109.95,21.43,37.5,-42.65,15.14,25.8,191.7175239755885,Micro Cap,True
MKVentures Cap.,1205.1,43.65,463.17,108.87,-20.83,13.23,576.9617465409106,Micro Cap,True
MMP Industries,279.8,18.44,710.77,14.36,11.9,12.49,244.66596712137112,Small Cap,True
MMTC,68.63,102.91,10294.5,1461.46,190.48,8.66,4.395245475388418,Mid Cap,True
Mobavenue AI Tech,288.45,75.97,2229.65,752.53,1285.4,75.89,33.83458646616541,Small Cap,True
Mobilise App,97.0,16.51,92.27,-23.39,-4.06,39.37,126.61532437018666,Micro Cap,True
Modella Woollens,56.7,0.0,5.16,20.0,0.0,0.0,47.25000000000001,Micro Cap,False
Modern Dairies,33.74,19.65,95.89,-98.21,1.23,13.72,1884.9162011173157,Micro Cap,True
Modern Diagnost.,52.0,14.96,78.52,0.0,0.0,12.18,52.0,Micro Cap,True
Modern Engineer.,30.48,5.55,47.09,-96.05,12.84,15.09,771.6455696202536,Micro Cap,True
Modern Insulator,549.75,32.49,2591.74,186.54,26.6,19.4,191.8580302924548,Small Cap,True
Modern Malleable,64.69,38.98,753.8,-18.76,104.24,15.06,79.62826193993106,Small Cap,True
Modern Shares,35.61,52.2,10.44,-20.0,-6.41,2.62,44.512499999999996,Micro Cap,True
Modern Steels,13.51,17.54,18.59,-85.43,0.0,5.71,92.72477693891561,Micro Cap,True
Modern Threads,45.98,12.26,159.9,46.03,15.92,12.81,31.48668081900979,Micro Cap,True
Modi Naturals,399.85,11.46,532.06,96.2,28.0,22.02,203.79714576962283,Small Cap,True
Modi Rubber,131.31,513.75,328.8,-1276.27,70.88,0.63,-11.163253334693565,Micro Cap,True
Modi's Navnirman,335.0,22.49,656.31,192.05,158.22,29.57,114.70638589282656,Small Cap,True
Modipon,46.0,0.0,53.25,-45.45,0.0,0.0,84.3263061411549,Micro Cap,False
Modison,321.15,13.24,1042.13,442.75,120.9,30.86,59.17088899124827,Small Cap,True
Modulex Const.,13.28,0.0,139.39,-51.98,0.0,-3.96,27.65514369012911,Micro Cap,False
Mohini Health,35.35,0.0,64.46,-143.48,-7.09,-2.69,-81.30174793008283,Micro Cap,False
Mohit Industries,24.74,0.0,35.03,126.19,2.5,1.65,10.937707237278394,Micro Cap,False
Mohit Paper Mill,26.31,5.56,36.83,231.82,13.66,11.83,7.928997649327949,Micro Cap,True
Mohite Industrie,3.31,18.38,66.53,175.0,-13.72,6.89,1.2036363636363636,Micro Cap,True
MOIL,279.55,21.27,5688.43,-19.92,2.56,12.64,349.08841158841165,Mid Cap,True
Moksh Ornaments,12.14,10.88,107.13,42.31,56.21,11.43,8.530672475581477,Micro Cap,True
Mold-Tek Pack.,689.5,31.71,2291.13,26.86,17.4,13.32,543.5125335014977,Small Cap,True
Mold-Tek Technol,133.1,38.0,383.4,246.15,85.71,10.61,38.45153835042611,Micro Cap,True
Monarch Networth,337.75,14.78,2678.64,84.16,63.8,27.68,183.40030408340573,Small Cap,True
Monarch Surve.,214.5,8.16,303.65,-10.02,-13.92,28.52,238.38630806845964,Micro Cap,True
Money Masters,0.7,19.53,7.03,-38.1,-26.32,1.64,1.1308562197092082,Micro Cap,True
Moneyboxx Fin.,66.78,347.9,466.19,108.88,21.22,9.05,31.970509383378015,Micro Cap,True
Monika Alcobev,228.0,15.22,489.06,29.35,21.36,14.67,176.2659451101662,Micro Cap,True
Monind,22.99,0.0,8.46,303.03,0.0,0.0,5.704290003225567,Micro Cap,False
Mono Pharmacare,10.9,23.2,19.26,-99.13,-23.94,11.0,1252.873563218385,Micro Cap,True
Monolithisch Ind,750.85,70.87,1632.05,80.62,34.87,34.79,415.7070091905658,Small Cap,True
Monotype India,0.38,0.0,26.72,-103.32,-100.0,-4.91,-11.445783132530156,Micro Cap,False
Monte Carlo Fas.,556.95,10.33,1154.67,149.03,36.11,13.9,223.64775328273703,Small Cap,True
Moongipa Capital,16.5,20.71,15.12,-90.57,95.45,4.94,174.97348886532333,Micro Cap,True
Morarjee Text.,8.83,0.0,32.08,-201.43,-74.2,-26.12,-8.70551118998324,Micro Cap,False
Morarka Finance,62.97,19.82,28.34,-80.77,-82.35,1.58,327.4570982839313,Micro Cap,True
Morepen Labs.,53.16,39.13,2912.92,-22.54,4.05,8.05,68.6289697908598,Small Cap,True
Morgan Ventures,48.9,11.69,48.41,-59.55,1.93,8.83,120.88998763906054,Micro Cap,True
MOS Utility,11.85,16.95,305.07,11.5,-12.46,19.5,10.627802690582959,Micro Cap,True
Moschip Tech.,204.46,97.84,3976.13,-8.73,13.75,10.97,224.01665388408023,Small Cap,True
Mother Nutri,151.0,16.26,189.28,453.51,50.14,21.17,27.28044660439739,Micro Cap,True
Motherson Wiring,41.26,43.77,27362.24,1.44,32.88,38.88,40.67429022082019,Large Cap,True
Motil.Oswal.Fin.,946.15,30.48,56972.11,-241.64,124.84,12.65,-667.9963287207004,Large Cap,True
Motisons Jewel,14.12,25.12,1606.16,-23.52,15.76,17.86,18.462343096234306,Small Cap,True
Motor & Gen Fin,30.0,0.0,116.18,-15800.0,0.0,-0.02,-0.1910828025477707,Micro Cap,False
Moving Media,34.95,5.21,65.73,51.61,41.61,19.03,23.052569091748566,Micro Cap,True
Moxsh Overseas,114.0,49.3,106.49,3909.09,137.12,23.68,2.843538059759197,Micro Cap,True
MPDL Ltd,31.95,0.0,23.67,-53.92,472.34,-6.14,69.3359375,Micro Cap,False
Mphasis,2263.4,22.87,43202.07,14.14,14.36,22.8,1983.0033292447872,Large Cap,True
MPIL Corporation,548.75,0.0,31.28,-54.66,0.0,-21.6,1210.2999558888398,Micro Cap,False
MPL Plastics,6.15,0.0,7.69,223.08,0.0,-242.86,1.9035532994923856,Micro Cap,False
MPS,1815.1,18.54,3104.88,9.86,12.66,39.27,1652.1937010740942,Small Cap,True
MRC Agrotech,36.53,86.7,114.44,73.68,220.59,3.83,21.032934131736525,Micro Cap,True
MRF,129550.0,22.21,54944.01,35.5,13.7,15.73,95608.85608856089,Large Cap,True
MRP Agro,90.0,25.75,103.5,-72.12,-41.16,13.69,322.8120516499283,Micro Cap,True
Mrs Bectors,182.67,47.21,5607.8,3.74,9.17,12.94,176.08444187391552,Mid Cap,True
Mrugesh Trading,53.65,0.0,3875.94,-61.29,-16.32,-0.49,138.5946783776802,Small Cap,False
Msafe Equipments,188.0,17.11,383.52,91.95,38.86,34.11,97.94217244073978,Micro Cap,True
MSP Steel & Pow.,41.9,17.54,2374.88,351.85,7.4,9.69,9.272988823724686,Small Cap,True
MSR India,4.29,0.0,26.98,57.14,0.0,0.0,2.730049637266132,Micro Cap,False
MSTC,647.4,20.87,4557.7,-10.06,33.71,30.27,719.8132088058705,Small Cap,True
MT Educare,2.3,0.0,16.61,112.77,-23.41,2.1,1.0809794613902335,Micro Cap,False
MTAR Technologie,7976.5,250.0,24535.39,212.25,67.14,15.2,2554.523618895116,Large Cap,True
Mudunuru,10.06,0.0,31.79,-4800.0,-76.72,-41.6,-0.21404255319148938,Micro Cap,False
Mufin Green,128.1,89.79,2538.46,184.36,59.5,10.73,45.04853003235335,Small Cap,True
Mukand,133.06,3.18,1922.66,4991.56,14.65,23.13,2.6133444366755962,Small Cap,True
Mukat Pipes,15.51,367.0,18.35,220.0,147.87,0.0,4.846875,Micro Cap,True
Mukesh Babu Fin.,122.25,16.19,85.22,17.73,245.37,3.33,103.83929329822475,Micro Cap,True
Mukka Proteins,24.32,14.01,729.6,51.73,-0.25,11.61,16.028471627232584,Small Cap,True
Mukta Agricultur,3.08,24.74,6.68,141.67,0.0,1.21,1.274465179790624,Micro Cap,True
Mukta Arts,60.99,0.0,137.75,124.32,19.1,11.17,27.18883737517832,Micro Cap,False
Muller & Phipps,212.9,0.0,13.31,29.79,-11.76,0.0,164.03420910701902,Micro Cap,False
Multi Comm. Exc.,2831.7,54.23,72206.04,291.09,205.13,71.37,724.0532869671943,Large Cap,True
Multibase India,183.05,22.15,231.01,-51.11,11.35,16.66,374.41194518306406,Micro Cap,True
Multipurpose Trd,11.85,0.0,5.87,-20.0,-11.11,4.0,14.812499999999998,Micro Cap,False
Munish Forge,69.0,15.77,166.08,-57.05,10.61,11.98,160.65192083818394,Micro Cap,True
Munjal Auto Inds,94.16,26.62,941.6,-103.56,20.0,11.12,-2644.9438202247134,Small Cap,True
Munjal Showa,128.25,21.83,512.94,-100.56,14.59,4.72,-22901.785714285514,Small Cap,True
Munoth Capital,103.8,0.0,95.14,-422.22,83.33,-3.08,-32.21401526907082,Micro Cap,False
Munoth Commun.,5.5,0.0,5.31,58.62,0.0,-2.31,3.4674063800277395,Micro Cap,False
Munoth Fin.Serv.,30.0,0.0,15.41,-195.35,-100.0,-7.06,-31.46303093864709,Micro Cap,False
Murudesh.Ceramic,32.12,17.27,194.47,-57.8,-5.66,5.21,76.11374407582937,Micro Cap,True
Music Broadcast,6.16,0.0,212.94,-26.11,-25.39,-8.28,8.336716741101638,Micro Cap,False
Muthoot Cap.Serv,202.68,26.95,333.36,1.87,21.33,8.87,198.9594581329145,Micro Cap,True
Muthoot Finance,3025.6,11.47,121468.3,126.67,65.23,15.77,1334.8038999426478,Large Cap,True
Muthoot Microfin,210.55,21.08,3589.71,117.73,13.83,9.3,96.7023377577734,Small Cap,True
My Money Sec.,38.56,15.39,64.78,226.55,-15.79,14.69,11.808298882253865,Micro Cap,True
My Mudra Fin.,76.0,7.22,86.58,7.98,26.29,26.18,70.38340433413595,Micro Cap,True
Mysore Petro,96.1,78.11,63.27,33.63,190.19,0.38,71.91498914914315,Micro Cap,True
Mystic Electron.,3.29,23.21,6.5,-63.95,0.0,0.87,9.126213592233011,Micro Cap,True
N D Metal Inds.,75.81,125.33,18.8,-63.64,100.0,4.49,208.4983498349835,Micro Cap,True
N G Industries,115.1,22.29,38.56,128.4,-2.46,5.88,50.394045534150614,Micro Cap,True
N K Industries,62.11,0.0,37.33,96.62,-39.52,0.0,31.58885159190316,Micro Cap,False
N R Agarwal Inds,455.4,16.23,775.05,308.21,29.98,8.47,111.56022635408246,Small Cap,True
N R Vandana,69.15,15.4,161.08,10.23,20.73,17.67,62.732468475006804,Micro Cap,True
N S D L,880.7,46.38,17614.0,8.18,26.01,23.22,814.1061194305786,Mid Cap,True
N2N Technologies,38.0,8.07,12.27,120.0,47.06,-4.04,17.27272727272727,Micro Cap,True
Naapbooks,145.68,20.79,172.53,54.15,-6.79,27.25,94.50535192993837,Micro Cap,True
Nacdac Infra.,22.4,5.32,23.58,-29.13,-4.35,20.53,31.607168054183713,Micro Cap,True
NACL Industries,205.0,282.14,4801.99,98.91,79.19,8.08,103.06168618973405,Small Cap,True
Nag. Agri Tech.,46.9,107.29,143.77,2480.0,0.0,0.0,1.817829457364341,Micro Cap,True
Naga Dhunseri,2595.3,0.0,259.53,-448.2,-32.84,0.14,-745.3475014359564,Micro Cap,False
Nagarjuna Fert.,3.35,0.0,200.35,-118.63,105.01,0.0,-17.981749865807846,Micro Cap,False
Nagpur Power,139.8,0.0,183.14,-202.58,86.61,0.91,-136.2838759992201,Micro Cap,False
Nagreeka Cap.,24.84,4.23,31.34,-131.08,-53.48,14.46,-79.92277992277988,Micro Cap,True
Nagreeka Exports,26.55,27.11,82.97,304.76,47.23,5.31,6.559442632671213,Micro Cap,True
Nahar Capital,252.5,6.7,422.84,-14.24,135.14,5.03,294.42630597014926,Micro Cap,True
Nahar Indl. Ent.,119.7,9.96,517.17,54.39,-12.99,6.63,77.53092816892286,Small Cap,True
Nahar Poly,253.35,7.9,622.94,44.98,7.05,10.69,174.74824113670851,Small Cap,True
Nahar Spinning,252.1,40.27,909.21,1.2,4.71,3.2,249.11067193675888,Small Cap,True
Nakoda Group,37.24,43.54,65.31,130.33,-20.6,8.42,16.168106629618375,Micro Cap,True
Naksh Precious,4.79,0.0,5.04,-1280.0,-33.33,-8.51,-0.4059322033898305,Micro Cap,False
Nalin Lease Fin.,36.54,7.53,23.96,29.82,-19.67,10.96,28.14666461254044,Micro Cap,True
Nalwa Sons Invst,5503.0,51.88,2828.54,121.44,122.96,0.48,2485.0975433526014,Small Cap,True
Nam Securities,72.53,279.36,39.11,-31.58,84.8,1.75,106.00701549254603,Micro Cap,True
Naman Industries Proxima,48.9,0.0,63.89,-277.55,-17.44,-0.35,-27.541537595043646,Micro Cap,False
Namo eWaste,287.05,45.74,656.41,135.9,29.25,21.33,121.68291649003815,Small Cap,True
Nanavati Venture,107.35,716.14,50.13,-85.0,-65.51,0.71,715.6666666666665,Micro Cap,True
Nandan Denim,2.46,10.7,354.6,-10.37,-48.51,7.32,2.7446167577819924,Micro Cap,True
Nandani Creation,27.86,28.91,53.19,42.55,49.7,7.09,19.544019642230797,Micro Cap,True
Nanta Tech,620.4,38.96,318.28,123.97,52.19,32.27,277.0013841139438,Micro Cap,True
Naperol Invest.,649.7,34.93,373.38,14.37,20.78,1.07,568.0685494447846,Micro Cap,True
NAPS Global,38.0,10.58,16.83,0.0,0.0,0.0,38.0,Micro Cap,True
Narayana Hrudaya,1956.8,46.95,39989.32,12.47,75.8,15.36,1739.8417355739307,Large Cap,True
Narendra Prop.,37.68,13.59,26.78,-97.14,-100.0,6.93,1317.4825174825194,Micro Cap,True
Narmada Agrobase,42.73,41.99,162.1,2.56,16.04,8.95,41.66341653666146,Micro Cap,True
Narmada Gelatine,473.4,10.07,286.39,78.73,23.97,27.87,264.86879650870026,Micro Cap,True
Narmada Macplast,24.32,52.45,88.11,4.65,51.42,26.46,23.23936932632585,Micro Cap,True
Narmadesh Brass,310.5,27.12,96.28,0.0,0.0,10.67,310.5,Micro Cap,True
Natco Pharma,903.7,11.41,16186.16,-34.11,-39.47,17.14,1371.5283047503415,Mid Cap,True
Nath Bio-Genes,168.4,8.83,320.03,-101.06,-0.73,7.1,-15886.792452830276,Micro Cap,True
Nath Industries,48.99,13.93,93.08,-155.32,2.76,5.44,-88.55748373101954,Micro Cap,True
National Fitting,157.15,15.67,142.74,-51.55,0.21,14.56,324.3550051599587,Micro Cap,True
National High,167.95,47.45,32529.41,45.58,77.05,4.42,115.36612172001648,Large Cap,True
National Perox.,576.55,28.86,331.34,222.19,16.26,4.42,178.94720506533412,Micro Cap,True
National Plastic,212.85,13.87,129.38,-30.05,17.68,16.81,304.28877769835594,Micro Cap,True
National Standar,1223.2,253.25,2446.4,-67.78,-100.0,4.79,3796.399751707014,Small Cap,True
Natl. Aluminium,332.15,10.52,61003.72,-16.68,-4.84,39.59,398.64378300528085,Large Cap,True
Natl. Gen. Inds.,58.53,0.0,32.37,-154.84,-9.42,-1.02,-106.72866520787747,Micro Cap,False
Natl. Oxygen,47.62,0.0,24.01,31.27,-53.94,-21.54,36.276376933038776,Micro Cap,False
Natl. Plastic,43.38,11.45,39.61,-202.94,12.55,12.38,-42.14105304060619,Micro Cap,True
Natl. Plywood,2.49,0.0,6.14,-184.62,-79.37,0.0,-2.9425667690853228,Micro Cap,False
Natl.Fertilizer,75.18,17.44,3688.18,12.43,-2.45,9.09,66.86827359245753,Small Cap,True
Natraj Proteins,36.47,12.0,13.68,-11.9,-18.17,5.63,41.39614074914869,Micro Cap,True
Natura Hue Chem,35.3,0.0,14.63,-2180.0,0.0,-11.34,-1.6971153846153844,Micro Cap,False
Natural Biocon,3.67,0.0,9.46,81.63,-34.81,-0.13,2.020591312007928,Micro Cap,False
Natural Capsules,157.07,0.0,163.53,-1058.33,29.98,-4.76,-16.389970052069746,Micro Cap,False
Naturewings Hol.,80.49,18.48,28.64,-16.67,39.22,18.38,96.59186367454699,Micro Cap,True
Naturite Agro,193.2,0.0,102.32,-149.25,65.98,2.08,-392.2842639593909,Micro Cap,False
Nava,607.15,21.83,17197.83,-45.71,12.24,13.0,1118.3459200589427,Mid Cap,True
Navigant Corp.,72.92,25.26,22.99,-52.38,-37.84,10.23,153.1289374212516,Micro Cap,True
Navin Fluo.Intl.,7609.0,58.37,39032.39,113.03,33.78,21.37,3571.7973994273107,Large Cap,True
Navkar Corporat.,110.23,55.03,1659.17,175.45,92.55,3.05,40.01815211472137,Small Cap,True
Navkar Urban.,1.1,41.98,123.43,95.09,314.08,2.72,0.5638423291814034,Micro Cap,True
Navneet Educat.,141.46,20.11,3129.28,-47.07,-0.92,10.23,267.25864349140375,Small Cap,True
Nazara Technolo.,300.65,11.53,11138.03,196.09,-23.53,27.23,101.54007227532168,Mid Cap,True
NB Footwear,8.19,0.0,11.06,71.43,0.0,0.0,4.7774601878317675,Micro Cap,False
NBCC,107.17,43.72,28935.9,-0.95,-1.81,30.95,108.19787985865725,Large Cap,True
NBI Indl. Fin.,1911.8,45.45,564.91,-93.52,-78.09,0.56,29503.08641975305,Small Cap,True
NCC,153.59,13.79,9643.1,-18.83,1.66,16.82,189.2201552297647,Mid Cap,True
NCC Blue Water,19.5,47.22,15.11,135.29,0.0,2.88,8.287645033788092,Micro Cap,True
NCL Industries,192.85,6.65,872.31,625.08,6.5,14.49,26.59706515143156,Small Cap,True
NCL Res. & Finl.,0.5,0.0,53.52,-5690.0,-86.14,-2.53,-0.008944543828264758,Micro Cap,False
NDA Securities,30.68,0.0,18.25,-46.24,288.89,0.0,57.06845238095239,Micro Cap,False
NDL Ventures,130.05,481.21,437.9,7.14,0.0,2.04,121.383236886317,Micro Cap,True
NDR Auto Compon.,819.8,31.23,1949.92,12.57,19.28,22.16,728.2579728169139,Small Cap,True
NDR INVIT Trust,140.0,59.82,6412.55,-118.35,15.49,5.14,-762.9427792915532,Mid Cap,True
NDTV,81.08,0.0,914.78,-60.71,16.46,-72.58,206.36294222448458,Small Cap,False
Nectar Lifesci.,11.42,0.0,221.85,-33727.27,12800.0,-4.88,-0.03396053262723974,Micro Cap,False
Neelam Linens,10.85,14.15,21.94,-93.18,-12.27,7.82,159.09090909090926,Micro Cap,True
Neelamalai Agro,3199.0,6.83,199.0,58.37,53.07,9.63,2019.9532739786578,Micro Cap,True
Neelkanth,42.28,73.72,18.43,-173.91,-100.0,5.05,-57.20470842917062,Micro Cap,True
Neelkanth Rock,47.26,103.57,23.82,-35.14,0.0,3.92,72.86463151403021,Micro Cap,True
Neeraj Paper Mkt,20.9,45.08,22.99,275.0,-2.18,3.72,5.573333333333333,Micro Cap,True
Neetu Yoshi,150.25,23.31,583.16,58.96,53.19,31.78,94.52063412179164,Small Cap,True
Neil Industries,6.45,8.52,12.61,128.57,12.5,4.39,2.8218926368289803,Micro Cap,True
Nelcast,132.57,23.82,1153.37,12.78,11.65,11.42,117.54743748891647,Small Cap,True
NELCO,863.05,3338.1,1969.48,126.72,17.27,7.21,380.6677840508116,Small Cap,True
Neo Infracon,42.65,25.17,22.65,-38.76,-59.53,9.61,69.6440235140431,Micro Cap,True
Neochem Bio,104.0,14.29,178.06,31.35,37.35,28.05,79.1777693186144,Micro Cap,True
Neogen Chemicals,1874.8,178.56,5133.52,23.67,21.57,6.46,1515.9699199482495,Mid Cap,True
Neopolitan Pizza,7.38,62.75,12.55,135.71,-52.42,1.21,3.1309660175639555,Micro Cap,True
Nephro Care,67.35,32.95,111.04,0.0,0.0,8.7,67.35,Micro Cap,True
Nephrocare Health Services,657.95,85.92,6601.92,22.11,21.18,15.48,538.8174596675129,Mid Cap,True
Neptune Logitek,37.8,8.34,51.79,-49.55,-20.19,15.38,74.92566897918732,Micro Cap,True
Neptune Pet.,185.0,13.81,419.09,29.32,6.32,31.57,143.05598515310857,Micro Cap,True
NESCO,1087.8,18.57,7664.63,5.0,31.05,18.34,1036.0,Mid Cap,True
Nestle India,1402.6,78.43,270465.37,28.84,22.6,84.14,1088.6370692331573,Large Cap,True
Net Avenue,4.9,0.0,10.51,65.64,5.18,-32.63,2.958222651533446,Micro Cap,False
Net Pix Shorts,33.6,0.0,10.75,200.0,125.0,0.39,11.200000000000001,Micro Cap,False
Netlink Solns(I),190.4,23.72,48.16,98.97,0.0,6.09,95.69281801276574,Micro Cap,True
Nettlinx,16.47,0.0,39.82,700.0,-41.03,0.66,2.05875,Micro Cap,False
Netweb Technol.,4943.8,136.77,28150.34,65.67,86.59,37.5,2984.125067906078,Large Cap,True
Network People,1584.9,80.99,3306.66,134.87,135.22,19.67,674.7988248818496,Small Cap,True
Netwrk.18 Media,32.63,137.1,5031.55,9.14,9.7,3.02,29.89737951255269,Mid Cap,True
Neueon Corporation,19.78,0.0,1118.45,-349.25,15.33,-40.43,-7.935807422266801,Small Cap,False
Neuland Labs.,17961.0,63.31,23043.76,664.72,136.4,26.59,2348.7027931792027,Large Cap,True
New India Assura,184.63,21.54,30427.02,61.19,7.54,3.87,114.54184502760718,Large Cap,True
New Light Industries,1.35,28.17,11.83,-59.09,-63.5,3.89,3.2999266682962602,Micro Cap,True
New Markets Advi,35.79,0.0,17.68,-200.0,-100.0,-9.04,-35.79,Micro Cap,False
New Swan,47.9,9.49,91.09,-23.99,24.41,13.44,63.018023944217866,Micro Cap,True
Newgen Software,473.1,20.32,6742.15,3.61,5.3,25.76,456.61615674162726,Mid Cap,True
Newjaisa Tech,17.35,0.0,62.07,-168.67,-46.01,-24.48,-25.2657637978739,Micro Cap,False
Newmalayalam St.,23.3,5.69,40.28,466.67,5.16,12.4,4.111740519173416,Micro Cap,True
Newtime Infra.,2.15,0.0,112.84,-1267.74,0.0,-2.58,-0.1841163272646308,Micro Cap,False
Newtrac Foods,4.61,0.0,30.98,-3729.41,-84.11,-69.48,-0.12701788996007615,Micro Cap,False
Nexome Cap. Mkt.,128.85,11.52,138.33,3412.9,122.21,10.26,3.66790970423297,Micro Cap,True
Next Mediaworks,4.04,0.0,27.02,6.2,0.0,-0.62,3.804143126177024,Micro Cap,False
Nexus Select,161.44,60.62,24458.16,-89.34,12.41,6.18,1514.4465290806766,Large Cap,True
Nexus Surgical,19.65,14.53,10.75,166.67,38.51,69.23,7.368657891776353,Micro Cap,True
Nexxus Petro,73.0,8.05,50.74,-10.74,-44.59,19.47,81.78355366345507,Micro Cap,True
NFP Sampoorna,23.7,6.61,29.94,119.83,40.76,24.14,10.781058090342539,Micro Cap,True
NGL Fine Chem,2989.9,44.39,1847.76,2282.69,55.61,15.07,125.48422161506532,Small Cap,True
NHC Foods,1.11,7.14,84.57,644.19,92.08,11.52,0.14915545761163143,Micro Cap,True
NHPC Ltd,79.4,21.18,79757.58,71.05,19.96,5.73,46.41917567962584,Large Cap,True
NIBE,1656.2,448.95,2527.57,282.59,130.48,4.79,432.89160720353385,Small Cap,True
Nicco Parks,77.15,0.0,361.06,-124.74,-12.73,13.52,-311.8431689571546,Micro Cap,False
Nidan Laborator.,13.6,10.74,18.9,-86.36,-11.22,5.99,99.70674486803522,Micro Cap,True
Nidhi Granites,360.0,37.5,288.0,320.45,58.97,51.01,85.62254727078131,Micro Cap,True
Nihar Info Glob.,6.14,9.26,6.39,100.88,-10.55,10.05,3.056551174830745,Micro Cap,True
NIIT,100.38,141.21,1371.73,-136.77,15.59,2.23,-272.99428882240943,Small Cap,True
NIIT Learning,227.43,13.76,3134.31,10.03,22.23,20.59,206.69817322548394,Small Cap,True
Nikhil Adhesives,77.9,20.3,357.9,50.24,11.3,15.06,51.850372736954206,Micro Cap,True
Nikita Greentech Recycling,95.05,21.05,234.47,-62.64,-13.47,9.29,254.41648822269804,Micro Cap,True
Nikki Glob.Fin.,21.49,35.0,7.35,720.0,0.0,13.05,2.620731707317073,Micro Cap,True
Niks Technology,291.75,72.95,14.59,-58.82,-60.84,4.42,708.4749878581837,Micro Cap,True
Nila Infrastruct,7.68,12.99,302.51,9.14,-28.55,22.54,7.036833424958769,Micro Cap,True
Nila Spaces,12.86,17.75,506.54,94.92,25.25,31.32,6.597578493741022,Small Cap,True
Nilachal Carbo,92.0,21.76,229.33,0.0,0.0,14.54,92.0,Micro Cap,True
Nilachal Refract,41.89,0.0,85.29,98.19,36.11,-30.63,21.136283364448257,Micro Cap,False
NILE,1744.4,9.47,523.32,41.3,20.95,25.28,1234.5364472753008,Small Cap,True
Nilkamal Ltd,1276.6,15.11,1904.69,21.65,7.96,10.61,1049.4040279490341,Small Cap,True
Nimbus Projects,209.99,0.0,405.67,86.0,26192.77,-13.46,112.8978494623656,Micro Cap,False
NINtec Systems,773.0,44.86,1435.92,18.91,22.51,54.95,650.0714826339248,Small Cap,True
Nippon Life Ind.,1139.0,47.61,72815.8,28.84,30.39,43.8,884.0422229121391,Large Cap,True
Niraj Cement,30.03,8.3,179.26,-30.64,-19.19,11.05,43.29584775086506,Micro Cap,True
Niraj Ispat Ind.,203.0,7.52,12.18,30.0,-11.0,11.28,156.15384615384616,Micro Cap,True
Nirav Commercial,734.25,318.22,28.64,80.0,67.82,0.93,407.91666666666663,Micro Cap,True
Nirlon,620.1,16.15,5588.34,31.85,8.18,30.77,470.3071672354949,Mid Cap,True
Nirman Agri,43.25,1.97,34.64,-77.8,-59.43,15.24,194.81981981981986,Micro Cap,True
Nirmitee Robotic,115.0,51.12,41.41,-75.0,-61.83,15.62,460.0,Micro Cap,True
NIS Management,44.66,3.63,88.43,115.97,13.19,12.05,20.678797981201093,Micro Cap,True
Nisus Finance,203.65,6.67,486.28,210.17,1222.29,32.0,65.65754263790825,Micro Cap,True
Nitco,108.25,79.14,2603.59,-171.23,62.85,7.07,-151.97248350414154,Small Cap,True
Nitin Castings,560.0,25.96,287.91,-28.57,-10.24,15.52,783.9843203135938,Micro Cap,True
Nitin Spinners,550.4,17.43,3094.35,23.7,2.2,12.21,444.9474535165723,Small Cap,True
Nitiraj Engineer,186.04,179.92,190.71,-966.67,-63.82,1.79,-21.466071284341215,Micro Cap,True
Nitta Gelatin,1719.8,15.89,1561.58,104.57,25.24,27.39,840.690228283717,Small Cap,True
Niva Bupa Health,84.79,119.89,15679.65,67.47,28.0,3.45,50.629963575565775,Mid Cap,True
Nivaka Fashions,1.0,0.0,10.27,-1604.17,-97.01,-59.2,-0.0664818471316407,Micro Cap,False
Niyogin Fintech,41.88,0.0,465.9,315.15,3.04,5.57,10.087920028905215,Micro Cap,False
NLC India,320.1,12.6,44386.24,189.12,31.45,10.45,110.7152739346984,Large Cap,True
NMDC,84.94,10.02,74677.7,37.19,61.94,27.58,61.914133683213066,Large Cap,True
NMDC Steel,43.68,218.0,12800.89,182.79,36.67,3.06,15.446090738710707,Mid Cap,True
NMS Global,79.0,33.03,23.78,-23.81,829.58,24.35,103.68814805092532,Micro Cap,True
NOCIL,181.86,50.99,3037.52,-18.23,-2.75,4.66,222.40430475724597,Small Cap,True
Noida Tollbridg.,4.82,3.3,89.75,-4.9,7.66,162.47,5.068349106203996,Micro Cap,True
Norben Tea,71.97,0.0,111.87,23.3,32.41,2.96,58.36982968369829,Micro Cap,False
Norris Medicines,13.54,0.0,13.54,121.74,-48.16,3.36,6.106250563723279,Micro Cap,False
North Eastn.Car.,16.05,21.64,167.72,-60.23,9.23,5.91,40.35705305506663,Micro Cap,True
Northern Arc,288.1,11.47,4656.05,250.9,23.09,9.71,82.10316329438588,Small Cap,True
Northern Spirits,126.15,7.46,202.49,138.28,32.04,15.71,52.941917072351856,Micro Cap,True
Northlink Fiscal,22.14,96.83,11.62,302.63,485.71,3.76,5.4988450935101705,Micro Cap,True
Nouveau Global,0.29,0.0,5.38,-9.09,0.0,-2.28,0.31899681003189967,Micro Cap,False
Nova Agritech,24.87,17.92,230.1,-96.21,-31.26,8.09,656.2005277044848,Micro Cap,True
Nova Iron &Steel,13.46,0.0,48.64,-10.97,8.71,-2.76,15.11849938223071,Micro Cap,False
Novartis India,1434.9,38.02,3542.88,-13.82,7.95,16.25,1665.0034810860989,Small Cap,True
Novelix Pharma.,80.0,74.67,191.16,405.56,20.76,9.98,15.82403671176517,Micro Cap,True
Novus Loyalty,141.0,23.63,219.26,0.0,0.0,33.39,141.0,Micro Cap,True
NPR Finance,21.2,60.48,12.7,0.0,-48.72,0.58,21.2,Micro Cap,True
NRB Bearings,429.2,28.14,4159.92,-4.74,12.96,18.56,450.55637203443206,Small Cap,True
NRB Indl Bearing,30.03,0.0,72.82,2.29,27.75,-16.17,29.357708475901852,Micro Cap,False
NSB BPO,64.75,10.1,129.32,20.03,29.95,8.15,53.94484712155295,Micro Cap,True
NTC Industries,152.15,11.29,220.91,3.07,33.69,11.14,147.61812360531678,Micro Cap,True
NTPC,352.05,12.62,341371.13,37.78,-0.29,8.33,255.51604006386992,Large Cap,True
NTPC Green Ene.,95.72,154.34,80656.83,-15.51,46.66,3.53,113.29151378861404,Large Cap,True
Nucleus Soft.,758.05,14.97,1995.59,-43.21,-1.83,20.0,1334.8300757175557,Small Cap,True
Nukleus Office,212.0,39.94,85.48,-14.91,29.16,7.08,249.14796098248914,Micro Cap,True
Nupur Recyclers,83.01,40.32,573.34,34.47,54.0,15.12,61.731241169033986,Small Cap,True
Nureca,240.3,110.24,229.29,-346.56,11.56,3.28,-97.4610642439974,Micro Cap,True
Nurture Well Industries,27.65,9.59,643.8,-105.39,-16.81,22.92,-512.9870129870123,Small Cap,True
Nutech Global,29.0,58.06,9.29,-90.91,-7.14,8.36,319.0319031903191,Micro Cap,True
Nutricircle,290.8,1075.97,322.79,-97.44,289.6,4.23,11359.37499999997,Micro Cap,True
Nuvama Wealth,1748.6,30.65,31909.35,5.38,13.34,17.49,1659.3281457582082,Large Cap,True
Nuvoco Vistas,306.2,28.05,10936.12,2.54,8.69,7.07,298.615174566023,Mid Cap,True
Nxt-Infra Trust,97.98,27.69,2792.43,-101.27,-26.91,6.35,-7714.9606299213,Small Cap,True
Nyssa Corp.,2.45,0.0,7.35,-326.74,100.0,-45.8,-1.0805327688100907,Micro Cap,False
O N G C,233.1,7.03,293246.31,47.8,3.61,14.15,157.7131258457375,Large Cap,True
Oasis Securities,11.65,52.82,53.88,-75.76,58.33,8.81,48.061056105610575,Micro Cap,True
Oberoi Realty,1749.2,26.0,63601.3,62.36,52.14,17.28,1077.3589554077357,Large Cap,True
Objectone Inform,6.81,79.56,7.16,116.67,-13.55,2.99,3.143028568791249,Micro Cap,True
OBSC Perfection,536.75,51.36,1387.26,70.14,77.38,19.52,315.47549077230514,Small Cap,True
OCCL,126.66,12.8,632.67,112.41,38.63,12.85,59.6299609246269,Small Cap,True
Oceanic Foods,61.55,10.27,69.24,23.84,-11.4,15.97,49.701227390180875,Micro Cap,True
Octal Credit Cap,18.83,0.0,9.42,-91.15,-50.0,-6.72,212.76836158192108,Micro Cap,False
Octavius Plant.,44.8,16.0,13.44,-33.33,714.96,7.38,67.19664016799159,Micro Cap,True
Octaware Tech.,63.6,0.0,22.84,-3213.33,33.08,-28.77,-2.0428287396453317,Micro Cap,False
Odigma Consultan,24.84,0.0,77.65,44.44,-9.48,-2.2,17.197452229299365,Micro Cap,False
Odyssey Corpn.,7.19,12.39,58.71,946.67,63.44,6.57,0.6869404874506769,Micro Cap,True
Odyssey Tech.,41.38,16.41,65.97,0.0,2.82,9.35,41.38,Micro Cap,True
Oil Country,59.13,0.0,307.41,-29.41,-13.02,-25.38,83.76540586485339,Micro Cap,False
Oil India,406.8,10.0,66170.4,60.26,5.51,11.56,253.83751403968552,Large Cap,True
OK Play India,4.21,37.18,152.79,257.95,15.1,4.9,1.176141919262467,Micro Cap,True
Ola Electric,41.8,0.0,19346.75,42.53,-56.63,-19.56,29.32715919455553,Mid Cap,False
Olatech Solution,82.89,21.83,36.89,-175.79,7.28,14.39,-109.36799050006597,Micro Cap,True
Olectra Greentec,1493.4,69.06,12257.94,164.38,43.62,21.05,564.8687495271957,Mid Cap,True
Olympia Industri,29.06,9.11,17.5,33.33,10.64,6.73,21.795544888622217,Micro Cap,True
Olympic Oil Ind.,22.57,0.0,6.43,14.29,0.0,-0.26,19.74800944964564,Micro Cap,False
Om Freight Forwa,91.24,19.98,307.25,-42.96,21.2,10.05,159.9579242636746,Micro Cap,True
Om Infra,87.05,40.77,838.32,-56.32,-6.89,4.7,199.29029304029305,Small Cap,True
Om Metallogic,33.54,5.6,26.37,69.82,57.66,22.46,19.750323872335414,Micro Cap,True
Om Power Transmission,182.46,15.61,624.83,36.48,67.2,42.7,133.68991793669403,Small Cap,True
Omansh Enterpri.,179.75,0.0,315.07,-1280.0,0.0,-38.74,-15.233050847457626,Micro Cap,False
Omax Autos,223.53,12.41,478.13,2942.11,52.72,17.15,7.347860531013013,Micro Cap,True
Omaxe,77.48,0.0,1417.11,-28.98,-35.61,-109.77,109.09602928752466,Small Cap,False
Omega Ag Seeds,8.79,19.86,6.95,-44.83,0.0,92.11,15.932572050027185,Micro Cap,True
Omega Interactiv,53.65,46.96,424.06,480.65,0.0,24.64,9.239645225178679,Micro Cap,True
Omfurn India,54.05,10.1,63.64,36.63,22.07,14.06,39.55939398375173,Micro Cap,True
Omkar Overseas,10.22,0.0,5.11,-150.0,0.0,-3000.0,-20.44,Micro Cap,False
Omkar Pharmachem,18.9,158.83,19.06,200.0,-35.71,0.74,6.3,Micro Cap,True
Omni Ax's,3.68,0.0,6.34,-200.0,0.0,-0.52,-3.68,Micro Cap,False
Omnitech Engg.,489.95,76.28,6059.02,43.19,38.46,17.56,342.1677491444933,Mid Cap,True
Omnitex Industri,839.85,243.27,352.74,99.85,2607.14,1.06,420.24018013510135,Micro Cap,True
On Door Concepts,201.45,10.56,113.79,45.65,21.36,10.1,138.31101956745624,Micro Cap,True
One 97,1124.8,98.74,72025.11,766.66,18.41,5.01,129.78561373549027,Large Cap,True
One Global Serv,743.15,20.9,1452.34,68.58,141.27,87.02,440.8292798671254,Small Cap,True
One Mobikwik,200.65,0.0,1580.06,114.4,7.82,-2.24,93.58675373134328,Small Cap,False
One Point One,57.9,38.77,1522.4,18.08,43.48,10.88,49.03455284552845,Small Cap,True
OneClick Logisti,436.0,103.04,292.63,0.47,105.86,8.61,433.9603861849309,Micro Cap,True
Onelife Capital,32.33,22.53,120.78,224.13,217.07,11.41,9.974392990466788,Micro Cap,True
Onemi Technology,275.1,16.47,4634.97,51.71,67.76,22.59,181.33280601146924,Small Cap,True
Onesource Indus.,5.88,6.82,18.08,-2387.5,2.2,43.89,-0.25704918032786883,Micro Cap,True
OneSource Speci.,1556.0,0.0,17838.89,-95.34,0.53,0.57,33390.55793991418,Mid Cap,False
Onida Electronics,42.06,0.0,1553.66,-1382.86,-28.35,-16.44,-3.278611851643983,Small Cap,False
Onix Solar,668.8,61.35,2465.73,3910.94,202.11,10.21,16.67439552823029,Small Cap,True
OnMobile Global,57.08,0.0,606.88,-360.91,-18.28,-0.2,-21.87727568893488,Small Cap,False
Ontic Finserve,1.77,29.5,15.93,-440.0,0.0,19.26,-0.5205882352941176,Micro Cap,True
Onward Technolog,284.7,13.57,633.26,-8.26,7.72,22.94,310.3335513407456,Small Cap,True
Onyx Biotec,37.05,0.0,67.18,-64.97,9.69,1.14,105.7664858692549,Micro Cap,False
Optiemus Infra.,469.3,63.05,4162.16,0.04,7.95,10.91,469.11235505797686,Small Cap,True
Optimus Finance,14.68,18.91,109.69,15.7,24.45,11.62,12.687986171132238,Micro Cap,True
Optivalue Tek,72.05,12.26,168.68,12.37,80.12,27.18,64.11853697606122,Micro Cap,True
Oracle Fin.Serv.,10974.5,36.21,95557.32,30.72,20.33,45.28,8395.425336597307,Large Cap,True
Orbit Exports,235.98,19.18,625.61,-84.87,-2.95,14.62,1559.6827495042962,Small Cap,True
Orchasp Ltd,1.98,65.32,68.59,-96.36,-77.03,0.84,54.395604395604416,Micro Cap,True
Orchid Pharma,963.3,180.15,4885.77,4.26,0.05,2.64,923.9401496259352,Small Cap,True
Organic Coatings,21.99,0.0,21.93,-8.97,51.5,-24.06,24.15687136108975,Micro Cap,False
Organic Recyclin,243.0,10.08,252.7,46.01,141.73,15.86,166.42695705773576,Micro Cap,True
Oriana Power Ltd,1595.45,12.85,3241.82,19.02,64.51,39.61,1340.4889934464798,Small Cap,True
Oricon Enterpris,55.53,56.63,872.09,-619.62,104.57,2.08,-10.68665563296255,Small Cap,True
Orient Bell,319.0,38.72,469.26,192.15,11.46,5.61,109.19048434023618,Micro Cap,True
Orient Beverages,188.65,10.61,40.75,-1183.33,8.91,12.17,-17.41389973507611,Micro Cap,True
Orient Cement,133.92,8.06,2751.52,31.59,-21.57,16.46,101.7706512652937,Small Cap,True
Orient Ceratech,39.77,24.04,475.81,81.12,10.94,9.16,21.957818021201415,Micro Cap,True
Orient Electric,177.95,36.98,3796.85,32.15,10.02,19.83,134.65758607642832,Small Cap,True
Orient Green,10.74,21.08,1259.84,-17.37,-7.59,7.22,12.99770059300496,Small Cap,True
Orient Paper,17.11,0.0,363.05,39.46,5.56,-4.27,12.268750896314355,Micro Cap,False
Orient Press,71.31,0.0,71.31,157.69,-7.42,3.48,27.67278512941907,Micro Cap,False
Orient Tech.,248.95,45.47,1140.34,0.0,0.0,0.0,248.95,Small Cap,True
Orient Tradelink,6.22,17.69,24.06,107.21,-15.26,4.25,3.001785628106752,Micro Cap,True
Oriental Aromat.,323.95,329.37,1090.21,180.99,11.54,4.47,115.28880031317841,Small Cap,True
Oriental Hotels,139.32,36.29,2488.24,66.98,2.97,12.13,83.43514193316565,Small Cap,True
Oriental Rail,130.75,20.76,876.8,121.23,9.46,12.17,59.10138769606292,Small Cap,True
Oriental Trimex,6.0,19.09,44.1,-70.9,-16.33,3.83,20.618556701030933,Micro Cap,True
Orissa Bengal,56.5,0.0,119.12,-288.6,19.57,-2.08,-29.957582184517495,Micro Cap,False
Orissa Minerals,3929.8,0.0,2357.88,157.94,-0.05,-38.52,1523.5326044816627,Small Cap,False
Orkla India,621.3,28.55,8511.14,33.93,4.97,15.24,463.89905174344807,Mid Cap,True
Orosil Smiths,6.39,1.15,26.4,2704.94,-79.1,193.46,0.2278123596226657,Micro Cap,True
Ortel Commu.,1.52,0.0,5.01,-278.46,-42.41,-13.42,-0.8517314804437971,Micro Cap,False
Ortin Global,17.44,0.0,14.18,93.75,233.33,-32.14,9.001290322580646,Micro Cap,False
Oscar Global,19.6,0.0,6.47,42.86,0.0,-3.76,13.719725605487893,Micro Cap,False
OSEL Devices,465.8,28.34,828.87,16.78,47.1,24.4,398.8696694639493,Small Cap,True
Osia Hyper Reta.,3.31,3.26,58.57,-52.05,-5.89,14.72,6.903023983315954,Micro Cap,True
Osiajee Texfab,403.85,39.29,218.08,-29.28,-42.8,27.49,571.0548642533937,Micro Cap,True
Oswal Agro Mills,43.4,0.0,582.56,-163.2,-99.98,2.03,-68.67088607594938,Small Cap,False
Oswal Green Tech,22.6,16.3,580.39,2768.85,-45.74,1.75,0.7877721038046606,Small Cap,True
Oswal Overseas,120.95,0.0,156.29,-36.19,-92.3,-38.58,189.5470929321423,Micro Cap,False
Oswal Pumps,431.85,13.05,4923.3,43.9,39.79,38.24,300.10423905489927,Small Cap,True
Oswal Yarns,15.0,0.0,6.02,20.0,-59.32,-3.42,12.5,Micro Cap,False
OTCO Intl,7.37,318.67,9.56,1100.0,-100.0,0.4,0.6141666666666666,Micro Cap,True
Oval Projects,60.5,9.16,125.65,0.0,0.0,19.91,60.5,Micro Cap,True
Ovobel Foods,185.65,7.24,176.38,142.56,35.83,28.21,76.53776385224273,Micro Cap,True
Owais Metal,119.5,131.68,217.28,-193.42,-99.72,4.3,-127.9169342753158,Micro Cap,True
Oxford Industrie,14.56,16.63,8.65,0.0,-100.0,0.0,14.56,Micro Cap,True
Oxygenta Pharma,50.49,0.0,186.73,10.05,0.28,-33.44,45.87914584279873,Micro Cap,False
P & G Health Ltd,6232.5,31.65,10345.56,54.63,19.12,83.53,4030.5891482894654,Mid Cap,True
P & G Hygiene,9020.5,34.19,29281.21,-1.9,-5.07,157.48,9195.208970438329,Large Cap,True
P B A Infra.,14.02,0.0,18.93,-1997.68,-37.92,-23.43,-0.7387968466759411,Micro Cap,False
P I Industries,2684.9,32.84,40734.8,-39.02,-12.42,14.69,4402.918989832733,Large Cap,True
P N Gadgil Jewe.,532.65,17.53,7228.5,45.6,123.16,20.92,365.83104395604397,Mid Cap,True
P S Raj Steels,420.0,36.9,316.61,30.51,7.29,16.13,321.81442035093096,Micro Cap,True
P. H. Capital,974.85,90.27,292.46,76.15,-33.73,8.47,553.4203803576497,Micro Cap,True
P.E. Analytics,225.0,15.03,235.85,29.3,16.49,21.29,174.0139211136891,Micro Cap,True
P.M. Telelinnks,13.45,0.0,13.56,-450.0,-100.0,-1.94,-3.8428571428571425,Micro Cap,False
Pace Digitek,200.03,14.51,4317.67,73.27,60.52,21.26,115.44410457667226,Small Cap,True
Pace E-Commerce,16.0,9.56,36.05,-13.66,26.88,7.53,18.531387537641884,Micro Cap,True
Pacific Inds,132.3,45.82,91.19,-83.98,-35.36,1.09,825.8426966292135,Micro Cap,True
Padam Cotton,0.95,1.91,20.85,91.59,86.19,47.07,0.4958505141186909,Micro Cap,True
Padmalaya Tele.,4.28,0.0,7.28,-154.55,0.0,-3.36,-7.846012832263977,Micro Cap,False
Padmanabh Alloys,17.24,62.2,9.33,52.17,33.19,4.52,11.32943418545048,Micro Cap,True
Padmanabh Inds.,8.83,22.38,5.37,228.57,500.41,17.39,2.6874029887086466,Micro Cap,True
Page Industries,40950.0,57.83,45675.11,8.98,14.07,64.38,37575.70196366306,Large Cap,True
Paisalo Digital,59.34,22.7,5397.1,57.98,34.65,12.33,37.56171667299658,Mid Cap,True
Pajson Agro,172.75,16.6,411.31,8.97,36.21,31.35,158.52987060658896,Micro Cap,True
Pakka,80.97,21.27,385.97,-69.45,10.18,4.42,265.04091653027825,Micro Cap,True
Palash Securi.,91.62,5.7,91.65,44.87,-99.13,2.65,63.2429074342514,Micro Cap,True
Palco Metals Ltd,133.55,8.37,53.42,198.04,13.59,25.6,44.80942155415381,Micro Cap,True
Palm Jewels,14.76,14.82,14.82,114.29,30.99,7.63,6.887862242755145,Micro Cap,True
Palred Technolog,58.0,0.0,70.95,78.87,24.8,-1.49,32.42578408900319,Micro Cap,False
Pan Electronics,26.72,0.0,10.69,-239.13,-78.54,-17.1,-19.205060015812553,Micro Cap,False
PAN HR Solution,56.86,5.47,41.0,157.14,27.88,29.61,22.112467916310184,Micro Cap,True
Pan India Corpor,1.84,0.0,39.42,97.8,0.0,-6.28,0.930232558139535,Micro Cap,False
Panabyte Tech,19.93,78.41,13.33,-100.0,37.2,7.39,inf,Micro Cap,True
Panacea Biotec,557.2,0.0,3412.89,93.02,25.82,-2.44,288.67474873070154,Small Cap,False
Panache Digilife,434.35,38.73,695.57,402.27,57.53,23.67,86.47739263742609,Small Cap,True
Panafic Industri,1.32,0.0,65.04,-13150.0,-80.0,-17.07,-0.010114942528735633,Micro Cap,False
Panama Petrochem,404.85,11.53,2449.08,60.56,18.35,19.15,252.14872944693576,Small Cap,True
Panasonic Carbon,465.3,10.52,223.34,-6.56,-19.78,16.79,497.9666095890411,Micro Cap,True
Panasonic Energy,271.05,37.93,203.29,47.86,13.01,9.21,183.3152982551062,Micro Cap,True
Panch.Organics,118.25,14.38,155.76,-46.37,9.52,10.29,220.49226179377214,Micro Cap,True
Panchmahal Steel,291.8,0.0,556.75,-4.43,16.17,3.11,305.32593910222874,Small Cap,False
Panjon,17.73,42.26,30.43,-17.39,-12.36,4.97,21.46229270064157,Micro Cap,True
Pankaj Polymers,68.5,17.26,37.98,1100.0,-33.72,19.12,5.708333333333333,Micro Cap,True
Panorama Studios,46.68,77.61,1216.18,-70.43,-69.5,8.7,157.86269868109574,Small Cap,True
Pansari Develop.,286.25,25.11,499.41,53.06,-27.3,12.48,187.01816281196915,Micro Cap,True
Panth Infinity,11.03,1.56,60.84,12386.67,294.01,0.0,0.08833419959044325,Micro Cap,True
Panther Indl. Pr,81.0,0.0,11.34,90.0,0.0,-5.21,42.631578947368425,Micro Cap,False
Panyam Cement,93.25,0.0,74.8,-14.21,-0.95,-30.06,108.69565217391305,Micro Cap,False
Paos Industries,50.35,0.0,30.73,48.28,14.53,1.87,33.956029134070675,Micro Cap,False
Par Drugs & Che.,91.0,8.54,111.97,-48.48,-12.18,16.53,176.63043478260866,Micro Cap,True
Paradeep Pari.,216.55,11.2,344.7,-24.32,4.89,22.05,286.1390063424947,Micro Cap,True
Paradeep Phosph.,136.14,13.78,14133.65,-10.48,12.11,17.13,152.07774798927613,Mid Cap,True
Parag Milk Foods,233.81,20.96,2936.88,23.01,2.95,13.52,190.07397772538818,Small Cap,True
Paragon Finance,48.0,0.0,20.4,-495.12,-446.15,-3.78,-12.148208139299452,Micro Cap,False
Paragon Fine,48.4,10.46,94.7,67.7,7.41,12.79,28.86106141920095,Micro Cap,True
Paramatrix Tech.,62.0,27.34,71.35,-109.68,0.14,4.18,-640.4958677685951,Micro Cap,True
Paramount Comm.,70.34,35.94,2146.85,9.5,13.07,12.35,64.23744292237443,Small Cap,True
Paramount Cosmet,34.1,331.2,16.56,-150.0,-53.34,7.94,-68.2,Micro Cap,True
Paramount Dye,37.05,3.96,25.72,-2.7,-4.75,9.54,38.07810894141829,Micro Cap,True
Paramount Specia,34.25,15.82,67.41,-27.87,-1.57,9.41,47.483709968113125,Micro Cap,True
Parampara Dairy,11.35,7.36,11.92,1100.0,63.48,8.95,0.9458333333333333,Micro Cap,True
Paras Defence,1233.75,115.67,9942.46,64.34,58.28,16.9,750.7301935012778,Mid Cap,True
Paras Petrofils,2.04,0.0,68.18,-59.26,0.0,-1.74,5.007363770250368,Micro Cap,False
Parin Enterpris.,720.55,123.16,801.11,-32.39,6.46,10.82,1065.7447123206628,Small Cap,True
Park Medi World,285.5,47.77,12331.63,58.03,30.09,19.34,180.66189963930898,Mid Cap,True
Parker Agrochem,14.3,7.95,6.84,120.0,-88.03,23.07,6.5,Micro Cap,True
Parle Industries,10.87,0.0,53.09,25.0,-95.95,0.09,8.696,Micro Cap,False
Parmax Pharma,75.08,0.0,28.09,-38.1,-31.47,-82.96,121.29240710823909,Micro Cap,False
Parmeshwar Metal,190.0,8.95,290.81,250.15,50.08,43.5,54.26245894616593,Micro Cap,True
Parmeshwari Silk,276.4,8.95,82.95,17.7,9.03,11.33,234.8343245539507,Micro Cap,True
Parnax Lab,136.0,12.2,156.2,-20.23,41.99,13.89,170.4901592077222,Micro Cap,True
Parshva Enterpr.,188.0,660.59,191.57,250.0,-6.56,3.41,53.714285714285715,Micro Cap,True
Parshwanath Corp,60.08,0.0,18.82,-3700.0,0.0,0.33,-1.6688888888888889,Micro Cap,False
Parsvnath Devl.,2.81,0.0,122.29,-54.84,4.81,-0.98,6.222320637732507,Micro Cap,False
Parth Electrical,432.0,41.46,590.46,35.73,12.26,21.05,318.27893612318576,Small Cap,True
Party Cruisers,92.0,8.91,109.85,33.02,11.58,39.65,69.1625319500827,Micro Cap,True
Parvati Sweetner,7.04,0.0,105.0,-234.78,31.99,-9.97,-5.223326903101351,Micro Cap,False
Pasari Spinning,6.89,33.96,9.51,-166.67,-64.71,16.28,-10.33448327583621,Micro Cap,True
Pashupati Cotsp.,86.95,132.09,1372.42,-77.47,25.74,10.07,385.92987128273404,Small Cap,True
Pasupati Acrylon,63.58,8.06,566.69,133.19,45.34,21.15,27.265320125219777,Small Cap,True
Pasupati Fincap,10.98,0.0,5.16,-75.0,0.0,0.0,43.92,Micro Cap,False
Pasupati Spinng.,27.45,11.55,25.64,261.22,1.26,8.83,7.599246996290349,Micro Cap,True
Patanjali Foods,412.55,22.29,44889.92,93.24,15.1,12.0,213.49099565307392,Large Cap,True
Patel Chem,93.83,18.59,233.36,20.22,38.51,21.77,78.04857760771918,Micro Cap,True
Patel Engineerin,33.87,8.44,3360.38,-6.06,-11.81,13.5,36.054928677879495,Small Cap,True
Patel Integrated,15.96,11.57,111.06,60.75,11.54,8.06,9.92846034214619,Micro Cap,True
Patel Retail,212.55,18.18,709.93,39.0,52.12,15.33,152.9136690647482,Small Cap,True
Patels Airtemp,390.15,20.78,213.42,-7.57,-13.97,9.51,422.1032132424537,Micro Cap,True
Patil Automation,209.45,25.71,457.04,0.0,0.0,0.0,209.45,Micro Cap,True
Patron Exim,2.19,0.0,5.08,-443.75,-97.99,-2.71,-0.637090909090909,Micro Cap,False
Patspin India,7.35,0.0,22.73,-12.45,-6.62,-8.85,8.39520274129069,Micro Cap,False
Pattech Fitwell,114.85,57.41,107.93,284.62,2.06,7.65,29.86064167229993,Micro Cap,True
Paul Merchants,499.95,16.89,154.18,225.07,-17.23,2.54,153.7976435844587,Micro Cap,True
Paushak,493.4,30.93,1216.57,30.31,5.31,9.73,378.63556135369504,Small Cap,True
Pavna Industries,17.64,40.35,246.13,43.53,-17.79,5.93,12.29011356510834,Micro Cap,True
PB Fintech.,1615.2,111.55,74734.48,53.87,36.7,10.31,1049.717293819458,Large Cap,True
PBM Polytex,53.71,0.0,36.95,-226.19,-3.62,-1.35,-42.56280212378161,Micro Cap,False
PC Jeweller,8.57,11.64,8321.93,61.26,32.66,9.58,5.314399107032122,Mid Cap,True
PCBL Chemical,317.4,58.15,12488.5,-56.62,-1.03,7.75,731.6735822959888,Mid Cap,True
PCS Technology,19.39,23.48,40.62,4.88,33.33,4.98,18.487795575896264,Micro Cap,True
PDP Shipping,58.99,13.93,17.55,-81.82,25.23,9.51,324.47744774477434,Micro Cap,True
PDS,360.15,45.61,5094.04,21.71,-0.19,11.59,295.90830663051514,Mid Cap,True
Pearl Global Ind,2071.0,34.32,9564.73,27.4,6.88,19.24,1625.5886970172685,Mid Cap,True
Pearl Green Club,122.0,40.32,32.66,525.0,91.34,4.18,19.52,Micro Cap,True
Pearl Polymers,18.79,0.0,31.62,7.9,-10.27,-15.61,17.41427247451344,Micro Cap,False
Pee Cee Cosma,295.65,9.39,78.35,29.23,22.21,21.13,228.77814748897313,Micro Cap,True
Peeti Securities,19.25,90.25,7.22,175.0,-1.26,0.95,7.0,Micro Cap,True
Pelatro,275.0,14.85,291.43,65.58,58.75,19.05,166.08286024882233,Micro Cap,True
Peninsula Land,15.7,0.0,520.81,74.32,-35.2,5.34,9.006424965580543,Small Cap,False
Pennar Industrie,162.3,15.78,2190.18,15.38,2.1,15.33,140.66562662506502,Small Cap,True
Pentagon Rubber,58.95,24.7,45.45,-31.25,-3.64,7.4,85.74545454545455,Micro Cap,True
Pentokey Organy,36.17,113.4,22.68,-316.67,-404.92,2.09,-16.693589329394932,Micro Cap,True
Perfect-Octave,4.09,0.0,14.19,-972.41,-85.11,-11.67,-0.46881626758061,Micro Cap,False
Perfectpac,70.43,14.48,46.9,13.24,-6.2,11.17,62.19533733663017,Micro Cap,True
Permanent Magnet,920.45,49.91,791.59,134.18,46.95,14.07,393.0523528909386,Small Cap,True
Persistent Systems,4841.5,39.53,76374.66,33.73,25.1,34.43,3620.3544455245647,Large Cap,True
Pervasive Comm.,3.39,0.0,305.42,2553.33,151.76,0.03,0.12776397960298946,Micro Cap,False
Petro Carbon,247.95,24.11,612.44,1788.24,164.6,14.21,13.131275685294241,Small Cap,True
Petronet LNG,282.25,10.82,42337.5,25.19,-23.33,22.74,225.45730489655722,Large Cap,True
Pfizer,4460.7,26.9,20406.69,-2.64,6.31,24.25,4581.655710764174,Large Cap,True
PG Electroplast,545.9,79.31,15590.19,-55.34,-10.11,10.31,1222.346618898343,Mid Cap,True
PG Foils,206.15,0.0,243.15,-101.45,-18.32,0.87,-14217.241379310388,Micro Cap,False
Phaarmasia,101.24,35.1,69.15,-32.08,42.36,16.39,149.05771495877502,Micro Cap,True
Phantom Digital,184.05,8.98,293.06,150.18,139.11,17.61,73.56703173714925,Micro Cap,True
Pharmaids Pharma,37.88,0.0,133.59,56.88,50.52,-18.52,24.145843957164715,Micro Cap,False
Phoenix Intl.,28.04,18.83,47.08,-100.0,20.81,2.62,inf,Micro Cap,True
Phoenix Mills,1904.6,54.88,68116.2,50.04,21.34,12.83,1269.3948280458544,Large Cap,True
Phoenix Overseas,17.5,9.87,33.86,36.87,29.69,6.38,12.785855191057207,Micro Cap,True
Phosphate Co,140.1,11.18,50.54,-11.95,12.59,8.79,159.11413969335604,Micro Cap,True
Photon Capital,161.1,49.18,43.77,487.1,2516.67,6.18,27.439959121103726,Micro Cap,True
Photoquip India,11.7,0.0,7.02,-1122.22,5.22,1.57,-1.1445677055819685,Micro Cap,False
Physicswallah,125.34,0.0,36359.71,80.56,50.72,4.02,69.41736818785999,Large Cap,False
Phyto Chem (I),23.8,0.0,10.23,75.86,-84.25,-1.57,13.533492550892756,Micro Cap,False
Piccadily Agro,564.75,40.49,5566.86,12.14,31.44,18.01,503.61155698234353,Mid Cap,True
Piccadily Sugar,34.14,233.47,79.38,-956.25,1114.29,1.33,-3.9871532846715327,Micro Cap,True
Picturehouse,8.04,79.26,42.01,-96.95,100.0,11.0,263.6065573770494,Micro Cap,True
Picturepost Stu.,3.9,13.61,11.43,-76.83,-58.08,4.27,16.83211048769961,Micro Cap,True
Pidilite Inds.,1597.0,66.1,162538.72,32.82,14.08,30.97,1202.3791597650957,Large Cap,True
Pil Italica Life,8.43,47.62,198.11,0.93,-0.3,7.67,8.352323392450211,Micro Cap,True
Pilani Invest.,4397.6,156.77,4869.13,118.93,-22.13,1.41,2008.6785730598822,Small Cap,True
Pine Labs,160.07,160.01,18380.46,284.05,17.02,4.16,41.67946881916417,Mid Cap,True
Pion. Agro Extr.,26.5,0.0,11.47,-2400.0,-0.97,-18.42,-1.1521739130434783,Micro Cap,False
Pion. Embroider.,22.6,0.0,69.64,199.28,-3.08,2.24,7.551456829724673,Micro Cap,False
Pioneer Invest,91.48,7.07,112.49,-40.49,-60.65,10.95,153.72206351873638,Micro Cap,True
Piotex Indus.,31.0,23.97,15.82,-66.47,-65.73,4.23,92.45451834178347,Micro Cap,True
Piramal Finance.,2131.0,203.35,48305.02,-901.31,19.99,6.47,-265.93952402940187,Large Cap,True
Piramal Pharma,167.69,0.0,22325.38,-25.01,-0.08,2.69,223.61648219762634,Large Cap,False
Pitti Engg.,978.8,31.28,3685.53,-26.37,6.89,14.83,1329.349449952465,Small Cap,True
Pix Transmission,1796.1,22.9,2448.08,-10.73,4.91,21.76,2011.9861095552815,Small Cap,True
Plada Infotech S,11.45,5.68,9.82,-22.22,9.85,12.1,14.721007971200821,Micro Cap,True
Plastiblends (I),176.34,12.49,458.29,44.83,5.75,11.28,121.75654215286889,Micro Cap,True
Platinum Industr,221.14,23.2,1214.61,166.43,36.78,15.74,83.00116353263522,Small Cap,True
Platinumone Bus.,165.0,7.29,26.11,1833.33,12.51,24.52,8.534497473271507,Micro Cap,True
Plaza Wires,47.05,28.2,205.85,113.66,51.8,8.44,22.020967892913973,Micro Cap,True
PMC Fincorp,1.86,21.54,132.45,-148.24,14.55,6.07,-3.8557213930348246,Micro Cap,True
PNB Gilts,91.09,9.09,1639.71,-82.51,1.28,6.14,520.8118925100059,Small Cap,True
PNB Housing,1044.8,11.88,27226.44,19.15,7.9,9.4,876.8778850188837,Large Cap,True
PNC Infratech,232.3,13.3,5959.4,35.08,-5.11,8.46,171.97216464317444,Mid Cap,True
PNGS Gargi FJ,816.8,27.22,855.21,25.06,30.41,33.76,653.1264992803455,Small Cap,True
PNGS Reva Diamo.,388.65,19.05,1231.96,350.74,138.94,22.0,86.22487465057459,Small Cap,True
POCL Enterprises,171.45,12.66,527.48,21.67,-10.76,26.4,140.91394756308046,Small Cap,True
Poddar Pigments,253.55,18.23,269.02,-7.78,15.23,5.79,274.94036000867493,Micro Cap,True
Pokarna,1086.05,41.77,3367.19,-56.56,-43.95,11.57,2500.115101289134,Small Cap,True
Polo Queen Ind.,14.86,194.13,498.92,-46.03,49.75,2.48,27.53381508245321,Micro Cap,True
Polson,11229.15,28.43,134.75,-22.86,-3.66,6.1,14556.844697951776,Micro Cap,True
Poly Medicure,1650.2,51.11,16726.34,-27.81,21.25,14.04,2285.9121762016903,Mid Cap,True
Polycab India,9531.0,57.04,143570.27,6.34,26.89,33.2,8962.760955425993,Large Cap,True
Polychem,1938.0,4.75,77.52,-261.11,12.75,56.44,-1202.9048476196388,Micro Cap,True
Polycon Intl.,24.49,0.0,11.98,-178.79,-6.35,-2.69,-31.082624698565812,Micro Cap,False
Polylink Poly.,22.62,41.0,50.02,710.0,-10.11,5.33,2.7925925925925927,Micro Cap,True
Polymac Thermof.,11.0,526.0,5.26,67.0,85.11,1.89,6.586826347305389,Micro Cap,True
Polymechplast Ma,51.45,10.01,28.82,1388.24,13.4,13.33,3.4571036929527494,Micro Cap,True
Polyplex Corpn,984.3,68.74,3089.96,145.3,7.54,0.98,401.26375866286173,Small Cap,True
Polysil Irrigati,139.0,111.32,312.82,-61.47,-40.08,8.63,360.7578510251752,Micro Cap,True
Polyspin Exports,28.83,5.19,28.83,-39.51,-7.66,7.27,47.66077037526864,Micro Cap,True
Polytex India,4.33,0.0,5.85,-50.0,0.0,-5.26,8.66,Micro Cap,False
Pondy Oxides,1317.3,28.84,4019.25,114.1,80.34,23.87,615.2732368052311,Small Cap,True
Ponni Sug.Erode,314.4,0.0,270.33,85.87,-5.2,7.27,169.15048151934147,Micro Cap,False
Poojawes. Metal.,16.65,10.56,16.89,-141.82,52.84,10.72,-39.813486370157825,Micro Cap,True
Poona Dal & Oil,62.49,24.11,35.68,5.56,5.99,3.52,59.19856006062902,Micro Cap,True
Poonawalla Fin,440.3,71.55,38767.53,308.78,81.39,7.5,107.7107490581731,Large Cap,True
Popees Baby Care India,147.0,1392.44,125.32,466.67,0.0,1.72,25.94102387633014,Micro Cap,True
Popees Cares,11.5,0.0,6.98,16.67,0.0,0.0,9.856861232536213,Micro Cap,False
Popular Estate,18.1,0.0,25.34,-120.0,0.0,-0.58,-90.50000000000003,Micro Cap,False
Popular Found.,27.5,55.49,56.04,-93.53,-19.9,4.07,425.03863987635253,Micro Cap,True
Popular Vehicles,92.79,0.0,660.65,63.34,27.84,4.23,56.807885392432965,Small Cap,False
Porwal Auto Comp,48.07,7.31,72.59,-95.0,-7.14,18.01,961.3999999999992,Micro Cap,True
Positron Energy,177.7,6.74,135.06,15.34,6.83,29.76,154.06623894572567,Micro Cap,True
Power & Instrum.,112.7,16.48,238.57,29.51,6.24,15.47,87.02030731217666,Micro Cap,True
Power Fin.Corpn.,432.65,5.51,142778.9,10.81,-1.18,9.71,390.44310080317655,Large Cap,True
Power Grid Corpn,283.9,16.58,264044.14,9.74,-4.97,9.74,258.7023874612721,Large Cap,True
Power Mech Proj.,2760.1,23.97,8726.41,21.59,13.89,21.82,2270.005757052389,Mid Cap,True
Powergrid Infra.,93.79,9.36,8534.88,-64.48,0.02,11.66,264.04842342342346,Mid Cap,True
Powerica Ltd,660.25,31.26,8355.59,15.89,10.93,15.69,569.7212874277332,Mid Cap,True
PPAP Automotive,231.17,173.11,327.17,31.4,18.58,3.53,175.92846270928462,Micro Cap,True
Prabha Energy,153.39,3684.19,2099.99,111.24,41.18,0.1,72.61408824086347,Small Cap,True
Prabhhans Inds,38.16,14.54,23.84,-36.54,1.28,14.05,60.13236684525685,Micro Cap,True
Pradeep Metals,561.95,31.99,970.49,45.56,4.52,21.03,386.06073097004673,Small Cap,True
Prag Bosimi Syn.,1.82,0.0,13.54,3.52,49.49,-3.41,1.7581143740340033,Micro Cap,False
Praj Industries,348.65,330.65,6408.64,-74.38,-1.76,6.31,1360.850897736143,Mid Cap,True
Prajay Engineers,21.05,0.0,147.22,42.55,-54.43,-2.62,14.766748509294985,Micro Cap,False
Prakash Industri,142.97,7.69,2560.33,2.74,8.91,9.55,139.15709558107844,Small Cap,True
Prakash Pipes,262.74,14.53,628.43,31.0,21.97,12.48,200.5648854961832,Small Cap,True
Prakash Steelage,4.22,87.92,73.85,-84.62,16.42,10.45,27.438231469440844,Micro Cap,True
Prakash Woollen,22.36,176.46,22.94,176.32,98.99,2.29,8.09206716850029,Micro Cap,True
Pramara Promotio,132.95,18.47,185.39,5.96,6.49,14.95,125.47187617969043,Micro Cap,True
Pranik Logistics,51.0,7.98,56.15,0.5,51.61,16.88,50.746268656716424,Micro Cap,True
Praruh Tech,50.0,7.4,69.65,88.37,148.84,31.93,26.54350480437437,Micro Cap,True
Prashant India,18.43,0.0,7.81,-3033.33,-37.5,-30.15,-0.6282961685183733,Micro Cap,False
Prataap Snacks,1130.2,251.85,2702.37,109.55,4.89,3.08,539.3462180863756,Small Cap,True
Pratham EPC,107.0,31.63,194.87,-80.5,26.91,10.41,548.7179487179488,Micro Cap,True
Pratik Panels,6.25,23.63,39.94,72.73,755.56,33.15,3.618363920569675,Micro Cap,True
Pratiksha Chem.,19.07,0.0,10.62,105.42,151.06,-791.84,9.283419335994548,Micro Cap,False
Praveg,250.55,0.0,654.96,-242.36,26.77,1.72,-175.99747119977522,Small Cap,False
Praxis Home,8.48,0.0,157.57,0.63,-9.04,-26.18,8.42691046407632,Micro Cap,False
Prec. Electronic,253.55,575.69,351.17,-19.44,26.08,7.43,314.7343594836147,Micro Cap,True
Prec. Wires (I),420.35,49.49,7684.33,85.5,67.19,33.09,226.60377358490567,Mid Cap,True
Precision Camshf,150.79,32.29,1432.29,-39.97,5.56,8.3,251.19107113110107,Small Cap,True
Precision Metal.,6.95,0.0,15.96,-802.7,-100.0,-5.68,-0.9890422655471751,Micro Cap,False
Precot,736.2,24.64,883.44,-25.37,13.13,10.85,986.4665684041271,Small Cap,True
Prem. Explosives,741.45,80.28,3986.12,75.94,20.42,22.63,421.42207570762764,Small Cap,True
Prem. Synthetic,16.25,0.0,7.46,-77.12,-40.86,-4.57,71.02272727272727,Micro Cap,False
Premco Global,362.5,17.7,119.8,-137.63,-24.45,8.99,-963.3271326069629,Micro Cap,True
Premier,2.98,0.0,9.05,24.46,0.0,0.0,2.3943435641973325,Micro Cap,False
Premier Cap Serv,4.87,69.42,18.05,800.0,-37.5,3.42,0.5411111111111111,Micro Cap,True
Premier Energies,1050.6,31.59,47692.15,64.44,37.6,33.32,638.8956458282655,Large Cap,True
Premier Energy,6.79,0.0,28.08,-120.55,0.0,-1.74,-33.04136253041362,Micro Cap,False
Premier Polyfilm,62.69,20.6,656.63,53.49,12.26,30.79,40.84305166460356,Small Cap,True
Premier Roadline,49.0,8.18,112.03,-39.2,8.16,14.71,80.59210526315789,Micro Cap,True
Premium Capital,9.1,298.0,5.96,84.75,-76.42,33.77,4.925575101488497,Micro Cap,True
Premium Plast,44.15,12.27,84.31,-23.64,9.24,17.01,57.81822943949711,Micro Cap,True
Prerna Infra.,28.72,32.02,103.76,1350.0,-96.78,3.84,1.9806896551724138,Micro Cap,True
Presstonic Engi.,29.4,17.43,45.32,-57.09,13.2,9.8,68.51549755301795,Micro Cap,True
Prestige Estates,1556.3,56.07,67034.55,900.4,166.54,10.38,155.56777289084366,Large Cap,True
Prevest Denpro,380.9,21.34,457.19,15.43,1.94,24.67,329.9835398076756,Micro Cap,True
Pricol Ltd,586.7,28.51,7150.79,109.53,42.87,25.93,280.0076361380232,Mid Cap,True
Prima Agro,16.0,0.0,8.3,-117.32,16.74,0.09,-92.37875288683601,Micro Cap,False
Prima Industries,16.76,180.9,18.09,-163.33,-17.19,1.01,-26.464550765829774,Micro Cap,True
Prima Plastics,131.0,6.61,144.11,18.62,-19.23,14.28,110.43668858539876,Micro Cap,True
Prime Cable Ind.,117.2,15.65,214.76,66.94,69.73,27.78,70.20486402300227,Micro Cap,True
Prime Capital Ma,8.4,0.0,8.4,-392.0,355.42,-4.73,-2.8767123287671237,Micro Cap,False
Prime Focus,209.94,69.37,16291.15,-24.77,41.42,11.5,279.0642031104613,Mid Cap,True
Prime Fresh,217.0,22.8,301.19,47.67,49.98,21.39,146.94927879731833,Micro Cap,True
Prime Industries,44.8,11.19,94.1,0.0,0.0,26.87,44.8,Micro Cap,True
Prime Property,32.98,2.26,55.97,2215.89,0.0,35.02,1.4240745458549413,Micro Cap,True
Prime Securities,299.2,107.23,1015.49,-287.01,144.93,8.25,-159.99144430779103,Small Cap,True
Prime Urban,8.51,0.0,22.67,-119.37,-100.0,0.0,-43.93391843056273,Micro Cap,False
Primo Chemicals,24.11,37.72,584.29,1580.49,-6.79,6.48,1.434700593279341,Small Cap,True
Prince Pipes,280.55,41.23,3101.79,132.05,18.12,6.12,120.9006679594915,Small Cap,True
Prism Johnson,117.92,79.08,5935.62,60.67,7.65,6.03,73.39266820190453,Mid Cap,True
Prism Medico,28.7,121.66,38.93,-700.0,300.0,2.82,-4.783333333333333,Micro Cap,True
Prismx Global,0.59,4.23,25.91,204.25,-37.29,4.38,0.19391947411668034,Micro Cap,True
Prit Nandy Comm.,22.63,6.59,32.74,-379.07,-68.04,-0.13,-8.109076575769521,Micro Cap,True
Prithvi Exchange,108.8,26.95,89.76,366.67,30.42,8.18,23.31411918486296,Micro Cap,True
Priti Internati.,42.03,62.36,56.12,-79.76,-62.0,1.76,207.65810276679852,Micro Cap,True
Pritika Auto,17.15,13.56,285.57,39.17,36.2,11.87,12.323058130344183,Micro Cap,True
Pritika Engineer,63.7,25.64,167.95,-8.5,60.84,11.53,69.61748633879782,Micro Cap,True
Privi Speci.,3550.5,42.34,13869.21,40.86,17.6,22.09,2520.5878176913247,Mid Cap,True
Priya,21.3,0.0,6.39,1.1,0.0,0.0,21.06824925816024,Micro Cap,False
Prizor Viztech,906.5,47.14,978.68,152.81,164.43,37.7,358.56967683240373,Small Cap,True
Pro CLB,31.49,16.07,16.07,202.86,50.91,9.56,10.397543419401703,Micro Cap,True
Pro Fin Capital,2.95,0.0,174.82,-145.71,89.72,-0.08,-6.4537300371909865,Micro Cap,False
Pro FX,70.6,8.15,123.58,253.76,4.26,31.88,19.95703301673451,Micro Cap,True
Prodocs Solution,175.75,13.1,123.9,0.0,0.0,0.0,175.75,Micro Cap,True
Progrex Ventures,31.05,0.0,11.19,44.44,0.0,-1.93,21.496815286624205,Micro Cap,False
Prolife Indust.,75.8,7.3,31.03,200.0,-10.49,12.17,25.266666666666666,Micro Cap,True
Promact Plastics,10.15,0.0,6.61,-256.25,-100.0,-207.14,-6.496,Micro Cap,False
Promax Power,13.99,40.67,34.98,-187.85,-7.23,6.51,-15.924871940808199,Micro Cap,True
PropsharePlatina,1052000.0,15.03,353.58,-19.84,0.92,0.0,1312375.249500998,Micro Cap,True
PropshareTitania,1090000.0,0.0,486.36,-59450.0,0.0,5.09,-1836.5627632687447,Micro Cap,False
Prospect Consum.,44.22,11.03,27.13,-61.54,56.39,13.27,114.97659906396254,Micro Cap,True
Prostarm Info,138.64,23.5,816.24,28.07,32.04,17.71,108.25329897712189,Small Cap,True
Protean eGov,597.1,23.35,2425.49,51.37,38.44,12.69,394.4638964127634,Small Cap,True
Proventus Agro.,1530.0,37.37,528.37,196.84,85.81,11.48,515.4291874410457,Small Cap,True
Prozone Realty,46.18,65.92,704.71,120.3,-0.49,6.1,20.96232410349523,Small Cap,True
Pruden. Sugar,16.0,8.38,51.6,37.61,49.71,7.45,11.627061986774216,Micro Cap,True
Prudent Corp.,2988.7,55.73,12375.21,14.24,27.4,37.48,2616.158963585434,Mid Cap,True
PS IT Infra,1.14,0.0,6.13,-208.7,0.0,-3.68,-1.0487580496780131,Micro Cap,False
PSP Projects,988.3,69.67,3917.8,226.47,65.74,7.88,302.7230679694918,Small Cap,True
PTC India,181.8,8.84,5381.43,-11.44,33.29,13.37,205.28455284552848,Mid Cap,True
PTC India Fin,30.65,6.13,1968.6,-21.78,-22.16,11.79,39.184351828176936,Small Cap,True
PTC Industries,17429.0,257.29,26130.51,140.02,84.93,8.43,7261.478210149155,Large Cap,True
PTL Enterprises,42.13,12.08,557.7,51.31,0.0,7.72,27.84350009913423,Small Cap,True
Pudumjee Paper,84.12,8.53,798.72,4.62,5.51,19.8,80.40527623781304,Small Cap,True
Pulsar Intl.,0.55,235.6,23.56,-756.82,747.87,0.47,-0.083736792424104,Micro Cap,True
Pulz Electronics,25.75,12.1,56.16,32.41,19.45,18.29,19.447171663771616,Micro Cap,True
Pun. & Sind Bank,24.63,13.22,17476.43,34.86,-4.08,5.95,18.26338425033368,Mid Cap,True
Pune e,269.0,21.66,423.7,72.83,20.42,15.06,155.64427472082394,Micro Cap,True
Punjab Chemicals,1031.9,19.3,1265.11,15.34,3.1,18.58,894.6592682503903,Small Cap,True
Punjab Commun.,50.49,20.37,60.69,-78.72,42.68,10.2,237.26503759398497,Micro Cap,True
Punjab Natl.Bank,107.87,6.74,123974.38,12.07,0.84,6.13,96.25234228607121,Large Cap,True
Puravankara,212.97,79.27,5050.58,231.95,177.33,11.24,64.15725259828288,Mid Cap,True
Puretrop Fruits,154.0,16.91,122.74,139.44,49.25,8.02,64.31673905780154,Micro Cap,True
Purohit Const.,11.66,0.0,5.14,-600.0,-100.0,-20.48,-2.332,Micro Cap,False
Purple Agrotech Industries,6.09,32.94,5.27,-200.0,0.0,3.36,-6.09,Micro Cap,True
Purple Finance,65.89,0.0,388.25,100.51,172.0,1.46,32.86120392997855,Micro Cap,False
Purple United,434.75,27.5,417.79,41.23,51.31,22.86,307.83119733767614,Micro Cap,True
Purple Wave Info,115.55,7.96,106.84,0.0,0.0,0.0,115.55,Micro Cap,True
Purshottam Inves,33.3,0.0,24.72,-283.52,-25.34,-0.78,-18.14516129032258,Micro Cap,False
Purv Flexi,50.0,23.59,104.91,-92.61,46.03,8.1,676.5899864682006,Micro Cap,True
Pushpa Jewellers,103.95,9.39,251.8,22.4,81.11,30.37,84.9264705882353,Micro Cap,True
PVP Ventures,28.78,0.0,749.44,-110.74,117.76,6.22,-267.9702048417134,Small Cap,False
PVR Inox,986.4,40.91,9686.44,116.94,25.81,6.96,454.6879321471375,Mid Cap,True
PVV Infra Ltd,3.5,10.92,78.05,-84.91,223.95,10.97,23.19416832339297,Micro Cap,True
Pyramid Technopl,170.54,21.77,627.33,51.59,13.77,12.28,112.50082459265123,Small Cap,True
Q-Line Biotech,546.5,22.57,1274.89,147.29,-8.59,22.46,220.99559221966112,Small Cap,True
Qgo Finance,43.0,8.87,29.9,25.0,24.5,13.46,34.4,Micro Cap,True
QMS Medical,102.25,19.52,197.73,-48.5,-0.36,13.18,198.54368932038835,Micro Cap,True
Quadpro ITeS,2.35,56.57,11.88,-108.33,-10.6,2.05,-28.21128451380555,Micro Cap,True
Quadrant Future,448.5,0.0,1794.0,-27.85,-3.27,-15.85,621.6216216216216,Small Cap,False
Quadrant Tele.,0.44,0.0,26.94,111.24,-8.5,0.0,0.20829388373414126,Micro Cap,False
Qualitek Labs,431.55,34.32,502.84,0.0,0.0,11.94,431.55,Small Cap,True
Quality Foils,59.4,11.53,16.95,8.33,21.56,7.0,54.83245638327333,Micro Cap,True
Quality Power El,1255.4,80.12,9722.33,72.95,159.24,31.53,725.8745302110437,Mid Cap,True
Quality RO Indu.,54.0,0.0,13.77,-142.94,-13.7,0.44,-125.75687005123427,Micro Cap,False
Quantum Digital,23.0,0.0,6.98,-132.76,0.0,0.0,-70.20757020757023,Micro Cap,False
Quess Corp,251.1,16.35,3750.43,5.02,6.46,23.04,239.09731479718147,Small Cap,True
Quest Capital,280.0,11.9,280.0,-96.9,-95.53,2.58,9032.258064516154,Micro Cap,True
Quest Flow,206.85,0.0,212.18,-290.81,-3.86,3.38,-108.40626801530317,Micro Cap,False
Quest Laborato.,98.05,10.7,160.68,47.94,-30.25,18.41,66.27686900094632,Micro Cap,True
Quick Heal Tech,176.69,0.0,958.69,-513.54,-25.19,-4.65,-42.726217536393094,Small Cap,False
Quicktouch Tech,24.45,0.0,31.34,-57.14,4.23,-2.92,57.04619692020532,Micro Cap,False
Quint Digital,41.51,338.24,195.96,-58.14,351.46,0.52,99.1638795986622,Micro Cap,True
QVC Exports,23.0,7.2,24.04,-65.37,44.1,9.19,66.41640196361537,Micro Cap,True
R C F,132.62,18.48,7316.51,123.99,49.63,10.23,59.2080003571588,Mid Cap,True
R G F Capital,1.88,705.0,28.2,77.78,315.38,2.67,1.0574867814152322,Micro Cap,True
R J Shah & Co,465.5,5.41,13.04,-62.76,-97.42,7.81,1249.9999999999998,Micro Cap,True
R K Swamy,100.5,20.8,507.43,29.28,20.8,12.17,77.73824257425743,Small Cap,True
R M Drip & Sprin,19.5,23.71,835.05,-0.49,27.2,37.91,19.596020500452216,Small Cap,True
R O Jewels,1.7,0.0,8.58,-220.0,-100.05,0.21,-1.4166666666666665,Micro Cap,False
R R Fin. Cons.,82.95,12.83,91.74,-96.13,-32.44,15.93,2143.410852713175,Micro Cap,True
R R Kabel,2488.3,55.83,28144.04,30.06,33.65,28.1,1913.193910502845,Large Cap,True
R S Software (I),36.2,0.0,93.51,-355.1,-31.45,-52.44,-14.190513524108193,Micro Cap,False
R Systems Intl.,249.6,12.81,2957.42,69.5,29.9,19.48,147.2566371681416,Small Cap,True
R&B Denims,10.64,11.6,287.2,-85.28,37.94,12.88,72.28260869565217,Micro Cap,True
Raaj Medisafe,73.5,66.7,120.72,-192.82,2.79,11.92,-79.18552036199095,Micro Cap,True
RaajMarg Infra,114.45,0.0,6867.0,0.0,0.0,0.0,114.45,Mid Cap,False
Raasi Refractor,14.7,57.67,6.92,-193.36,-12.82,10.53,-15.74550128534704,Micro Cap,True
Race Eco,111.21,28.39,191.92,25.68,-5.91,10.99,88.48663271801401,Micro Cap,True
Rachana Infra.,43.35,7.96,80.65,148.95,40.22,17.11,17.41313516770436,Micro Cap,True
Rachit Prints,204.9,22.08,101.14,-9.87,28.33,20.79,227.33828913791191,Micro Cap,True
RACL Geartech,1342.7,33.88,1582.79,76.16,28.36,16.62,762.2048138056313,Small Cap,True
Raconteur Global,11.4,0.0,12.29,-7707.41,644.0,-24.19,-0.14985389245485653,Micro Cap,False
Radaan Media.,3.01,0.0,16.3,-59.18,-28.26,-38.0,7.373836354728073,Micro Cap,False
Radhe Develop.,1.71,28.97,93.86,-95.13,-42.96,4.32,35.11293634496914,Micro Cap,True
Radhika Jeweltec,55.43,8.75,654.07,-32.35,23.54,25.07,81.93643754619364,Small Cap,True
Radiant Cash,39.35,12.18,419.9,-40.02,-3.38,9.96,65.60520173391131,Micro Cap,True
Radico Khaitan,3829.8,83.15,51293.03,94.92,15.31,24.21,1964.806074286887,Large Cap,True
Radiowalla,27.35,148.31,19.28,2.56,4.03,1.87,26.667316692667708,Micro Cap,True
Radix Industries,173.55,81.39,260.45,-32.84,5.21,19.59,258.4127456819536,Micro Cap,True
Raghav Product.,1171.35,101.17,5379.07,49.65,39.31,30.3,782.7263615101904,Mid Cap,True
Raghunath Intl.,11.0,5.24,5.5,-50.0,0.0,7.84,22.0,Micro Cap,True
Raghuvansh Agro.,30.01,8.6,35.76,-40.44,-37.44,6.47,50.38616521155138,Micro Cap,True
Raghuvir Synth,100.5,0.0,389.44,-189.08,-73.14,1.3,-112.8199371351594,Micro Cap,False
Rail Vikas,240.85,57.41,50217.71,-58.92,4.18,10.8,586.2950340798443,Large Cap,True
Railtel Corpn.,314.05,27.71,10079.07,35.68,27.56,22.78,231.46373820754718,Mid Cap,True
Rain Industries,185.49,20.68,6238.96,188.19,19.98,8.26,64.36378777889587,Mid Cap,True
Rainbow Child.,1434.5,52.14,14568.66,38.63,24.26,18.25,1034.768809060088,Mid Cap,True
Rainbow Foundat.,40.0,26.08,198.47,29.04,31.33,7.81,30.998140111593305,Micro Cap,True
Raj Oil Mills,46.73,15.0,70.04,-61.07,29.25,19.26,120.03596198304649,Micro Cap,True
Raj Packaging,27.61,36.06,12.62,240.0,0.0,4.96,8.120588235294118,Micro Cap,True
Raj Rayon Inds.,23.33,38.17,1297.34,4.39,43.22,13.6,22.348883992719607,Small Cap,True
Raj Television,12.65,83.13,65.67,104.91,-1.89,2.63,6.173441998926358,Micro Cap,True
Raja Bahadur Int,5716.65,109.1,142.92,-21.21,2.96,7.12,7255.552735118669,Micro Cap,True
Rajapalayam Mill,834.0,6.77,768.96,639.96,21.32,1.81,112.70879507000377,Small Cap,True
Rajas. Petro Syn,8.68,0.0,14.05,-98.44,0.0,0.0,556.4102564102543,Micro Cap,False
Rajas. Tube Mfg,13.95,50.71,62.88,-150.91,-100.0,15.03,-27.401296405421338,Micro Cap,True
Rajasthan Cylind,33.0,0.0,11.09,-75.0,0.0,-9.07,132.0,Micro Cap,False
Rajasthan Securities,51.48,4.89,395.75,9025.37,0.0,137.57,0.5641415087826575,Micro Cap,True
Rajdarshan Inds,37.18,0.0,11.56,-51.72,57.14,0.19,77.00911350455675,Micro Cap,False
Rajesh Exports,97.02,25.46,2864.61,-2843.59,18.91,1.86,-3.536242660164237,Small Cap,True
Rajesh Power,818.1,10.68,1473.18,32.19,30.45,48.56,618.88191239882,Small Cap,True
Rajeshwari Cans,18.52,8.67,19.43,9.3,-1.8,17.5,16.944190301921317,Micro Cap,True
Rajgor Castor,27.0,5.11,64.57,50.75,70.72,16.58,17.910447761194032,Micro Cap,True
Rajkamal Synth.,26.88,63.39,17.75,-66.67,311.29,3.2,80.64806480648066,Micro Cap,True
Rajnandini Fashion,47.4,9.73,49.15,0.0,0.0,54.32,47.4,Micro Cap,True
Rajnandini Metal,3.69,0.0,102.02,197.37,-72.93,3.85,1.2408783670175203,Micro Cap,False
Rajnish Retail,2.48,86.38,38.87,380.77,-75.57,0.86,0.5158391746573205,Micro Cap,True
Rajnish Wellness,0.44,0.0,44.68,-921.74,1666.9,-8.99,-0.05354491688368584,Micro Cap,False
Rajoo Engineers,54.41,20.36,972.17,-89.35,-11.68,24.49,510.8920187793425,Small Cap,True
Rajputana Bio.,198.0,15.37,139.26,220.66,175.11,22.05,61.747645481195036,Micro Cap,True
Rajputana Indu.,68.1,12.37,151.28,62.38,23.87,19.73,41.938662396846894,Micro Cap,True
Rajputana Invest,34.35,264.5,10.58,-133.33,-86.51,1.47,-103.06030603060302,Micro Cap,True
Rajputana Stain.,128.16,21.5,1071.0,58.4,2.82,25.22,80.9090909090909,Small Cap,True
Rajratan Global,433.5,31.39,2200.92,1.51,25.01,13.27,427.05152201753526,Small Cap,True
Rajshree Polypac,20.94,9.01,155.47,74.79,1.74,11.25,11.980090394187311,Micro Cap,True
Rajshree Sugars,31.9,44.6,105.7,169.39,8.24,3.18,11.841567986933441,Micro Cap,True
Rajvi Logitrade,19.25,4.24,12.18,200.0,48.41,32.35,6.416666666666667,Micro Cap,True
Rallis India,227.52,21.93,4424.56,48.98,6.05,14.14,152.7184857027789,Small Cap,True
Ram Info,45.55,20.06,37.31,-76.79,125.0,4.69,196.2516156828953,Micro Cap,True
Ram Ratna Wires,404.4,34.46,3775.04,116.84,83.21,23.63,186.49695628112892,Small Cap,True
Rama Paper Mills,14.5,0.0,14.01,-16.55,-93.22,-83.31,17.37567405632115,Micro Cap,False
Rama Petrochem,16.05,0.0,24.75,-6.56,300.0,-44.12,17.17679794520548,Micro Cap,False
Rama Phosphates,129.72,8.71,459.03,2.29,9.04,15.3,126.81591553426533,Micro Cap,True
Rama Steel Tubes,4.64,60.34,759.12,-37.43,-16.05,5.57,7.415694422247084,Small Cap,True
Rama Telecom,88.9,40.32,117.34,-86.7,18.69,11.91,668.421052631579,Micro Cap,True
Rama Vision,137.4,22.14,143.26,151.85,42.63,19.8,54.556283502084575,Micro Cap,True
Ramchandra Leas.,20.14,50.45,163.46,26200.0,32000.0,22.94,0.07657794676806084,Micro Cap,True
Ramco Inds.,342.75,9.9,2976.49,128.93,18.74,4.57,149.71825448827153,Small Cap,True
Ramco Systems,709.8,44.42,2667.71,371.75,19.39,19.33,150.4610492845787,Small Cap,True
Ramdevbaba Sol.,82.0,16.4,187.46,-30.69,-16.95,5.39,118.30904631366325,Micro Cap,True
Ramgopal Polytex,15.83,0.0,22.95,-100.0,450.0,-9.13,inf,Micro Cap,False
Ramkrishna Forg.,563.7,126.84,10268.92,-71.88,28.46,5.6,2004.6230440967283,Mid Cap,True
Ramky Infra,404.45,12.36,2798.7,54.83,3.64,13.66,261.22198540334557,Small Cap,True
Ramsons Projects,89.3,3.56,26.88,-6.17,0.0,50.33,95.17211979111158,Micro Cap,True
Rana Sugars,12.84,75.26,197.18,-76.36,-7.79,3.53,54.31472081218273,Micro Cap,True
Rander Corpn.,8.82,0.0,10.88,-197.01,257.58,-8.35,-9.091846201422534,Micro Cap,False
Rane (Madras),1041.4,26.16,2878.13,522.22,16.26,13.97,167.3684548873389,Small Cap,True
Rane Holdings,1644.2,27.01,2347.92,787.2,17.11,9.57,185.32461677186654,Small Cap,True
Ranjeet Mechatr.,6.3,76.36,25.2,-103.82,85.44,5.45,-164.92146596858632,Micro Cap,True
Ranjit Securitie,61.5,236.29,16.54,-189.29,18.52,1.87,-68.8766939186919,Micro Cap,True
Rap Corp,38.4,0.51,22.58,93.94,0.0,133.49,19.799938125193357,Micro Cap,True
Rapicut Carbides,194.65,50.74,104.53,96.97,370.52,11.29,98.82215565822207,Micro Cap,True
Rapid Fleet,183.0,10.89,136.06,155.96,47.91,19.22,71.49554617909048,Micro Cap,True
Rapid Invest.,79.5,106.81,17.09,-165.22,43.4,1.96,-121.89512419503222,Micro Cap,True
Rapid Multimodal,132.5,26.72,50.5,42.42,23.85,16.95,93.03468613958714,Micro Cap,True
Rappid Valves,249.0,19.95,129.28,-14.84,-24.92,16.22,292.3907937999061,Micro Cap,True
Ras Resorts,54.2,41.38,21.52,500.0,14.83,4.71,9.033333333333333,Micro Cap,True
Rasandik Engg.,61.79,0.0,36.92,-134.23,39.34,-3.38,-180.51416885772724,Micro Cap,False
Rashi Peripheral,780.9,18.54,5146.1,70.49,51.0,16.82,458.032729192328,Mid Cap,True
Rasi Electrodes,12.66,11.2,39.41,13.43,-8.26,12.86,11.16106850039672,Micro Cap,True
Rategain Travel,840.95,45.04,9959.0,27.7,174.48,13.67,658.5356303837119,Mid Cap,True
Rathi Bars,21.33,0.0,34.83,-21.35,-18.01,-3.53,27.12015257469803,Micro Cap,False
Rathi Steel,18.31,12.3,158.13,96.05,63.43,10.98,9.339454220862024,Micro Cap,True
Ratnabhumi Dev.,242.45,106.8,332.16,-88.05,-56.45,11.0,2028.8702928870284,Micro Cap,True
Ratnamani Metals,2647.1,37.89,18554.05,-52.04,-36.75,17.92,5519.391159299415,Mid Cap,True
Ratnaveer Precis,180.51,19.09,1227.38,59.01,22.57,12.29,113.52116219105716,Small Cap,True
RattanIndia Ent,33.88,0.0,4683.13,69.01,12.77,-4.76,20.04615111531862,Small Cap,False
RattanIndia Pow.,9.12,93.39,4897.54,-65.98,-15.87,6.21,26.807760141093475,Small Cap,True
Raunaq Intl.,26.87,99.78,8.98,-305.45,-25.16,5.25,-13.078607933803847,Micro Cap,True
Ravelcare,118.05,15.72,80.97,30.0,-13.85,29.61,90.8076923076923,Micro Cap,True
Ravi Leela Gran,56.02,5.97,59.3,1791.3,40.09,20.89,2.9619838206524616,Micro Cap,True
Ravikumar Distll,19.38,38.44,46.51,3633.33,-37.12,1.56,0.519107606346077,Micro Cap,True
Ravinder Heights,45.95,5.76,281.79,-223.08,-92.86,21.99,-37.333441663958396,Micro Cap,True
Ravindra Energy,161.5,39.76,3206.57,-52.63,-16.31,15.89,340.93308000844416,Small Cap,True
Raw Edge Indust.,21.0,0.0,21.12,121.98,-0.75,1.95,9.460311739796378,Micro Cap,False
Raymond,592.3,0.72,3943.16,-89.28,8.15,3.14,5525.186567164181,Small Cap,True
Raymond Lifestyl,794.95,32.43,4843.12,124.39,18.89,3.66,354.27158072997906,Small Cap,True
Raymond Realty,624.55,14.18,4157.86,6613.33,888.24,29.61,9.303132722508797,Small Cap,True
RBL Bank,371.05,69.86,57459.25,234.37,7.04,5.77,110.96988366181176,Large Cap,True
RBM Infracon,286.05,6.72,304.16,-6.18,-4.65,28.2,304.89234704753784,Micro Cap,True
RBZ Jewellers Lt,128.61,9.39,514.44,36.29,38.01,21.85,94.3649570768215,Small Cap,True
RDB Infrastruc.,20.71,37.0,463.2,273.28,7.72,7.27,5.548114016288042,Micro Cap,True
RDB Rasayans,155.25,8.1,275.02,-17.66,2.22,19.85,188.54748603351956,Micro Cap,True
RDB Real Estate,157.65,0.0,414.75,16.47,454.67,2.95,135.35674422598095,Micro Cap,False
Readymix Cons.,82.0,12.01,89.86,-39.77,13.18,15.99,136.14477834965965,Micro Cap,True
Real Eco-Energy,4.25,106.25,42.5,-104.94,-62.69,4.56,-86.03238866396781,Micro Cap,True
Real Touch Fin,48.3,11.81,61.31,42.65,44.57,11.13,33.85909568874869,Micro Cap,True
REC Ltd,364.65,5.88,96020.51,-21.69,-5.02,9.71,465.6493423572979,Large Cap,True
Recode Studios,199.85,18.96,212.73,307.78,47.8,73.89,49.00926970425229,Micro Cap,True
Redington,286.4,14.04,22390.02,61.68,25.62,17.47,177.1400296882731,Large Cap,True
Redtape,136.9,31.46,7567.94,69.53,33.51,24.11,80.75266914410429,Mid Cap,True
Reetech Intl,24.48,25.24,10.35,113.66,-100.0,4.48,11.457455770850885,Micro Cap,True
Refex Industries,348.95,19.79,4788.27,66.79,57.14,22.43,209.21518076623298,Small Cap,True
Refex Renewables,305.65,0.0,137.48,-111.02,-3.59,3.19,-2773.593466424686,Micro Cap,False
Refractory Shap.,30.55,13.9,66.6,-95.18,-35.84,10.68,633.8174273858933,Micro Cap,True
Regaal Resources,78.93,13.4,810.8,47.94,-5.39,12.05,53.352710558334465,Small Cap,True
Regal Entertain.,16.75,298.4,14.92,10.0,0.0,0.74,15.227272727272727,Micro Cap,True
Reganto Enterprises,6.7,8.58,98.02,-73.91,26.42,17.19,25.68033729398237,Micro Cap,True
Regency Ceramics,42.0,0.0,111.05,-208.99,60.4,-116.47,-38.53564547206165,Micro Cap,False
Regency Fincorp,38.96,24.98,335.19,36.29,40.82,10.51,28.58610316237435,Micro Cap,True
Regent Enterp.,5.5,5.01,18.4,-12.03,37.05,10.9,6.2521314084346935,Micro Cap,True
Regis Industries,2.25,76.42,58.08,-273.47,194.03,2.86,-1.2970542456908976,Micro Cap,True
Rekvina Labs,35.5,0.0,21.4,-50.0,0.0,-333.33,71.0,Micro Cap,False
Rel. Chemotex,138.33,19.84,104.35,-4.89,7.27,7.34,145.4421196509305,Micro Cap,True
Rel. Indl. Infra,833.7,101.61,1258.89,0.62,-32.51,3.01,828.5629099582588,Small Cap,True
Relaxo Footwear,413.55,57.43,10294.86,20.37,8.05,11.07,343.56567250976155,Mid Cap,True
Reliable Data,151.84,22.55,156.7,-64.86,3.81,12.16,432.100170745589,Micro Cap,True
Reliable Ventur.,24.85,0.0,27.36,-4.76,0.0,-2.82,26.091978160436792,Micro Cap,False
Reliance Communi,0.91,0.0,251.66,-302.18,-6.9,0.0,-0.4500939756652487,Micro Cap,False
Reliance Home,2.18,0.0,105.74,89.78,-100.0,-432.21,1.1486984929918853,Micro Cap,False
Reliance Industries,1318.1,22.91,1783723.44,-12.55,12.5,10.26,1507.2612921669524,Large Cap,True
Reliance Infra.,77.48,1.39,3166.07,-71.11,-2.6,15.34,268.18968501211486,Small Cap,True
Reliance Power,24.88,0.0,10289.8,-238.21,-4.59,6.1,-18.001591780623688,Mid Cap,False
Relic Tech.,67.97,0.0,38.0,-356.82,0.0,-34.37,-26.466007320302158,Micro Cap,False
Relicab Cable,35.67,18.95,36.01,108.33,63.23,17.82,17.1218739499832,Micro Cap,True
Religare Enterp.,274.43,106.28,9135.51,-16.52,20.84,3.06,328.73742213703883,Mid Cap,True
Remedium Life,0.29,12.01,25.58,0.0,0.0,0.0,0.29,Micro Cap,True
Remi Edelstahl,171.75,79.07,216.65,164.29,16.5,6.29,64.98543266865943,Micro Cap,True
Remsons Ind,81.99,15.4,285.97,11.16,22.81,15.47,73.75854623965455,Micro Cap,True
Remus Pharma.,793.7,25.29,935.3,21.74,30.39,16.83,651.9632002628553,Small Cap,True
Renaiss. Global,114.15,12.29,1225.61,28.98,50.35,8.0,88.50209334780587,Small Cap,True
Renol Polychem,80.35,11.1,91.59,109.64,49.28,14.5,38.327609234878835,Micro Cap,True
Repco Home Fin,420.0,5.53,2627.58,12.04,6.42,10.17,374.86611924312746,Small Cap,True
Repono,87.82,13.72,90.27,0.0,0.0,0.0,87.82,Micro Cap,True
Repro India,372.15,0.0,533.86,-1825.66,13.33,1.28,-21.565661833733177,Small Cap,False
Resgen,50.55,10.4,106.03,48.79,-15.89,18.8,33.974057396330394,Micro Cap,True
Resonance Speci.,139.4,15.47,160.87,49.84,1.16,20.04,93.03256807261079,Micro Cap,True
Resourceful Auto,49.61,8.73,13.18,-33.33,45.0,11.3,74.4112794360282,Micro Cap,True
Response Info.,21.76,8.39,18.38,98.57,-0.16,11.92,10.958352218361284,Micro Cap,True
Responsive Ind,193.48,34.63,5158.34,-57.94,13.05,10.77,460.0095102234903,Mid Cap,True
Restaurant Brand,79.38,0.0,4626.87,23.58,11.74,-0.46,64.23369477261693,Small Cap,False
Restile Ceramics,7.14,0.0,70.17,-18.18,311.43,-1.04,8.72647274505011,Micro Cap,False
Retaggio Indust.,62.0,13.72,122.81,427.27,348.87,20.83,11.758681510421606,Micro Cap,True
Retina Paints,48.7,116.73,74.71,-53.68,6.35,4.84,105.13816925734024,Micro Cap,True
Retro Green,1.54,41.79,5.85,88.89,-90.0,0.36,0.8152893218275187,Micro Cap,True
Revathi Equip,716.8,16.2,219.84,53.1,-0.56,14.37,468.1907250163291,Micro Cap,True
Rex Pipes&Cables,180.0,36.5,170.1,-23.51,-0.15,13.63,235.32487906915935,Micro Cap,True
Rex Sealing,145.0,20.82,37.48,52.78,25.74,11.49,94.90771043330278,Micro Cap,True
Rexnord Electr.,82.17,19.99,108.96,256.62,7.55,8.34,23.041332510795804,Micro Cap,True
Rexpro Enter.,39.15,19.5,43.87,-90.6,-45.46,5.53,416.48936170212727,Micro Cap,True
RFBL Flexi Pack,82.2,23.23,191.65,56.59,46.03,34.31,52.4937735487579,Micro Cap,True
Rhetan TMT Ltd,26.55,205.41,2115.7,362.5,30.82,10.93,5.7405405405405405,Small Cap,True
RHI Magnesita,376.2,61.7,7768.58,-42.04,4.01,6.87,649.0683229813665,Mid Cap,True
Riba Textiles,87.7,10.41,84.66,40.34,-11.26,10.08,62.49109305971213,Micro Cap,True
Rich Universe,11.5,16.68,8.34,500.0,0.0,5.59,1.9166666666666667,Micro Cap,True
Richa Info,90.0,16.56,123.87,-60.29,-51.4,8.77,226.64316293125157,Micro Cap,True
Richfield Fin,21.98,60.63,21.22,-245.45,150.0,9.08,-15.111722241320043,Micro Cap,True
Rico Auto Inds,134.74,32.23,1823.03,-20.96,24.25,9.01,170.47064777327935,Small Cap,True
Riddhi Corporate,63.99,8.48,75.94,-29.54,103.95,12.14,90.8174850979279,Micro Cap,True
Riddhi Display,33.9,6.88,29.29,-40.31,36.93,20.65,56.79343273580164,Micro Cap,True
Riddhi Siddhi Gl,747.55,26.77,532.99,-336.8,-67.7,2.74,-315.6883445945945,Small Cap,True
Riddhi Steel,206.7,22.45,257.04,27.25,-10.76,14.74,162.4361493123772,Micro Cap,True
Rikhav Securitie,47.0,9.45,179.97,104.39,609.13,13.12,22.9952541709477,Micro Cap,True
RIR Power Electr,162.55,192.48,1293.45,-45.49,-9.49,7.96,298.2021647404147,Small Cap,True
Risa Internatio.,0.5,0.0,7.98,94.59,0.0,-20.81,0.25695051133151753,Micro Cap,False
Rish.Digh.Steel,35.35,77.56,19.39,-128.85,-42.86,3.4,-122.5303292894281,Micro Cap,True
Rishabh Instrum.,567.4,26.88,2191.77,212.2,9.29,14.46,181.74247277386291,Small Cap,True
Rishi Laser,126.9,31.07,126.77,-106.56,7.92,9.59,-1934.4512195121922,Micro Cap,True
Rishi Techtex,42.49,12.56,31.4,-56.48,19.96,10.46,97.63327205882352,Micro Cap,True
Rishiroop,94.14,12.88,86.27,-135.15,13.92,6.51,-267.8236130867709,Micro Cap,True
Rita Finance and,12.41,17.99,12.41,-52.0,26.67,5.33,25.854166666666668,Micro Cap,True
Ritco Logistics,265.25,21.1,759.22,-53.22,13.44,10.14,567.0158187259512,Small Cap,True
Rite Zone,18.95,23.59,8.02,-42.86,15.49,4.11,33.16415820791039,Micro Cap,True
Rites,208.88,24.47,10038.85,-2.06,27.56,22.0,213.27343271390646,Mid Cap,True
Ritesh Intl.,58.68,13.65,55.0,-47.03,29.59,17.88,110.77968661506512,Micro Cap,True
Rithwik Facility,156.0,13.6,47.74,-4.28,-14.41,17.71,162.97534475553698,Micro Cap,True
Riyaasat Life,0.0,23.34,113.89,0.0,0.0,40.49,0.0,Micro Cap,True
RKD Agri,6.73,0.0,39.34,-281.82,24.0,-14.37,-3.7014629853701466,Micro Cap,False
RKEC Projects,27.42,7.47,70.8,-73.07,-72.56,14.11,101.81953212031189,Micro Cap,True
RLF,10.93,0.0,10.92,14.29,-75.76,0.03,9.563391372823519,Micro Cap,False
RMC Switchgears,327.0,15.37,346.03,-5.89,-13.71,22.01,347.46573159069175,Micro Cap,True
RNFI Services,260.0,22.48,651.58,66.45,11.59,27.26,156.20306398317814,Small Cap,True
RNIT AI Solution,62.91,44.38,533.43,27.19,41.87,20.05,49.461435647456554,Small Cap,True
Roadstar Infra,57.5,0.0,2618.99,-1623.01,-9.82,2.18,-3.775418414849541,Small Cap,False
Robust Hotels,177.3,12.41,306.58,-24.61,1.69,5.62,235.17707918822126,Micro Cap,True
Rockingdeals Cir,187.9,16.75,169.65,127.57,90.17,20.44,82.56800105462057,Micro Cap,True
Rodium Realty,165.0,6.46,53.59,-50.13,-45.18,10.99,330.8602366151996,Micro Cap,True
Rolcon Engg. Co.,504.4,11.87,38.33,-56.48,-14.26,13.29,1159.0073529411764,Micro Cap,True
Rolex Rings,148.07,22.48,4032.44,-27.67,7.68,21.16,204.7145029724872,Small Cap,True
Rollatainers,3.07,0.0,76.79,86.05,0.0,-11.54,1.650094060736361,Micro Cap,False
Roni Households,41.54,0.0,47.74,-182.54,-66.98,-2.34,-50.32711412648413,Micro Cap,False
Roopa Industries,47.63,9.2,37.46,533.33,1.04,15.03,7.520565897715251,Micro Cap,True
Rose Merc.,62.0,7.16,40.68,382.61,-62.98,21.74,12.846812125732992,Micro Cap,True
Roselabs Finance,20.5,0.0,20.5,-220.0,-100.0,-166.67,-17.083333333333332,Micro Cap,False
Rossari Biotech,534.85,19.86,2962.62,33.48,18.17,14.57,400.69673359304767,Small Cap,True
Rossell India,57.64,13.51,217.28,-7.94,82.6,9.08,62.61134043015425,Micro Cap,True
Rossell Techsys,932.5,155.06,3515.2,9.78,61.57,11.5,849.4261249772272,Small Cap,True
Roto Pumps,74.37,56.6,1401.47,-55.48,2.92,14.81,167.04851752021563,Small Cap,True
Rotographics (I),191.1,285.59,251.32,-68.18,943.21,12.71,600.5656819610309,Micro Cap,True
Route Mobile,525.0,10.21,3307.66,48.78,-3.75,17.24,352.8700094098669,Small Cap,True
ROX Hi-Tech,37.3,4.85,85.56,15.04,5.87,16.15,32.42350486787205,Micro Cap,True
Royal Arc Ele.,148.0,16.35,164.28,-8.17,12.83,17.99,161.16737449635195,Micro Cap,True
Royal Cush. Vin.,17.09,0.0,62.53,-108.71,-21.65,-0.17,-196.21125143513214,Micro Cap,False
Royal India Corp,6.08,1.35,71.73,334.31,-100.0,49.3,1.3999217149041008,Micro Cap,True
Royal Orch.Hotel,335.9,29.76,921.21,-47.15,30.47,10.84,635.5723746452223,Small Cap,True
Royal Sense,102.0,7.63,54.57,-21.72,50.82,26.15,130.30148185998976,Micro Cap,True
Royale Manor,31.37,26.03,62.21,-13.81,-5.35,5.81,36.39633368140156,Micro Cap,True
RPG LifeScience.,2276.4,33.54,3764.94,33.7,23.62,26.16,1702.6178010471206,Small Cap,True
RPP Infra Proj.,64.95,34.67,322.06,-232.9,30.57,4.94,-48.871331828442436,Micro Cap,True
RPSG Ventures,889.75,0.0,2943.86,-327.88,15.18,10.69,-390.4467263472003,Small Cap,False
RR Metalmakers,56.35,0.0,50.76,63.64,1801.27,2.05,34.435345881202636,Micro Cap,False
RRIL,18.28,25.56,221.58,46.27,-10.19,9.79,12.497436248034457,Micro Cap,True
RRP Defense,707.25,0.0,970.26,-354.44,32.03,-11.12,-277.9633705392234,Small Cap,False
RRPSemiconductor,8984.4,0.0,12240.35,88.68,-100.0,-32.66,4761.712953148187,Mid Cap,False
RSC Internl.,30.24,0.0,17.39,87.04,0.0,-256.0,16.16766467065868,Micro Cap,False
RSD Finance,84.0,8.46,108.75,-783.72,-84.8,8.02,-12.28573100099456,Micro Cap,True
RSWM Ltd,193.36,14.64,910.76,2190.6,-9.1,6.0,8.441456386972847,Small Cap,True
RTCL,14.68,9.95,17.62,-61.29,0.0,4.59,37.923017308189095,Micro Cap,True
RTS Power Corpn.,110.05,45.45,100.9,-35.51,-18.23,3.79,170.6466118778105,Micro Cap,True
Rubfila Intl.,70.85,14.45,384.49,-22.74,8.9,12.29,91.70333937354387,Micro Cap,True
Rubicon Research,1416.6,94.95,23428.12,111.83,43.49,28.35,668.7438039937686,Large Cap,True
Ruby Mills,332.0,25.48,1110.21,-30.86,51.28,6.8,480.18513161700895,Small Cap,True
Ruchi Infrastr.,6.24,14.73,147.28,-51.04,4.78,4.89,12.745098039215685,Micro Cap,True
Ruchira Papers,112.36,7.6,335.34,-48.21,12.57,11.06,216.95307974512454,Micro Cap,True
Rudra Ecovation,19.44,0.0,231.97,-1444.44,16.06,-2.65,-1.4459551932403083,Micro Cap,False
Rudra Gas,73.0,7.06,60.87,40.24,17.28,22.55,52.05362236166571,Micro Cap,True
Rudra Global,17.4,12.91,174.6,-8.77,6.61,11.89,19.07267346267675,Micro Cap,True
Rudrabhish. Ent.,65.76,0.0,119.17,-872.83,-43.08,-4.66,-8.508986452389271,Micro Cap,False
Rukmani Devi Gar,106.45,10.64,94.49,0.0,0.0,18.51,106.45,Micro Cap,True
Rulka,86.9,11.25,37.01,34.09,2.32,12.41,64.80721903199344,Micro Cap,True
Rungta Irrigatn.,51.5,18.69,102.6,283.61,-18.33,7.62,13.425093193608092,Micro Cap,True
Rupa & Co,167.18,17.34,1329.49,25.53,6.26,9.55,133.17931968453755,Small Cap,True
Ruparel Food,128.25,0.0,39.53,-700.0,-92.52,-3.96,-21.375,Micro Cap,False
Rushil Decor,17.38,75.77,509.96,-8.58,0.07,4.51,19.011157295996497,Small Cap,True
S & S Power Swit,378.5,46.2,467.13,1457.14,17.24,9.29,24.307384050245965,Micro Cap,True
S & T Corporatio,4.0,0.0,12.73,102.56,476.92,0.0,1.9747235387045816,Micro Cap,False
S A I L,170.79,18.4,70545.24,62.96,5.11,7.79,104.80486008836525,Large Cap,True
S A Tech Soft.,31.9,19.19,41.65,-3.1,28.98,8.81,32.92053663570692,Micro Cap,True
S C I,311.8,10.74,14523.64,118.54,14.19,14.31,142.6741100027455,Mid Cap,True
S Chand & Compan,147.31,6.63,519.59,20.45,16.21,10.2,122.29970942299711,Small Cap,True
S D Retail,91.0,16.03,170.37,15.84,16.1,12.21,78.55662983425415,Micro Cap,True
S H Kelkar & Co.,134.75,38.06,1865.22,-96.22,14.55,5.87,3564.81481481481,Small Cap,True
S I Cap. & Fin.,20.68,31.64,10.44,-50.0,30.77,8.68,41.36,Micro Cap,True
S I Paper Mills,99.63,17.39,186.81,302.21,21.09,9.06,24.77064220183486,Micro Cap,True
S J Logistics (I,335.85,6.78,513.62,49.5,33.62,32.38,224.64882943143812,Small Cap,True
S K Internation.,32.77,0.0,24.03,-105.53,-90.85,-2.49,-592.5858951175418,Micro Cap,False
S P Apparels,1099.95,27.42,2765.15,-39.23,-8.59,14.04,1810.0213921342768,Small Cap,True
S P Capital Fin.,53.04,9.08,31.88,-9400.0,-54.76,7.66,-0.5703225806451613,Micro Cap,True
S P I C,69.08,6.65,1406.75,51.46,-22.56,17.5,45.6094018222633,Small Cap,True
S T C,129.31,17.42,775.86,928.57,0.0,0.0,12.571823016420856,Small Cap,True
S V Global Mill,148.25,0.0,268.08,-2202.44,-63.01,-30.12,-7.0513308346492645,Micro Cap,False
S. V. J. Enterp.,307.45,234.63,171.28,244.44,80.72,6.28,89.26082917198931,Micro Cap,True
S.A.L Steel,56.29,0.0,814.89,82.91,-89.76,1.08,30.774697938877043,Small Cap,False
S.M. Gold,12.17,10.26,16.11,680.0,125.63,5.84,1.5602564102564103,Micro Cap,True
Saakshi Medtech,305.0,43.82,538.51,349.21,19.22,14.32,67.8969746888983,Small Cap,True
Saatvik Green,475.35,16.76,6041.94,-33.6,74.95,32.92,715.8885542168675,Mid Cap,True
SAB Events,8.53,0.0,8.94,43.33,3.51,0.0,5.951301193051001,Micro Cap,False
SAB Industries,184.9,0.0,281.23,5.24,-8.14,0.84,175.6936526035728,Micro Cap,False
Sabar Flex India,6.3,46.35,12.05,186.67,-4.67,1.02,2.197648864548087,Micro Cap,True
Saboo Sodium,11.67,212.96,48.98,10.91,9.87,3.69,10.5220449012713,Micro Cap,True
Sabrimala Indus.,13.52,35.7,11.78,-166.67,0.0,6.61,-20.27898605069747,Micro Cap,True
Sacheerome,316.55,24.9,708.21,51.01,32.83,35.72,209.6218793457387,Small Cap,True
Sacheta Metals,3.85,23.59,48.13,-38.98,-18.57,5.46,6.3094067518846275,Micro Cap,True
Sadbhav Engg.,8.76,14.31,150.3,62.11,-6.5,13.44,5.403738202455123,Micro Cap,True
Sadbhav Infra.,2.72,3.03,95.81,1275.68,0.97,17.62,0.1977204000930449,Micro Cap,True
Sadhana Nitro,2.97,0.0,880.51,-920.0,-81.58,-11.1,-0.36219512195121956,Small Cap,False
Sadhav Shipping,116.0,12.71,187.14,0.0,0.0,8.89,116.0,Micro Cap,True
Safa Systems,18.74,9.85,46.81,135.22,8.16,10.42,7.967009608026528,Micro Cap,True
Safari Inds.,1590.6,46.45,7793.23,-0.32,12.41,19.48,1595.7062600321026,Mid Cap,True
Safe Enterprises,267.75,19.32,1247.83,40.94,31.64,47.03,189.97445721583654,Small Cap,True
Safecure Service,24.0,4.5,24.1,-22.22,-27.5,16.36,30.856261249678578,Micro Cap,True
Safety Controls,79.3,10.9,157.23,18.38,27.46,29.46,66.98766683561412,Micro Cap,True
Saffron Industri,28.9,13.23,20.77,95.35,-38.71,0.0,14.793959559764524,Micro Cap,True
Sagar Cements,178.32,0.0,2330.78,297.08,19.59,1.97,44.90782713810819,Small Cap,False
Sagardeep Alloys,24.94,17.29,42.54,406.25,117.17,10.59,4.92641975308642,Micro Cap,True
SagarSoft (India,74.08,0.0,47.35,-982.43,7.48,-15.68,-8.395000169985154,Micro Cap,False
Sagility,40.37,19.93,18898.52,41.17,29.06,13.37,28.59672735000354,Mid Cap,True
Sahaj Solar,131.35,9.76,288.6,7.01,32.98,21.62,122.74553780020558,Micro Cap,True
Sahana Systems,921.25,12.0,814.12,21.6,89.0,39.81,757.6069078947369,Small Cap,True
Sahara Housing,39.3,80.91,27.51,-65.0,-13.02,2.87,112.28571428571429,Micro Cap,True
Sahara Maritime,27.35,10.77,8.4,47.37,-36.16,8.46,18.558729727895773,Micro Cap,True
Sahasra Electro.,330.0,58.12,824.76,384.57,57.66,6.0,68.10161586561281,Small Cap,True
Sahyadri Industr,281.4,10.46,308.03,147.07,28.46,9.71,113.89484761403651,Micro Cap,True
Sai Capital,145.55,3.41,41.91,-54.05,16.67,4.99,316.75734494015234,Micro Cap,True
Sai Life,1221.3,73.05,25926.49,17.84,3.91,19.55,1036.4052953156822,Large Cap,True
Sai Parenteral's,585.3,181.33,2585.81,0.0,0.0,5.97,585.3,Small Cap,True
Sai Silks,109.98,11.97,1686.72,141.67,5.07,13.96,45.508337816030135,Small Cap,True
Sainik Finance,36.0,9.39,39.17,-52.81,-9.51,10.57,76.28734901462174,Micro Cap,True
Saint-Gob. Sekur,135.4,26.94,1233.63,31.1,22.89,26.06,103.2799389778795,Small Cap,True
Saj Hotels,34.4,19.19,55.47,7.78,-1.48,5.02,31.916867693449614,Micro Cap,True
Sakar Healthcare,808.05,58.99,1797.9,91.32,41.52,12.67,422.3552163913862,Small Cap,True
Saksoft,160.45,15.54,2126.78,19.65,3.74,25.5,134.09945674885083,Small Cap,True
Sakthi Finance,28.47,10.68,184.22,22.44,-6.49,10.87,23.25220516171186,Micro Cap,True
Sakthi Sugars,16.93,7.15,201.21,16.73,-6.19,14.14,14.503555212884434,Micro Cap,True
Sakuma Exports,1.9,31.32,297.87,44.89,-2.32,1.74,1.311339636965974,Micro Cap,True
SAL Automotive,183.55,18.81,88.02,-1.06,0.77,11.83,185.51647463108958,Micro Cap,True
Salasar Exterior,3.0,0.0,30.88,-8333.33,-100.0,-6.39,-0.036437261715490575,Micro Cap,False
Salasar Techno,6.17,62.63,1078.49,-40.02,-8.0,8.13,10.286762254084696,Small Cap,True
Salem Erode Inv.,39.54,0.0,45.33,-15.7,-20.22,-10.44,46.903914590747334,Micro Cap,False
Salguti Industri,31.25,0.0,23.56,-240.0,14.18,5.38,-22.321428571428573,Micro Cap,False
Salona Cotspin,258.9,87.33,136.24,53.08,-25.26,8.33,169.12725372354325,Micro Cap,True
Salora Intl.,29.0,0.0,25.55,-133.33,-78.91,-1.13,-87.00870087008697,Micro Cap,False
Salzer Electron.,644.8,21.38,1140.18,13.61,26.4,11.38,567.5556729161166,Small Cap,True
Sam Industries,40.02,9.09,44.38,190.91,-45.99,7.91,13.75683200989997,Micro Cap,True
Samay Project,48.0,11.53,73.68,87.79,59.05,27.7,25.560466478513234,Micro Cap,True
Sambandam Spg.,112.0,0.0,47.71,-1580.0,3.88,1.92,-7.5675675675675675,Micro Cap,False
Sambhaav Media,6.51,518.38,124.41,14200.0,14.98,2.26,0.04552447552447552,Micro Cap,True
Sambhv Steel,110.69,22.77,3261.72,238.88,38.37,19.07,32.663479697828144,Small Cap,True
Sameera Agro,5.7,2.03,33.94,46.48,13.3,17.73,3.891316220644457,Micro Cap,True
Samhi Hotels,179.85,9.69,3995.09,408.35,8.17,8.92,35.379167896134554,Small Cap,True
Samkrg Pistons,120.05,12.09,117.89,1389.47,25.78,10.11,8.059913929115725,Micro Cap,True
Sammaan Capital,169.81,0.0,19724.17,-594.46,-35.58,4.92,-34.342515066941715,Mid Cap,False
Samor Reality,98.6,0.0,222.84,-1328.26,0.0,-2.81,-8.027616302737204,Micro Cap,False
Sampann Utpadan,27.55,19.83,134.47,-37.5,19.67,8.18,44.08,Micro Cap,True
Sampark India,0.0,12.84,102.97,0.0,0.0,0.0,0.0,Micro Cap,True
Sampat Aluminium,39.1,5.58,33.16,-62.58,37.48,14.71,104.48957776590059,Micro Cap,True
Sampre Nutrition,7.84,24.19,74.49,118.37,94.34,2.69,3.590236754132894,Micro Cap,True
Samrat Forgings,250.0,28.47,125.0,42.47,-1.44,10.58,175.47553870990382,Micro Cap,True
Samrat Pharma,216.8,0.0,66.98,-410.0,0.8,-2.52,-69.93548387096776,Micro Cap,False
Samsrita Labs,12.43,0.0,28.28,0.0,0.0,-62.42,12.43,Micro Cap,False
Samtel (India),59.94,708.17,42.49,2950.0,700.0,-20.83,1.9652459016393442,Micro Cap,True
Samtex Fashion,1.48,0.0,11.03,-233.33,0.0,-0.11,-1.1100277506937675,Micro Cap,False
Samvardh. Mothe.,151.71,38.74,160121.45,55.33,17.03,13.08,97.66947788579154,Large Cap,True
Samyak Internati,18.96,0.0,15.16,52.39,-22.72,1.53,12.44176127042457,Micro Cap,False
Sanathan Textile,444.9,48.55,3755.14,-50.58,59.68,6.71,900.2428166734115,Small Cap,True
Sanathnagar Ent.,39.75,125.2,12.52,-47.5,0.0,6.33,75.71428571428571,Micro Cap,True
Sanblue Corp.,30.5,80.26,15.25,-250.0,-48.5,0.41,-20.333333333333332,Micro Cap,True
Sanchay Finvest,56.39,0.0,45.11,0.0,108.33,-31.89,56.39,Micro Cap,False
Sanco Trans,779.0,18.5,140.22,619.57,25.5,7.76,108.25909918423503,Micro Cap,True
Sancode Tech.,297.0,327.34,153.85,-64.0,3.11,6.56,825.0,Micro Cap,True
Sandesh,972.4,10.96,736.11,-473.81,178.78,7.03,-260.13215269789464,Small Cap,True
Sandhar Tech,683.95,20.5,4116.74,56.31,28.88,14.41,437.559976968844,Small Cap,True
Sandu Pharma.,41.45,22.62,40.04,-87.88,19.76,6.41,341.9966996699668,Micro Cap,True
Sandur Manganese,207.03,14.76,10063.83,50.94,14.39,24.4,137.160461110375,Mid Cap,True
Sangal Papers,170.1,9.4,22.28,113.95,-21.56,7.37,79.50455713951858,Micro Cap,True
Sangam Finserv,36.65,52.4,170.84,-220.47,-213.19,4.73,-30.42251182867104,Micro Cap,True
Sangam India,541.85,30.11,2722.61,234.23,19.47,10.67,162.11890015857344,Small Cap,True
Sangani Hospital,43.0,19.81,59.24,123.6,673.61,17.37,19.230769230769234,Micro Cap,True
Sanghvi Brands,12.12,7.99,12.62,-46.59,-10.72,30.51,22.692379704175245,Micro Cap,True
Sanghvi Movers,411.1,18.73,3559.14,27.1,31.41,16.68,323.4461054287963,Small Cap,True
Sanginita Chemi.,41.57,0.0,107.67,-12560.0,-13.8,-11.04,-0.3336276083467095,Micro Cap,False
Sanjiv.Parant.,145.85,26.78,179.17,-74.89,-27.34,18.0,580.8442851453605,Micro Cap,True
Sanmit Infra,56.92,45.42,89.94,3.77,-29.64,7.65,54.85207670810446,Micro Cap,True
Sanofi Consumer,4618.1,42.07,10635.77,35.6,32.79,89.93,3405.678466076696,Mid Cap,True
Sanofi India,3355.6,23.51,7727.95,-14.14,-11.87,57.51,3908.2226880969015,Mid Cap,True
Sanrhea Tech.,134.5,13.47,76.53,45.68,13.06,23.23,92.32564524986272,Micro Cap,True
Sansera Enginee.,3146.2,58.39,19633.41,104.84,27.77,14.14,1535.9304823276702,Mid Cap,True
Sanstar,125.04,72.69,2504.16,271.2,-4.47,5.69,33.68534482758621,Small Cap,True
Santosh Fin Fab,34.48,0.0,12.15,-81.25,-19.75,4.59,183.89333333333332,Micro Cap,False
Sanwaria Consum.,0.21,0.0,15.46,6.92,3.85,-1.63,0.19640852974186307,Micro Cap,False
Sapphire Foods,180.37,0.0,5796.78,-130.06,11.37,3.99,-600.033266799734,Mid Cap,False
Saptak Chem &,42.5,0.0,13.06,-50.0,0.0,-48.0,85.0,Micro Cap,False
Saptarishi Agro,27.07,103.48,92.1,-47.3,-56.51,6.06,51.36622390891841,Micro Cap,True
Sar Auto Prod.,2698.0,1918.7,1285.53,157.14,164.35,2.14,1049.2338803764487,Small Cap,True
Sar Televenture,136.1,9.5,682.51,25.49,35.3,8.84,108.45485696071401,Small Cap,True
Saraswati Commer,9590.0,11.39,1050.99,28.93,37.17,10.86,7438.144729698287,Small Cap,True
Saraswati Saree,57.28,9.69,226.83,-52.49,-2.07,16.58,120.56409177015367,Micro Cap,True
Sarda Energy,521.1,16.72,18362.59,45.61,1.19,17.39,357.8737724057414,Mid Cap,True
Sarda Proteins,93.13,130.61,83.59,863.64,0.0,23.06,9.66439749283965,Micro Cap,True
Saregama India,480.7,43.46,9268.35,35.42,19.36,17.76,354.9697238221828,Mid Cap,True
Sarla Performanc,99.49,13.2,830.77,37.01,2.19,10.12,72.61513758119845,Small Cap,True
Saroja Pharma In,33.0,8.19,13.27,48.57,-10.37,13.02,22.211752036077268,Micro Cap,True
Sarthak Global,35.19,1056.0,10.56,-312.5,18.59,4.27,-16.56,Micro Cap,True
Sarthak Industri,26.0,6.94,24.16,131.88,-5.78,11.2,11.212696222183888,Micro Cap,True
Sarthak Metals,69.71,20.7,95.43,122.39,28.93,5.61,31.345833895408962,Micro Cap,True
Sarup Industries,129.9,74.07,42.22,-37.21,-10.88,4.14,206.88007644529384,Micro Cap,True
Sarveshwar Foods,3.82,14.81,470.88,-14.53,9.41,10.41,4.469404469404469,Micro Cap,True
Sarvottam Finve.,20.9,0.0,15.68,-242.86,-33.33,-0.69,-14.629707405851878,Micro Cap,False
Sashwat Technoc,338.35,0.0,10.49,-166.67,0.0,-11.02,-507.4996250187492,Micro Cap,False
Sasken Technol.,2250.4,57.96,3417.56,144.7,125.67,10.18,919.6567225173682,Small Cap,True
Sat Kartar Life,139.2,12.7,219.17,58.1,21.07,37.42,88.04554079696395,Micro Cap,True
Satani Bearings,269.3,10772.0,538.6,520.0,0.0,1.0,43.435483870967744,Small Cap,True
Satchmo Holdings,5.29,4.75,77.15,241.55,9872.22,0.0,1.5488215488215487,Micro Cap,True
Sathlokhar Sys.,322.45,10.15,837.68,64.64,48.91,37.09,195.85155490767735,Small Cap,True
Sati Poly,30.35,4.35,15.01,-76.73,-31.51,20.33,130.42544048130645,Micro Cap,True
Satia Industries,55.79,13.64,557.9,-83.63,-1.79,3.94,340.8063530849113,Small Cap,True
Satin Creditcare,231.03,7.68,2552.21,640.16,49.48,13.84,31.213521400778212,Small Cap,True
Sattrix Infor.,362.95,49.99,411.89,70.68,46.03,9.6,212.64940239043824,Micro Cap,True
Sattva Eng.,74.1,9.98,129.44,16.97,8.05,22.76,63.34957681456783,Micro Cap,True
Sattva Sukun,0.77,268.55,29.54,-142.86,709.52,0.59,-1.7965468968735414,Micro Cap,True
Saumya Cons,143.05,0.0,98.8,-7.61,-1994.12,-5.33,154.83277410975217,Micro Cap,False
Saurashtra Cem.,58.18,29.8,647.47,-20.86,-6.57,2.5,73.51528936062674,Small Cap,True
Saven Tech.,39.95,12.71,43.46,63.83,35.36,21.0,24.385033266190565,Micro Cap,True
Savera Industrie,155.7,16.73,185.75,-81.63,26.34,15.04,847.5775721284699,Micro Cap,True
Savita Oil Tech,527.95,18.67,3619.65,45.79,21.71,15.68,362.13046162288225,Small Cap,True
Savy Infra,124.25,6.15,258.55,78.3,127.84,42.76,69.68592260235559,Micro Cap,True
Sawaca Enterpri.,0.3,0.0,17.16,39.08,28.05,0.56,0.2157031924072476,Micro Cap,False
Sawaliya Food,307.45,38.12,304.94,0.0,0.0,24.98,307.45,Micro Cap,True
Sayaji (Indore),1181.0,40.47,359.8,-72.01,0.3,11.27,4219.364058592356,Micro Cap,True
Sayaji Hot. Pune,768.7,12.07,234.19,-0.55,7.6,28.4,772.9512317747611,Micro Cap,True
Sayaji Hotels,308.0,0.0,539.55,68.46,-5.04,-0.02,182.83271993351536,Small Cap,False
Sayaji Industr,112.4,207.41,284.15,241.6,8.53,8.18,32.903981264637004,Micro Cap,True
SBC Exports,41.59,78.37,1980.47,104.99,47.04,18.17,20.28879457534514,Small Cap,True
SBEC Sugar,65.59,16.75,312.56,95.45,-24.0,21.87,33.55845484778716,Micro Cap,True
SBEC Systems,22.0,14.57,22.0,24.65,-4.81,19.92,17.64941837144003,Micro Cap,True
SBFC Finance,90.82,22.29,10056.56,30.05,25.92,11.82,69.83467896962706,Mid Cap,True
SBI,1045.4,11.58,964968.76,0.22,3.34,6.13,1043.1051686290164,Large Cap,True
SBI Cards,624.85,27.44,59461.63,14.06,5.57,10.1,547.8257057688936,Large Cap,True
SBI Life Insuran,1744.9,70.86,175055.44,-1.09,-82.35,14.95,1764.1290061672228,Large Cap,True
SC Agrotech,24.0,54.61,182.39,150.67,0.0,7.17,9.574340766745124,Micro Cap,True
Scan Projects,120.3,35.28,34.57,93.33,44.17,13.35,62.225210779496194,Micro Cap,True
Scan Steels,39.81,12.21,241.83,93.02,16.78,7.05,20.62480571961455,Micro Cap,True
Schaeffler India,4157.6,51.96,64984.81,20.46,18.81,27.9,3451.436161381371,Large Cap,True
Schneider APW,1137.58,35.51,1376.02,-57.89,-19.51,23.88,2701.448587033958,Small Cap,True
Schneider Elect.,1335.3,143.25,31927.02,-71.64,0.48,29.63,4708.392101551482,Large Cap,True
Scintilla Comm,12.0,0.0,12.03,-36.36,-37.5,-1.21,18.856065367693272,Micro Cap,False
Scoda Tubes,144.05,22.22,862.99,-7.47,-0.12,16.54,155.679239165676,Small Cap,True
Scoobee Garments,72.61,0.0,122.86,-202.01,-72.58,-6.12,-71.17929614743655,Micro Cap,False
Sealmatic India,370.0,38.94,401.82,-59.62,-13.34,12.77,916.2951956414065,Micro Cap,True
SEAMEC Ltd,1488.0,15.05,3783.24,141.04,63.85,20.04,617.3249253235978,Small Cap,True
Seasons Textiles,18.1,79.76,13.56,85.71,-15.87,3.94,9.74637876258683,Micro Cap,True
Secmark Consult.,123.5,50.2,129.02,14.25,14.4,11.68,108.09628008752735,Micro Cap,True
SecureKloud Tech,19.01,0.0,63.51,-334.41,-38.58,-5.97,-8.109722281472633,Micro Cap,False
Sedemac Mechatro,2666.2,113.67,11774.34,272.59,59.91,35.69,715.5854961217424,Mid Cap,True
Seemax Resources,0.0,27.7,62.04,0.0,0.0,29.18,0.0,Micro Cap,True
Sejal Glass,740.5,29.37,844.17,198.94,69.48,18.33,247.70857028166188,Small Cap,True
SEL Mfg. Co,29.11,0.0,96.46,-1.28,-18.31,-13.9,29.48743922204214,Micro Cap,False
Sellowrap Indus.,71.0,9.55,97.58,-35.14,41.3,14.04,109.46654332408262,Micro Cap,True
Sellwin Traders,4.75,35.42,111.56,4.0,12.43,4.89,4.5673076923076925,Micro Cap,True
Semac Construct,353.0,15.35,110.04,392.71,2.14,10.0,71.64457794645939,Micro Cap,True
Senco Gold,323.55,9.23,5301.0,151.29,44.93,20.92,128.75562099566238,Mid Cap,True
Senores Pharma.,1269.7,50.69,5847.42,77.29,53.39,15.13,716.1712448530657,Mid Cap,True
Senthil Infotek,38.08,1923.0,19.23,100.0,-50.0,0.38,19.04,Micro Cap,True
SEPC,6.59,23.16,1262.0,40.72,132.45,5.03,4.683058555997726,Small Cap,True
Sera Investments,39.75,4.9,260.33,1386.11,1754.42,21.12,2.6747683549669947,Micro Cap,True
Service Care Ltd,50.7,13.46,67.58,896.88,6.24,10.78,5.085867907872562,Micro Cap,True
Servotech Renew,98.45,61.32,2223.45,49.43,66.21,15.52,65.88369136050325,Small Cap,True
Seshaasai Tech.,308.75,20.5,4995.75,30.76,9.59,27.98,236.1196084429489,Small Cap,True
Seshachal Tech.,92.48,321.0,6.42,0.0,302.17,1.58,92.48,Micro Cap,True
Seshasayee Paper,223.36,17.07,1408.69,-3.77,17.81,5.6,232.1105684298036,Small Cap,True
Setco Automotive,16.82,0.0,225.0,-76.62,9.26,21.06,71.94183062446535,Micro Cap,False
Setubandhan Inf.,0.44,0.0,5.53,-161.04,-100.0,-1.28,-0.7208387942332899,Micro Cap,False
Seya Industries,13.08,0.0,34.75,83.9,100.0,-0.32,7.112561174551387,Micro Cap,False
SG Finserve,587.15,30.3,3869.02,77.68,94.88,9.32,330.45362449347135,Small Cap,True
SG Mart,588.7,66.81,7419.69,25.14,14.28,10.24,470.43311491129936,Mid Cap,True
SGL Resources,3.07,0.0,76.9,-165.57,-203.76,1.67,-4.682019216104926,Micro Cap,False
Sh. Ajit Pulp,271.0,8.02,241.06,111.67,12.56,14.31,128.02947985071103,Micro Cap,True
Sh. Bajrang All.,187.62,3.81,168.86,71.23,-41.2,1.12,109.57192080826958,Micro Cap,True
Sh. Digvijay Cem,76.01,44.96,1123.95,-56.7,-3.67,6.4,175.5427251732102,Small Cap,True
Sh. Dinesh Mills,355.65,18.51,199.18,-73.49,-9.07,6.19,1341.56921916258,Micro Cap,True
Sh. Ganesh Elas.,19.05,0.0,10.48,102.19,75.69,-10.84,9.421830951085612,Micro Cap,False
Sh. Hari Chem.,108.4,16.22,68.43,5200.0,17.67,11.37,2.0452830188679245,Micro Cap,True
Sh. Jagdamba Pol,581.65,12.95,509.41,-38.81,-15.51,15.34,950.5638176172577,Small Cap,True
Sh. Karthik Pap.,6.53,0.0,12.48,178.38,17.97,2.12,2.3457144909835477,Micro Cap,False
Sh. Krish. Infr.,9.9,121.0,10.89,11800.0,-175.0,0.92,0.08319327731092438,Micro Cap,True
Sh. Krishna Pap.,97.6,35.86,131.97,12.79,14.69,10.13,86.5324940154269,Micro Cap,True
Sh. Rajas. Synt.,17.38,0.0,70.8,73.2,-16.12,-36.47,10.034642032332563,Micro Cap,False
Sh. Rajiv. Oil,21.03,123.0,8.61,-85.71,0.0,1.68,147.1658502449265,Micro Cap,True
Sh. Rama Multi.,42.4,22.86,565.9,-87.1,5.58,17.7,328.6821705426356,Small Cap,True
Sh. Steel Wire,19.47,0.0,6.44,118.18,-40.2,-3.92,8.923824365203043,Micro Cap,False
Sh.Pushkar Chem.,403.15,18.6,1303.69,-22.19,-0.56,12.97,518.1210641305744,Small Cap,True
Sh.Renuka Sugar,22.4,0.0,4767.82,-233.41,-5.31,-3.12,-16.790345551308,Small Cap,False
Shadowfax Technologies,221.31,112.4,12946.2,648.31,73.62,9.66,29.574641525570957,Mid Cap,True
Shah Alloys,71.17,0.0,140.92,3.56,-92.59,0.47,68.72344534569332,Micro Cap,False
Shah Foods,206.7,146.48,481.92,0.0,0.0,0.0,206.7,Micro Cap,True
Shah Metacorp,4.08,33.11,402.97,118.73,50.22,4.82,1.8653134000822933,Micro Cap,True
Shahi Shipping,12.75,0.0,18.47,-303.23,-48.21,-16.67,-6.273680066919253,Micro Cap,False
Shahlon Silk,23.57,48.5,210.49,171.88,30.5,9.07,8.669265852582022,Micro Cap,True
Shaily Engineer.,2849.7,81.25,13107.27,64.85,10.23,30.17,1728.6624203821657,Mid Cap,True
Shakti Press,26.29,44.87,74.04,1700.0,143.41,8.85,1.4605555555555556,Micro Cap,True
Shakti Pumps,580.9,27.83,7168.19,-65.23,28.93,23.73,1670.6931262582684,Mid Cap,True
Shalby,172.15,49.73,1859.39,266.24,8.52,6.48,47.00469637396243,Small Cap,True
Shalibhadra Fin.,80.49,12.76,248.62,15.8,16.08,14.65,69.50777202072538,Micro Cap,True
Shalimar Paints,52.11,0.0,436.22,22.37,-12.32,-7.92,42.58396665849473,Micro Cap,False
Shalimar Prod.,0.29,0.0,28.55,-35.0,-100.0,-1.15,0.4461538461538461,Micro Cap,False
Shalimar Wires,17.98,9.98,76.87,707.69,5.45,16.74,2.2261015983855192,Micro Cap,True
Shamrock Indl.,23.56,0.0,12.79,-233.33,0.0,-102.35,-17.670441761044025,Micro Cap,False
Shangar Decor,0.23,7.66,11.26,132.08,100.46,3.47,0.09910375732506033,Micro Cap,True
Shankar Lal Ram.,41.18,19.53,263.42,90.48,30.49,14.01,21.619067618647627,Micro Cap,True
Shankara Building,122.51,63.61,297.08,-74.17,-79.23,4.29,474.29345722028654,Micro Cap,True
Shankara Buildpro,1031.9,19.3,2502.29,41.69,27.95,39.02,728.2800479920954,Small Cap,True
Shanmuga Hos.,37.0,11.96,50.37,21.55,-1.76,12.62,30.44014808720691,Micro Cap,True
Shantai Indust.,96.06,0.0,72.05,-612.5,-78.42,-15.13,-18.74341463414634,Micro Cap,False
Shanthala FMCG,25.95,13.69,17.38,71.43,-0.12,5.98,15.137373855217872,Micro Cap,True
Shanthi Gears,441.2,42.22,3384.7,-17.1,-11.82,25.5,532.2074788902293,Small Cap,True
Shanti Educat.,212.56,581.02,3422.22,308.51,22.98,10.31,52.032997968226,Small Cap,True
Shanti Gold,221.91,11.42,1599.88,465.07,121.65,33.49,39.27124073123684,Small Cap,True
Shanti Guru Inds,8.38,0.92,10.32,9650.0,0.0,71.68,0.08594871794871796,Micro Cap,True
Shanti Overseas,6.32,0.0,7.02,-3407.14,358.5,-14.31,-0.19110167697769073,Micro Cap,False
Shanti Spintex,42.99,7.33,72.6,0.0,0.0,0.0,42.99,Micro Cap,True
Sharat Industrie,144.05,35.53,564.88,-90.57,24.84,12.92,1527.571580063626,Small Cap,True
Sharda Cropchem,876.55,11.62,7908.28,56.53,12.93,30.37,559.9885006069123,Mid Cap,True
Sharda Ispat,167.45,13.72,85.06,335.0,64.38,11.42,38.49425287356322,Micro Cap,True
Sharda Motor,829.75,14.36,4763.4,6.35,29.59,35.96,780.2068641278797,Small Cap,True
Shardul Sec.,29.03,0.0,253.99,8.55,105.41,-5.88,26.74343620451405,Micro Cap,False
Share India Sec.,135.19,9.15,2958.3,208.26,73.7,18.41,43.855835982612085,Small Cap,True
Share Samadhan,30.5,64.52,37.42,-89.18,-75.88,1.58,281.8853974121997,Micro Cap,True
Sharika Enterpr.,21.93,0.0,94.96,-151.34,20.89,-21.98,-42.715231788079464,Micro Cap,False
Sharma E I Hosp.,101.0,26.72,33.13,16.22,24.92,11.58,86.90414730683187,Micro Cap,True
Sharp Chucks and,76.05,10.0,91.9,-22.12,28.62,12.33,97.6502311248074,Micro Cap,True
Sharp India,116.5,0.0,302.2,-24.51,0.0,-6733.33,154.32507616902902,Micro Cap,False
Sharp Investment,0.35,847.0,8.47,85.71,44.44,0.04,0.18846588767433092,Micro Cap,True
Sharpline Broadc,10.41,3.77,29.81,6.01,19.16,25.74,9.8198283180832,Micro Cap,True
Sharvaya Metals,103.7,8.91,104.01,-71.92,96.43,28.47,369.3019943019944,Micro Cap,True
Shashijit Infra.,2.2,32.63,15.99,120.22,21.35,4.01,0.9990009990009991,Micro Cap,True
Shashwat Furnis.,80.5,0.0,16.81,-144.44,34.08,-2.99,-181.1431143114312,Micro Cap,False
Shayona Eng.,140.7,13.55,54.76,9.64,54.1,19.67,128.32907697920464,Micro Cap,True
Sheel Bio.,65.0,11.25,132.29,105.03,93.71,15.73,31.702677656928255,Micro Cap,True
Sheela Foam,725.6,52.62,7923.79,511.54,23.59,6.11,118.65127383327338,Mid Cap,True
Sheetal Cool,480.65,26.4,504.68,72.36,42.5,16.0,278.86400556973774,Small Cap,True
Sheetal Univer.,295.6,29.42,338.64,25.22,169.33,22.49,236.0645264334771,Micro Cap,True
Shekhawati Inds,13.7,5.47,47.22,2993.75,-24.18,47.29,0.4428282828282828,Micro Cap,True
Shelter Infra,17.5,0.0,6.25,-200.0,-8.33,-0.07,-17.5,Micro Cap,False
Shelter Pharma,29.01,5.41,48.84,22.43,49.77,20.35,23.69517275177653,Micro Cap,True
Shemaroo Entert.,128.27,0.0,368.52,-1308.59,-31.72,-39.45,-10.61319388709157,Micro Cap,False
Shentracon Chem.,105.12,666.43,46.65,-33.33,0.0,0.0,157.67211639418028,Micro Cap,True
Shera Energy,160.55,13.35,392.37,69.73,27.14,19.54,94.59140988629,Micro Cap,True
Shervani Indl Sy,273.25,0.0,70.31,-141.29,-76.79,1.35,-661.7825139258904,Micro Cap,False
Sheshadri Indus.,17.86,2.0,8.86,-27.07,44.79,51.26,24.489236253942135,Micro Cap,True
Shetron,95.55,21.5,86.0,284.0,12.49,12.96,24.8828125,Micro Cap,True
Shigan Quantum,65.45,19.39,133.04,1.18,14.33,11.18,64.6866969756869,Micro Cap,True
Shikhar Cons.,11.5,0.0,5.22,-100.0,0.0,-4.01,inf,Micro Cap,False
Shilchar Tech.,4516.8,32.67,5167.31,-48.72,-34.59,50.72,8808.11232449298,Mid Cap,True
Shilp Gravures,161.9,11.28,99.57,56.25,3.14,11.19,103.616,Micro Cap,True
Shilpa Medicare,571.6,47.92,11179.46,147.82,32.09,11.03,230.65127915422482,Mid Cap,True
Shine Fashions,22.9,6.52,61.52,29.76,22.86,30.03,17.64796547472256,Micro Cap,True
Shining Tools,86.0,12.51,48.66,54.14,9.58,22.39,55.79343454002855,Micro Cap,True
Shipping Land,44.89,72.55,2090.97,99.63,19.06,1.31,22.48660021038922,Small Cap,True
Shipwaves Online,3.7,14.66,52.35,-116.86,-19.8,8.38,-21.945432977461437,Micro Cap,True
Shish Industries,11.95,69.36,504.23,-26.05,7.43,6.74,16.159567275185935,Small Cap,True
Shiv Aum Steels,405.0,74.03,550.82,154.65,1.22,8.2,159.04182210877676,Small Cap,True
Shiv Texchem,123.0,3.66,285.02,26.85,8.72,15.3,96.96491919590068,Micro Cap,True
Shiva Cement,17.08,0.0,503.86,46.56,14.12,-1.43,11.653930131004365,Small Cap,False
Shiva Global,39.61,0.0,39.58,-11.17,-26.78,4.41,44.59079139930204,Micro Cap,False
Shiva Granito,12.83,2055.0,20.55,-100.0,18.13,2.25,inf,Micro Cap,True
Shiva Mills,62.0,0.0,53.58,283.12,-10.16,-0.07,16.182919189809983,Micro Cap,False
Shiva Texyarn,146.39,19.52,189.76,-94.84,-9.51,10.81,2837.01550387597,Micro Cap,True
Shivagrico Impl.,25.0,32.13,12.53,-39.13,-2.81,6.9,41.0711352061771,Micro Cap,True
Shivalic Power,70.45,14.44,169.9,10.91,28.32,12.79,63.51997114777748,Micro Cap,True
Shivalik Bimetal,754.0,44.98,4343.36,23.75,22.8,26.79,609.2929292929292,Small Cap,True
Shivalik Rasayan,212.9,27.62,335.33,9.69,48.18,4.63,194.09244233749658,Micro Cap,True
Shivam Autotech,16.63,0.0,218.68,-71.75,1.47,-0.47,58.86725663716815,Micro Cap,False
Shivam Chemicals,113.0,31.67,191.95,163.87,17.61,16.83,42.82411793686285,Micro Cap,True
Shivamshree Busi,1.99,100.33,15.05,252.38,167.25,4.8,0.5647312560304217,Micro Cap,True
Shivansh Finserv,9.39,13.63,5.86,-100.0,0.0,7.0,inf,Micro Cap,True
Shivashrit Foods,130.75,17.0,238.87,12.18,-2.91,19.15,116.55375289712963,Micro Cap,True
Shlokka Dyes,25.0,10.79,53.52,-32.69,-16.81,10.62,37.1415837171297,Micro Cap,True
Shoora Designs,91.0,1052.0,42.08,-92.86,290.51,0.24,1274.5098039215684,Micro Cap,True
Shoppers Stop,356.4,0.0,3924.85,-24983.33,13.7,7.05,-1.4322841838290934,Small Cap,False
Shraddha Prime,159.3,11.92,643.59,245.89,287.02,23.58,46.05510422388621,Small Cap,True
Shradha AI Tech,26.51,15.32,161.58,31.98,73.62,18.4,20.08637672374602,Micro Cap,True
Shradha Realty,33.97,10.24,275.15,108.04,-4.84,10.71,16.328590655643143,Micro Cap,True
Shree Bhavya,22.4,9.33,21.28,-26.67,-9.22,9.15,30.54684303831992,Micro Cap,True
Shree Cement,25735.0,53.26,92853.8,-8.47,10.29,10.48,28116.464547143012,Large Cap,True
Shree Ganesh Bio,0.57,59.79,22.72,84.21,-29.57,0.8,0.30942945551273005,Micro Cap,True
Shree Ganesh Rem,709.55,51.26,910.89,-5.0,35.9,14.61,746.8947368421052,Small Cap,True
Shree Hanuman Sg,3.94,0.0,7.29,23.08,0.0,-0.43,3.2011699707507315,Micro Cap,False
Shree Karni,475.0,22.53,343.37,-11.43,6.73,12.81,536.2989725640736,Micro Cap,True
Shree Marutinand,61.0,5.85,21.11,20.09,18.93,16.77,50.795236905654086,Micro Cap,True
Shree Metalloys,38.83,14.08,20.41,12.2,-0.62,17.88,34.6078431372549,Micro Cap,True
Shree Mfg. Co.,10.1,0.0,8.38,-214.29,0.0,0.0,-8.837168606177269,Micro Cap,False
Shree OSFM,61.7,12.54,95.04,-51.35,9.79,12.3,126.82425488180886,Micro Cap,True
Shree Pacetronix,130.05,15.53,48.76,146.67,25.47,23.3,52.72226050999311,Micro Cap,True
Shree Precoated,14.32,0.0,5.93,6.67,0.0,0.0,13.424580481859943,Micro Cap,False
Shree Ram Prote.,0.37,0.0,7.93,33.33,0.0,-23.95,0.27750693767344187,Micro Cap,False
Shree Ram Twist.,40.45,11.41,161.7,233.01,-53.25,13.96,12.146782378907542,Micro Cap,True
Shree Rama News.,29.06,0.0,428.7,-49.4,-30.54,0.93,57.43083003952569,Micro Cap,False
Shree Refrigerat,377.15,62.71,1350.06,343.56,116.0,13.9,85.02795563170709,Small Cap,True
Shree Salasar,214.9,8.21,149.83,1117.5,81.09,20.28,17.650924024640656,Micro Cap,True
Shree Securities,0.22,292.67,17.56,-183.33,28.57,1.53,-0.26401056042241683,Micro Cap,True
Shree Tirupati,510.0,176.32,516.63,-85.44,3.01,6.89,3502.7472527472514,Small Cap,True
Shree TirupatiBa,29.29,21.7,238.92,-35.34,-6.82,6.89,45.29848437983298,Micro Cap,True
Shree Vasu Logis,711.5,141.48,817.78,206.36,52.61,14.36,232.24311267789528,Small Cap,True
Shreedhar Spinners,0.0,18.41,113.62,0.0,0.0,12.07,0.0,Micro Cap,True
Shreeji Global,155.5,17.77,353.92,54.29,58.13,25.62,100.78423747488496,Micro Cap,True
Shreeji Ship. Gl,481.15,51.33,7838.81,-18.07,20.49,26.35,587.269620407665,Mid Cap,True
Shreeji Translog,8.2,18.13,57.3,83.87,21.6,7.72,4.459672594768042,Micro Cap,True
Shreenath Paper,12.65,8.69,24.86,8.9,18.94,8.97,11.616161616161618,Micro Cap,True
Shreeoswal Seeds,10.91,13.82,99.79,283.64,116.94,19.89,2.8438119069961423,Micro Cap,True
Shreevatsaa Fin.,27.17,83.15,27.44,-33.33,4.55,2.05,40.7529623518824,Micro Cap,True
Shrem InvIT,101.5,7.27,6200.07,-3.0,-38.26,9.68,104.63917525773196,Mid Cap,True
Shrenik,0.4,128.84,24.48,-1387.5,145.26,0.0,-0.031067961165048546,Micro Cap,True
Shreyans Inds.,139.07,29.7,192.19,-156.77,-6.35,2.48,-244.97093535317944,Micro Cap,True
Shreyas Interm.,5.94,0.0,42.09,6.67,0.0,-5.36,5.568575982000563,Micro Cap,False
Shri Ahimsa,428.9,33.41,1004.95,24.41,14.0,22.96,344.7472068161723,Small Cap,True
Shri Balaji,111.9,10.67,91.31,20.7,25.93,17.87,92.70919635459818,Micro Cap,True
Shri Gang Indus,67.98,7.76,144.38,240.0,38.6,30.71,19.994117647058825,Micro Cap,True
Shri Hare-Krish.,40.0,12.38,76.76,-64.85,-35.63,7.76,113.79800853485062,Micro Cap,True
Shri Kanha Stain,24.15,4.31,37.63,35.35,13.55,23.77,17.842630217953452,Micro Cap,True
Shri Keshav,133.35,0.0,233.53,-121.32,22.98,6.25,-625.4690431519705,Micro Cap,False
Shri Krishna,40.93,25.13,114.6,-54.22,-40.54,6.7,89.40585408475317,Micro Cap,True
SHRI NIWAS L& F.,11.11,0.01,6.04,100.85,188.24,195.35,5.531491162559124,Micro Cap,True
Shri Techtex,64.0,8.28,159.68,88.48,10.29,22.83,33.95585738539898,Micro Cap,True
Shri Vasuprada,101.45,0.0,84.05,-60.0,-30.45,-0.67,253.625,Micro Cap,False
Shri Venkatesh,263.6,15.26,583.07,118.95,108.92,19.78,120.39278374058006,Small Cap,True
Shricon Indus.,202.5,12.88,25.11,187.5,232.35,46.09,70.43478260869566,Micro Cap,True
Shringar House,216.58,18.08,2088.53,123.46,106.5,26.83,96.92114919896179,Small Cap,True
Shriram AMC,283.6,0.0,481.57,-53.28,85.59,-18.75,607.0205479452056,Micro Cap,False
Shriram Finance,1031.8,24.21,242773.78,40.94,9.25,11.49,732.0845749964524,Large Cap,True
Shriram Pistons,4033.0,31.04,17765.29,7.65,47.29,21.02,3746.400371574547,Mid Cap,True
Shriram Properti,88.85,15.04,1516.26,64.36,57.18,8.04,54.05816500365052,Small Cap,True
Shristi Infra,29.66,0.0,65.85,-343.35,-62.3,-0.56,-12.188206287240599,Micro Cap,False
Shrydus Indust.,3.85,0.0,12.33,98.98,0.0,-0.12,1.9348678259121521,Micro Cap,False
Shubham Polyspin,46.67,54.92,56.57,77.78,-19.82,8.87,26.251546855664305,Micro Cap,True
Shubhlaxmi Jewel,27.3,27.31,28.95,-7750.0,29.44,6.86,-0.3568627450980392,Micro Cap,True
Shubhshree Bio.,330.0,16.43,172.99,59.85,24.01,32.58,206.4435408195183,Micro Cap,True
Shukra Bullions,43.5,436.4,21.82,166.67,-18.52,3.18,16.312296096298798,Micro Cap,True
Shukra Jewellery,9.58,0.0,13.0,-688.89,21.51,-0.08,-1.626789383416258,Micro Cap,False
Shukra Pharma.,29.46,58.5,1289.99,-132.1,-52.52,36.91,-91.77570093457946,Small Cap,True
Shyam Century,5.48,0.0,116.27,104.57,-99.37,-7.4,2.678789656352349,Micro Cap,False
Shyam Dhani Ind.,64.05,15.49,132.3,12.73,25.81,16.98,56.81717377805376,Micro Cap,True
Shyam Metalics,945.75,24.67,26398.9,45.87,26.6,13.01,648.3512716802633,Large Cap,True
Shyam Telecom,20.58,0.0,23.19,33.33,0.0,0.0,15.435385884647117,Micro Cap,False
Shyamkamal Inv,12.88,147.91,34.02,-146.67,-113.51,5.15,-27.59802871223485,Micro Cap,True
Sibar Auto Parts,7.5,0.0,12.39,-1133.33,12.46,-16.58,-0.7258087929315902,Micro Cap,False
Sicagen India,53.19,11.51,210.47,12.34,10.49,5.95,47.347338436888016,Micro Cap,True
Sical Logistics,95.91,589.09,765.22,-134.67,29.65,9.85,-276.6368618402078,Small Cap,True
Siddhes. Garment,19.0,314.5,6.29,50.0,0.0,0.09,12.666666666666666,Micro Cap,True
Siddhi Cotspin,29.25,7.41,71.39,-39.48,19.35,10.64,48.33113020489095,Micro Cap,True
Siddhika Coatins,218.0,14.0,134.7,35.29,13.51,31.93,161.13533890161875,Micro Cap,True
Siemens,3627.9,54.41,129196.96,-9.59,14.6,21.22,4012.7198318770047,Large Cap,True
Siemens Ener.Ind,3685.8,97.35,131258.9,52.21,27.38,67.75,2421.522895998949,Large Cap,True
Sigachi Indust.,24.8,29.12,947.65,-34.89,-4.91,6.24,38.08938719090769,Small Cap,True
Sigma Advanced System,615.05,39.08,10839.62,1400.69,469.05,60.82,40.984480472316065,Mid Cap,True
Sigma Solve,39.02,16.79,401.03,-21.26,4.67,48.33,49.55549911099823,Micro Cap,True
SignatureGlobal,756.5,296.55,10642.9,61.39,112.76,2.6,468.74031848317736,Mid Cap,True
Signet Industrie,47.9,7.26,141.0,-7.56,7.07,13.7,51.81739506707053,Micro Cap,True
Signoria Creatio,105.85,12.02,50.36,0.0,0.0,18.61,105.85,Micro Cap,True
Signpost India,248.1,18.94,1326.09,2183.7,46.08,25.13,10.863948854928406,Small Cap,True
Sihora Indust.,60.0,32.95,31.96,-69.23,32.91,11.48,194.99512512187198,Micro Cap,True
Sika Interplant,1056.05,61.44,2238.92,-1.01,-10.19,35.24,1066.824931811294,Small Cap,True
Sikko Industries,3.83,32.74,167.29,-127.27,-41.7,7.76,-14.044737807114048,Micro Cap,True
Sikozy Realtors,1.81,0.0,8.07,-150.0,0.0,-71.43,-3.62,Micro Cap,False
SIL Investments,421.05,11.8,446.31,-238.29,-1072.41,1.75,-304.46886976643293,Micro Cap,True
Silgo Retail,75.66,41.91,241.42,9.77,-19.06,8.17,68.92593604810058,Micro Cap,True
Silicon Rental,81.64,9.1,93.23,-4.54,11.31,12.57,85.52273203435995,Micro Cap,True
Silkflex Polymer,216.6,20.71,251.41,235.25,199.85,22.46,64.60850111856823,Micro Cap,True
Silky Overseas,115.95,10.89,73.83,-123.46,-47.17,17.88,-494.2455242966754,Micro Cap,True
Silly Monks,16.72,0.0,20.83,-11100.0,-21.64,-17.68,-0.152,Micro Cap,False
Silver Oak (I),78.0,0.0,29.56,-107.14,0.0,-0.32,-1092.4369747899175,Micro Cap,False
Silver Touch,184.59,65.51,2340.79,43.54,17.35,28.93,128.59830012540058,Small Cap,True
Silverline Tech,6.94,0.0,108.21,-5973.33,-89.46,1.47,-0.11816124753759792,Micro Cap,False
Simandhar Impex,145.35,2221.5,44.43,0.0,0.0,1.15,145.35,Micro Cap,True
Simbhaoli Sugar,6.78,0.0,27.99,-85.4,-42.44,-3.14,46.43835616438359,Micro Cap,False
Simca Advertis.,170.15,12.25,203.7,1164.71,107.37,97.5,13.453677127562841,Micro Cap,True
Simm. Marshall,188.85,14.3,211.51,51.71,22.46,19.72,124.48091754004349,Micro Cap,True
Simplex Castings,541.7,20.28,444.15,83.33,-18.39,24.28,295.478099601811,Micro Cap,True
Simplex Infra,253.9,50.95,2008.23,-43.16,0.34,2.4,446.6924700914849,Small Cap,True
Simplex Mills,5415.0,0.0,16.25,-450.0,-100.0,0.0,-1547.142857142857,Micro Cap,False
Simplex Realty,135.9,0.0,40.63,-563.33,3307.69,-0.32,-29.331146267239333,Micro Cap,False
Simran Farms,156.65,14.89,75.35,187.85,4.39,10.86,54.42070522841758,Micro Cap,True
Sinclairs Hotels,78.16,44.27,400.65,-122.75,16.63,10.16,-343.5604395604395,Micro Cap,True
Sindhu Trade,24.99,67.08,3853.28,123.67,-61.24,4.44,11.172709795681136,Small Cap,True
Singer India,70.01,32.75,435.6,42.72,36.7,10.78,49.054091928251125,Micro Cap,True
Sinnar Bidi Udy.,765.0,0.0,30.6,-825.0,22.45,-3.24,-105.51724137931035,Micro Cap,False
Sintercom India,74.24,142.92,204.37,960.0,14.14,5.29,7.00377358490566,Micro Cap,True
Sir Shadi Lal,263.55,0.0,138.36,-7.3,37.63,-153.83,284.3042071197411,Micro Cap,False
Sirca Paints,407.05,35.54,2311.75,25.07,33.07,21.47,325.45774366354846,Small Cap,True
SIS,435.4,17.83,6152.23,92.24,30.96,13.68,226.48772367873488,Mid Cap,True
Sita Enterprises,126.6,8.4,37.98,-117.74,-88.71,29.59,-713.6414881623449,Micro Cap,True
Siti Networks,0.34,0.0,29.65,22.16,-2.12,0.0,0.2783235101506222,Micro Cap,False
Siyaram Recycli.,35.21,20.24,76.72,-89.7,-43.65,7.34,341.8446601941748,Micro Cap,True
Siyaram Silk,645.3,12.68,2927.73,35.71,15.91,20.1,475.49922629135654,Small Cap,True
Sizemasters Tech,368.5,90.54,368.5,24.64,75.68,24.23,295.6514762516046,Micro Cap,True
SJ Corp,91.19,0.0,395.35,-654.55,1.85,0.14,-16.443963574069066,Micro Cap,False
SJS Enterprises,2141.4,40.37,6853.58,45.14,29.73,28.58,1475.4030591153369,Mid Cap,True
SJVN,72.09,44.12,28329.89,7.54,196.68,5.57,67.03552166635671,Large Cap,True
SK Minerals & Additives,377.0,25.47,461.45,72.78,87.9,26.15,218.19655052668134,Micro Cap,True
SKF India,1658.0,51.79,8196.81,-128.78,20.68,13.32,-5760.945100764418,Mid Cap,True
SKF India Indus.,2906.0,38.67,14366.67,-1.93,31.24,56.38,2963.1895584786375,Mid Cap,True
SKIL Infrastr,0.92,2.24,19.92,-195.93,0.0,1.1,-0.9590326279578859,Micro Cap,True
Skipper,533.15,27.96,6021.25,70.33,29.42,23.32,313.0100393354077,Mid Cap,True
SKM Egg Prod.,276.01,14.01,1453.47,414.65,58.93,30.0,53.63062275332751,Small Cap,True
SKP Bearing,155.6,293.52,258.3,0.0,0.0,11.38,155.6,Micro Cap,True
SKP Securities,111.9,7.36,76.19,63.79,27.84,21.7,68.31918920569021,Micro Cap,True
Sky Gold & Diam.,499.15,28.08,7730.53,120.8,80.64,27.02,226.06431159420288,Mid Cap,True
Sky Industries,89.03,11.46,70.25,44.63,9.24,13.24,61.5570766784208,Micro Cap,True
Skybiotech Healthcare,199.95,0.0,38.29,72.22,79.41,-9.32,116.10149808384624,Micro Cap,False
Skyline Millars,15.96,0.0,64.2,-270.37,-100.0,-4.46,-9.367846451840114,Micro Cap,False
Skyline Ventures,22.0,0.0,8.73,-400.0,0.0,-7.7,-7.333333333333333,Micro Cap,False
Slone Infosys.,162.0,9.47,85.36,63.94,143.36,25.97,98.81664023423204,Micro Cap,True
SM Auto Stamping,26.0,10.62,35.59,-10.18,4.79,15.88,28.94678245379648,Micro Cap,True
Smart Finsec,8.29,25.38,24.87,-15.0,13.64,8.41,9.752941176470587,Micro Cap,True
Smarten Power,59.4,12.82,112.86,-56.93,36.18,17.79,137.91502205711632,Micro Cap,True
Smartlink Hold.,179.27,13.6,178.82,78.91,51.84,8.93,100.20121848974345,Micro Cap,True
Smartworks Cowor,489.55,531.22,5593.7,300.24,44.99,8.3,122.31411153308017,Mid Cap,True
SMC Global Sec.,72.27,14.87,1513.33,465.15,22.65,11.38,12.787755463151376,Small Cap,True
Smiths & Founder,10.49,157.34,106.99,-110.81,8.92,4.52,-97.03977798334867,Micro Cap,True
SML Mahindra,4092.9,37.07,5922.43,2.36,16.45,30.92,3998.5345838218054,Mid Cap,True
SMR Jewels,102.8,7.75,191.76,91.95,21.94,71.92,53.55561344100026,Micro Cap,True
Smruthi Organic,116.65,35.61,133.52,-51.57,-23.63,7.99,240.86310138344004,Micro Cap,True
SMS Pharma.,376.55,34.58,3526.47,60.97,-4.13,13.3,233.9255761943219,Small Cap,True
SMT Engineering,423.55,33.16,765.35,466.2,268.84,25.22,74.80572235959025,Small Cap,True
SMVD Poly Pack,11.55,0.0,11.58,57.09,-37.5,5.29,7.352473104589726,Micro Cap,False
Snehaa Organics,44.0,5.56,44.79,0.0,0.0,29.4,44.0,Micro Cap,True
SNL Bearings,380.4,12.66,137.32,-8.21,10.21,20.29,414.4242292188692,Micro Cap,True
Snowman Logistic,37.86,150.26,632.6,41.28,3.87,3.77,26.79784824462061,Small Cap,True
Sobha,1408.0,77.85,15056.14,124.77,60.23,6.9,626.4181162966588,Mid Cap,True
Sobhagya Mercant,907.55,40.14,884.73,-25.2,43.92,23.44,1213.302139037433,Small Cap,True
Sodhani Academy,162.0,26.59,92.26,-23.94,-45.33,26.62,212.98974493820668,Micro Cap,True
Sodhani Capital,56.02,18.94,44.51,17.02,10.8,24.99,47.87215860536661,Micro Cap,True
Sofcom Systems,20.21,88.95,48.92,-71.19,-61.54,0.84,70.14925373134328,Micro Cap,True
Softrak Venture,1.66,467.69,74.83,29.07,8000.0,0.57,1.2861238087859301,Micro Cap,True
Softtech Enginee,440.0,123.29,609.05,5925.0,50.29,6.21,7.3029045643153525,Small Cap,True
Solar Industries,17428.0,94.01,157706.07,69.95,40.9,36.79,10254.780817887615,Large Cap,True
Solara Active,568.05,0.0,2714.37,516.19,41.86,4.86,92.18747464256154,Small Cap,False
Solarium Green,184.25,21.02,384.53,-16.09,69.65,12.93,219.58050291979504,Micro Cap,True
Solarworld Ene.,183.1,13.17,1586.98,419.7,235.47,23.8,35.231864537233015,Small Cap,True
Solex Energy,1091.0,13.3,1178.55,363.47,232.34,34.04,235.39819190023084,Small Cap,True
Solid Stone Co,24.03,25.86,12.93,50.0,18.59,7.22,16.02,Micro Cap,True
Solitaire Mach.,90.35,29.94,41.02,-4.23,19.18,8.26,94.3406077059622,Micro Cap,True
Solve Plastic,19.35,19.2,8.45,100.7,11.13,7.89,9.641255605381167,Micro Cap,True
Solvex Edibles,23.86,305.14,21.36,-122.93,26.31,6.76,-104.05582206716089,Micro Cap,True
Som Distilleries,69.85,101.58,1452.19,-292.98,-46.66,5.68,-36.195460669499425,Small Cap,True
Soma Textiles,94.68,72.57,312.76,965.71,1213.18,2.98,8.884218033048391,Micro Cap,True
Somany Ceramics,513.95,24.9,2107.85,88.57,6.36,12.93,272.5513072068728,Small Cap,True
Somi Conv.Belt.,115.33,27.01,135.85,-34.44,-28.82,9.46,175.91519219036,Micro Cap,True
Sona BLW Precis.,619.25,58.77,38519.51,34.83,52.14,15.11,459.2820588889713,Large Cap,True
Sona Machinery,33.75,0.0,46.32,-470.34,-25.38,-5.9,-9.113247286277476,Micro Cap,False
Sonal Adhesives,48.1,19.3,29.15,74.36,7.61,13.48,27.5866024317504,Micro Cap,True
Sonal Mercantile,93.05,5.34,137.14,-25.45,56.19,6.09,124.81556002682763,Micro Cap,True
Sonalis Consumer,47.0,2.57,22.32,145.75,2.12,47.07,19.125127161749745,Micro Cap,True
Sonam,52.52,28.72,210.25,70.59,100.73,14.14,30.78726771792016,Micro Cap,True
Sonata Software,284.25,15.68,7971.08,42.65,-3.1,30.58,199.26393270241851,Mid Cap,True
Soni Medicare,71.0,0.0,30.28,-205.71,-12.5,-12.07,-67.16488506290794,Micro Cap,False
Sonu Infratech,56.05,5.06,65.94,-12.57,-0.9,19.08,64.10842960082351,Micro Cap,True
Sotac Pharma.,105.0,20.11,116.03,-45.66,27.41,12.55,193.22782480677213,Micro Cap,True
Source Industrie,21.43,203.58,24.43,0.0,200.0,2.63,21.43,Micro Cap,True
Source Natural,108.0,20.45,69.52,96.83,30.86,17.59,54.86968449931413,Micro Cap,True
South Asian Ent.,46.05,0.0,18.42,-300.0,275.0,-3.29,-23.025,Micro Cap,False
South Ind.Bank,45.41,8.17,11888.64,19.09,7.84,6.42,38.130825426148284,Mid Cap,True
South West Pinn.,223.75,21.67,667.45,24.34,5.31,19.16,179.95013672189157,Small Cap,True
South. Magnesium,77.94,179.85,23.38,185.71,11.11,3.65,27.279409191137866,Micro Cap,True
Southern Infocon,22.46,0.0,11.27,-33.33,-40.12,-2.03,33.68831558422079,Micro Cap,False
Southern Latex,29.18,76.71,21.48,19.05,0.0,4.78,24.51070978580428,Micro Cap,True
Sover. Diamonds,21.9,0.0,12.68,-146.15,-47.02,-23.2,-47.45395449620801,Micro Cap,False
SP Refractories,110.75,5.61,19.82,18.75,-25.24,28.59,93.26315789473684,Micro Cap,True
SPA CAPT SER,206.85,72.26,63.59,345.45,-21.84,3.64,46.43618812436862,Micro Cap,True
Space Incubatric,0.18,0.0,6.23,-19500.0,0.0,0.35,-0.0009278350515463917,Micro Cap,False
Spacenet Enterpr,3.85,13.6,218.58,1.75,16.86,9.93,3.7837837837837838,Micro Cap,True
Span Divergent,44.56,0.0,32.36,-7.87,745.45,-29.96,48.366438727884514,Micro Cap,False
Spandana Sphoort,266.8,0.0,2117.37,101.34,-36.33,-5.04,132.5121684712427,Small Cap,False
SPARC,224.92,4.67,7299.14,2987.34,6715.81,165.0,7.285235834083709,Mid Cap,True
Sparc Electrex,4.93,0.0,5.02,-68.9,-100.0,-28.46,15.852090032154344,Micro Cap,False
Sparkle GoldRock,69.85,7.17,31.28,2142.86,654.91,48.14,3.1143272428952313,Micro Cap,True
SPEB Adhesives,86.95,28.43,195.33,-1.23,11.83,22.91,88.03280348283891,Micro Cap,True
Speciality Medi.,200.7,13.53,176.33,205.22,45.39,25.31,65.75584824061332,Micro Cap,True
Speciality Rest.,127.24,25.18,613.75,38.91,13.02,9.14,91.59887697070045,Small Cap,True
Spectrum Electr.,1789.1,63.29,2811.36,95.51,67.88,16.76,915.0938570917087,Small Cap,True
Spectrum Foods,12.19,101.03,29.3,20.43,7.88,1.06,10.122062608984473,Micro Cap,True
Spectrum Talent,55.15,10.39,127.36,0.0,0.0,7.57,55.15,Micro Cap,True
Spel Semiconduct,149.6,0.0,689.96,118.66,-11.02,0.12,68.41672002195189,Small Cap,False
Spencer's Retail,36.0,0.0,324.48,4.14,5.9,-8.41,34.56884962550413,Micro Cap,False
Spenta Intl.,101.25,0.0,27.99,-992.31,13.94,0.74,-11.346953413051518,Micro Cap,False
Spice IslandsInd,530.0,40.27,227.9,98.08,3108.82,62.36,267.5686591276252,Micro Cap,True
Spice LoungeFood,25.09,180.5,1749.08,236.26,35.27,6.42,7.461488134181883,Small Cap,True
SpiceJet,12.6,0.0,1922.89,-1104.04,12.45,9.1,-1.254930082466834,Small Cap,False
Spinaroo Comm.,56.78,73.54,39.71,-89.02,8.74,6.27,517.1220400728597,Micro Cap,True
SPL Industries,31.99,13.14,92.77,34.69,-24.22,3.68,23.75083525131784,Micro Cap,True
SPML Infra,199.07,22.43,1675.17,126.31,53.68,6.76,87.96341301754231,Small Cap,True
Sportking India,178.09,18.9,2263.03,-7.3,1.27,13.0,192.1143473570658,Small Cap,True
SPP Polymer,14.05,0.0,21.62,-5433.33,6.43,-5.5,-0.2634376646485404,Micro Cap,False
Sprayking Ltd,1.08,12.02,22.83,-294.4,58.92,7.99,-0.5555555555555556,Micro Cap,True
Spright Agro,0.49,0.0,52.5,-1001.41,-162.75,-9.8,-0.054359281569984805,Micro Cap,False
Spunweb Nonwoven,108.4,11.33,261.28,67.76,52.29,26.87,64.61611826418694,Micro Cap,True
Square Four Pro.,8.93,0.0,17.52,-42.86,0.0,-1.2,15.628281414070702,Micro Cap,False
Sr.Rayala.Hypo,486.35,8.33,834.81,1.06,1.66,13.99,481.2487631110232,Small Cap,True
Sreechem Resins,31.35,0.0,13.17,94.44,-11.21,-0.6,16.123225673729685,Micro Cap,False
Sreeleathers,218.21,17.56,505.27,82.8,17.95,8.0,119.37089715536106,Small Cap,True
Srestha Finvest,0.24,0.0,42.18,101.76,37.23,-5.57,0.1189532117367169,Micro Cap,False
SRF,2732.9,42.58,81009.94,12.35,7.0,14.61,2432.4877614597244,Large Cap,True
SRG Fingrow Fin,21.0,53.76,11.29,-64.71,-9.23,1.9,59.50694247662226,Micro Cap,True
SRG Housing,296.5,14.33,465.69,49.43,33.87,11.77,198.42066519440542,Micro Cap,True
Sri Chakra Cem.,42.31,0.0,38.08,90.63,9.87,-86.41,22.194827676651105,Micro Cap,False
Sri Havisha,1.28,0.0,19.65,44.21,-3.51,-1.34,0.8875944802718259,Micro Cap,False
Sri KPR Inds.,21.23,7.11,42.78,-30.95,-32.49,5.16,30.745836350470675,Micro Cap,True
Sri Lak.Sar.Arni,29.02,0.0,9.66,13.67,-20.7,-13.79,25.530043107240257,Micro Cap,False
Sri Lotus,150.69,31.06,7364.58,11.45,61.82,21.15,135.2086137281292,Mid Cap,True
Sri Nacha. Cott.,26.6,0.0,11.44,-731.15,-18.73,-5.51,-4.214529034302465,Micro Cap,False
Sri Priyanka Geo,0.0,35.12,344.22,0.0,0.0,25.95,0.0,Micro Cap,True
Sri Ramakr. Mill,54.4,1.97,38.73,7683.33,322.7,30.72,0.6989296355159039,Micro Cap,True
Srigee DLM,87.38,7.6,52.2,104.81,46.25,22.53,42.66393242517455,Micro Cap,True
Srinibas Pradhan,124.5,11.92,97.87,32.26,-17.76,28.57,94.13276878874943,Micro Cap,True
Srivari Spices &,254.4,13.48,218.03,87.94,61.9,29.16,135.36234968607002,Micro Cap,True
Srivasavi Adhes.,69.0,16.46,97.8,17.27,9.74,15.29,58.83857764134049,Micro Cap,True
SRM Contractors,508.65,10.51,1167.06,124.67,95.87,37.14,226.39871811990923,Small Cap,True
SRM Energy Ltd,21.56,44.39,19.53,2388.89,0.0,108.16,0.8662496132814226,Micro Cap,True
SRU Steels,1.92,6.58,11.51,92.0,-87.41,-1.25,1.0,Micro Cap,True
SSMD Agrotech,66.96,10.55,58.03,227.22,82.46,30.73,20.463296864494836,Micro Cap,True
SSPDL Ltd,17.78,1.77,22.99,377.12,1507.87,31.49,3.726525821596244,Micro Cap,True
Stallion India,182.05,48.21,2113.34,-17.63,-27.43,11.76,221.01493262109994,Small Cap,True
Stanbik Agro,33.8,10.33,45.04,11.46,70.79,19.11,30.32478019020276,Micro Cap,True
Standard Battery,48.16,0.0,24.9,7.14,0.0,-41.32,44.95053201418705,Micro Cap,False
Standard Engineering Technology,213.96,53.33,4268.32,31.13,36.28,14.68,163.16632349576759,Small Cap,True
Standard Inds.,15.31,0.0,98.49,-62.02,9.95,-12.79,40.3106898367562,Micro Cap,False
Standard Shoe,17.5,0.0,9.07,33.33,0.0,0.0,13.12532813320333,Micro Cap,False
Standard Surfact,50.91,12.63,42.06,92.37,55.77,10.3,26.46462546135052,Micro Cap,True
Stanley Lifesty.,144.74,57.76,826.84,-93.33,-10.11,6.43,2170.014992503749,Small Cap,True
Stanpacks(India),9.41,0.0,5.74,-160.0,3.55,4.09,-15.683333333333332,Micro Cap,False
Stanrose Mafat.,69.01,0.0,27.4,0.0,0.0,-8.15,69.01,Micro Cap,False
Star Cement,210.65,21.19,8514.06,23.59,11.54,16.68,170.44259244275426,Mid Cap,True
Star Delta Trans,663.0,16.66,198.91,46.36,23.41,18.09,452.9926209346816,Micro Cap,True
Star Health Insu,577.1,60.97,33958.5,21731.37,13.89,8.57,2.643443815023977,Large Cap,True
Star Housing Fin,6.6,7.85,52.12,-75.98,7.45,12.1,27.477102414654457,Micro Cap,True
Star Imaging,88.99,8.04,155.02,-4.94,5.94,26.04,93.61455922575215,Micro Cap,True
Star Paper Mills,138.1,6.58,215.57,-125.75,-1.31,5.03,-536.3106796116504,Micro Cap,True
Starcom Info.,80.29,0.0,40.15,19.44,-15.66,0.0,67.22203616878768,Micro Cap,False
Starlineps Enter,10.13,61.82,367.85,465.91,100.14,7.05,1.7900372850806665,Micro Cap,True
Starlog Enterp.,37.43,0.0,56.02,-89.91,-15.49,-15.05,370.9613478691774,Micro Cap,False
Starsource Multitrade,90.9,0.0,13.64,79.41,0.0,-164.24,50.6660721252996,Micro Cap,False
Starteck Fin.,287.7,12.08,285.12,127.39,-2.12,9.1,126.5227142794318,Micro Cap,True
Std. Capital Mkt,0.4,1.22,98.18,6.9,236.59,16.8,0.3741814780168382,Micro Cap,True
Steel City Sec.,77.35,8.18,116.85,14.68,20.42,14.46,67.44855249389605,Micro Cap,True
Steel Exchange,12.41,58.65,1582.92,159.87,-1.4,9.76,4.775464655404625,Small Cap,True
Steel Str. Wheel,229.87,17.88,3613.11,4.46,19.51,15.98,220.05552364541452,Small Cap,True
Steel Strips Inf,19.44,0.0,16.8,-10.33,3.03,-5.01,21.679491468718634,Micro Cap,False
Steelcast,297.95,34.71,3015.25,-13.41,-6.38,32.39,344.09285136851827,Small Cap,True
Steelco Gujarat,160.55,0.0,101.08,-108.3,1557.14,-12.21,-1934.3373493975914,Micro Cap,False
Steelman Telecom,65.0,0.0,62.9,-271.14,-12.31,-3.56,-37.980600677807644,Micro Cap,False
STEL Holdings,597.6,55.56,1102.9,-94.79,-98.07,1.58,11470.249520153568,Small Cap,True
Stellant Secu.,547.55,14.22,303.12,-2872.22,1684.85,71.73,-19.75131843793061,Micro Cap,True
Stellar Capital,5.7,0.0,14.23,61.5,-33.67,-0.19,3.5294117647058827,Micro Cap,False
Step Two Corp.,21.94,0.0,16.22,-162.96,22.96,-32.15,-34.847522236340524,Micro Cap,False
Sterling & Wils.,246.68,17.35,5760.76,142.99,-22.77,26.78,101.51858101156427,Mid Cap,True
Sterling Green,20.38,0.0,8.64,-88.16,-99.12,-2.49,172.12837837837827,Micro Cap,False
Sterling Powerg.,33.72,17.93,17.75,678.57,2032.5,45.44,4.331017121132332,Micro Cap,True
Sterling Tools,250.94,37.95,912.03,-118.05,11.12,7.23,-1390.2493074792253,Small Cap,True
Sterlite Tech.,613.35,628.63,29941.76,744.4,36.98,7.75,72.63737565135008,Large Cap,True
STL Global,10.21,0.0,28.03,-79.49,-24.8,1.56,49.78059483178936,Micro Cap,False
STL Networks,27.25,0.0,1330.01,-122.42,12.38,0.61,-121.54326494201608,Small Cap,False
Storage Tech,32.0,0.0,41.09,-170.63,-25.89,-4.46,-45.30652697154184,Micro Cap,False
Stove Kraft,779.2,61.44,2579.72,317.24,32.44,11.3,186.7510305819193,Small Cap,True
Stovec Inds.,1699.4,59.39,355.17,-35.66,-4.83,7.52,2641.2806963009016,Micro Cap,True
Stratmont Indus.,61.16,66.52,174.29,-100.0,115.88,11.18,inf,Micro Cap,True
Striders Impex,55.95,18.57,104.16,-0.48,35.91,16.56,56.21985530546624,Micro Cap,True
Strides Pharma,1082.2,17.24,9974.93,28.1,11.18,18.65,844.8087431693989,Mid Cap,True
String Metaverse,7.85,9.34,957.63,176.39,133.6,41.56,2.840189587177539,Small Cap,True
Studds Accessor.,480.15,22.86,1889.55,6.08,11.88,22.74,452.63009049773757,Small Cap,True
Studio LSD,9.5,0.0,49.3,-47.47,-21.72,-1.38,18.084903864458404,Micro Cap,False
Stylam Industrie,3326.2,37.71,5637.26,30.82,6.66,26.98,2542.5775875248432,Mid Cap,True
Styrenix Perfor.,2334.4,22.21,4106.21,33.83,-12.09,15.07,1744.302473287006,Small Cap,True
Suba Hotels,117.65,15.84,285.21,7.95,41.6,16.9,108.98564150069478,Micro Cap,True
Subam Papers,220.65,56.25,606.33,-152.83,4.81,5.02,-417.6604202157863,Small Cap,True
Subex,11.72,20.59,660.64,157.1,3.34,13.07,4.558537534033451,Small Cap,True
Subhash Silk,88.2,0.0,37.4,100.0,-66.67,-6.91,44.1,Micro Cap,False
Subros,835.45,31.79,5450.12,6.77,15.55,19.75,782.4763510349349,Mid Cap,True
Sudal Industries,38.06,0.0,31.85,-82.53,12.06,14.83,217.8591871780195,Micro Cap,False
Sudarshan Chem.,891.25,417.53,7095.03,203.04,106.75,5.51,294.1030887011616,Mid Cap,True
Sudarshan Colorants,364.15,17.42,840.52,-64.46,-4.17,11.41,1024.6201463140121,Small Cap,True
Sudarshan Pharma,39.44,40.74,949.16,24.91,36.72,15.13,31.574733808342007,Small Cap,True
Sudeep Pharma,809.2,52.86,9139.8,10.61,15.73,28.07,731.5794231986258,Mid Cap,True
Suditi Industrie,79.99,37.45,392.49,-2.75,-14.2,19.98,82.25192802056554,Micro Cap,True
Sugal & Damani,58.07,8.79,36.29,-62.58,-25.38,19.34,155.18439337252806,Micro Cap,True
Sugs Lloyd,123.5,9.99,286.69,58.95,57.47,29.04,77.69738911607423,Micro Cap,True
Sujala Trading &,18.42,0.0,10.54,-95.45,-73.33,-0.1,404.835164835165,Micro Cap,False
Sukhjit Starch,178.64,20.66,558.14,421.07,11.66,7.62,34.283301667722185,Small Cap,True
Sula Vineyards,154.34,48.13,1303.36,-33.31,7.32,7.55,231.42899985005246,Small Cap,True
Sulabh Engineers,2.73,31.53,27.43,-328.57,42.5,4.69,-1.1943824648904056,Micro Cap,True
Sumedha Fiscal,38.44,12.68,30.69,-951.85,71.62,4.91,-4.512531548981628,Micro Cap,True
Sumeet Industrie,27.2,69.71,1889.72,100.25,9.34,13.23,13.583021223470661,Small Cap,True
Sumeru Industrie,1.62,166.57,11.66,33.33,0.0,0.48,1.215030375759394,Micro Cap,True
Sumit Woods,40.1,31.67,191.91,-74.1,-13.88,6.55,154.82625482625483,Micro Cap,True
Sumitomo Chemi.,435.3,39.19,21727.81,12.4,1.01,23.46,387.2775800711743,Large Cap,True
Summit Securitie,1524.4,15.88,1661.87,-400.86,16.51,1.52,-506.68084823505944,Small Cap,True
Sun Pharma.Inds.,1862.8,35.82,446948.12,13.58,12.76,20.53,1640.077478429301,Large Cap,True
Sun TV Network,513.5,13.55,20236.25,-32.4,-6.3,16.51,759.6153846153846,Large Cap,True
Suncare Traders,0.43,16.62,10.97,-560.0,-46.88,2.15,-0.09347826086956522,Micro Cap,True
Sundaram Brake,815.85,124.9,321.0,465.91,-6.73,4.35,144.16603346821933,Micro Cap,True
Sundaram Clayton,1329.1,0.0,2930.16,-44.36,-11.72,-3.07,2388.7491013659237,Small Cap,False
Sundaram Finance,4627.1,24.31,51408.87,1.41,13.34,9.45,4562.765013312297,Large Cap,True
Sundaram Multi.,1.35,23.18,63.97,211.58,11.85,3.8,0.43327556325823224,Micro Cap,True
Sundram Fasten.,929.0,32.34,19520.93,29.71,10.63,17.6,716.2130907408836,Mid Cap,True
Sundrex Oil,25.7,6.47,34.42,-16.18,96.29,21.24,30.660940109759004,Micro Cap,True
Sundrop Brands,661.75,123.92,2494.59,-65.94,27.21,1.97,1942.8948913681738,Small Cap,True
Sunflag Iron,345.15,29.88,6220.27,-20.74,13.31,4.06,435.4655563966692,Mid Cap,True
Sungarner Energ.,183.3,11.1,42.5,234.52,124.85,23.45,54.79493004902547,Micro Cap,True
Sungold Capital,2.96,136.25,5.45,-25.0,-35.0,0.35,3.9466666666666668,Micro Cap,True
Sungold Media,10.87,598.0,11.96,0.0,25.81,0.34,10.87,Micro Cap,True
Sunil Agro Foods,84.94,53.15,25.51,340.0,-24.13,9.02,19.30454545454545,Micro Cap,True
Sunil Healthcare,67.01,16.72,68.72,355.56,-6.98,6.52,14.709368689085961,Micro Cap,True
Sunil Industries,86.5,7.9,36.33,-47.27,88.68,11.41,164.04323914280297,Micro Cap,True
Sunita Tools Ltd,698.45,67.38,438.66,103.57,118.19,10.52,343.10065333791823,Micro Cap,True
Sunlite Recycli.,440.45,15.15,608.08,257.84,116.13,46.52,123.08573664207468,Small Cap,True
Sunraj Diamond,11.75,0.0,6.26,92.31,-97.83,-1.02,6.10992668087983,Micro Cap,False
Sunrakshakk Inds,326.1,28.91,1011.13,87.89,92.32,29.25,173.55899728564586,Small Cap,True
Sunrest Lifescie,35.05,7.3,30.08,0.0,0.0,28.55,35.05,Micro Cap,True
Sunrise Efficie.,59.1,11.4,113.24,-5.4,20.2,15.24,62.47357293868922,Micro Cap,True
Sunshield Chem.,1173.15,34.86,1031.77,85.71,-0.58,19.9,631.7107317861182,Small Cap,True
Sunsky Logistics,43.75,19.09,54.4,-12.5,11.83,20.01,50.0,Micro Cap,True
Suntech Infra.,38.2,5.38,73.97,10.62,14.61,16.35,34.53263424335563,Micro Cap,True
Sunteck Realty,319.0,22.92,4684.26,26.51,64.54,7.54,252.1539799225358,Small Cap,True
Super Bakers (I),39.5,25.38,11.93,-7.14,0.0,10.65,42.53715270299376,Micro Cap,True
Super Crop Safe,10.65,27.67,55.34,70.91,30.8,4.86,6.231349833245568,Micro Cap,True
Super Iron,45.5,6.39,106.44,338.44,36.17,8.97,10.37770276434632,Micro Cap,True
Super Sales Ind.,825.6,68.5,253.46,14.2,-2.21,2.71,722.9422066549913,Micro Cap,True
Super Spinning,5.46,0.0,30.03,46.0,-13.68,2.96,3.73972602739726,Micro Cap,False
Super Tannery,7.06,11.33,76.23,46.24,-17.04,8.23,4.827680525164113,Micro Cap,True
Superhouse Ltd,159.64,47.83,176.0,-244.94,-11.98,4.15,-110.14212777701118,Micro Cap,True
Superior Finleas,1.69,101.4,5.07,125.0,10.0,0.12,0.7511111111111111,Micro Cap,True
Superior Indus.,32.1,32.69,44.46,-102.16,-34.57,2.44,-1486.1111111111068,Micro Cap,True
Supershakti Met.,240.0,9.72,276.61,137.09,-3.44,11.34,101.22738200683285,Micro Cap,True
Supertech EV,39.93,12.56,49.35,-96.18,-10.76,14.43,1045.287958115186,Micro Cap,True
Supertex Inds.,5.8,41.12,6.58,104.0,-22.39,5.53,2.8431372549019605,Micro Cap,True
Supra Pacific,33.5,20.89,164.62,288.89,59.25,11.99,8.614261102111136,Micro Cap,True
Supra Trends,15.37,0.0,36.36,48.28,2877.78,-7.17,10.3655246830321,Micro Cap,False
Suprajit Engg.,468.4,34.29,6425.1,161.05,18.82,15.98,179.4292281172189,Mid Cap,True
Supreme Engg.,1.38,0.0,34.49,111.86,45.15,-37.17,0.6513735485698102,Micro Cap,False
Supreme Facility,23.35,5.19,57.98,97.93,31.24,10.39,11.797099984843127,Micro Cap,True
Supreme Holdings,47.63,471.97,184.07,95.27,1223.53,0.11,24.39186767040508,Micro Cap,True
Supreme Inds.,3421.9,46.6,43467.32,47.5,16.54,20.73,2319.9322033898306,Large Cap,True
Supreme Infra.,71.29,0.0,695.1,86.46,314.27,0.0,38.233401265687014,Small Cap,False
Supreme Petroch.,740.5,42.9,13924.46,59.18,3.12,18.79,465.19663274280686,Mid Cap,True
Supreme Power,256.8,31.4,641.77,-3.84,21.62,21.51,267.0549084858569,Small Cap,True
Supriya Lifesci.,928.15,35.66,7470.01,47.34,50.2,25.13,629.937559386453,Mid Cap,True
Suraj,228.53,62.27,419.67,142.57,-26.08,7.11,94.21198004699674,Micro Cap,True
Suraj Estate,191.61,10.14,915.39,-41.22,-27.62,14.54,325.97822388567545,Small Cap,True
Suraj Industries,59.84,0.0,138.5,84.8,233.12,1.25,32.38095238095239,Micro Cap,False
Suraj Products,228.0,13.79,259.92,64.94,8.87,14.73,138.2320843943252,Micro Cap,True
Suraksha Diagno.,271.65,43.95,1414.77,-15.02,25.07,16.97,319.663450223582,Small Cap,True
Surana Solar,27.13,107.66,133.5,128.17,440.08,3.15,11.890257264320462,Micro Cap,True
Surana Telecom,19.06,10.43,258.76,-10.06,400.21,13.35,21.191905714921056,Micro Cap,True
Surani Steel Tub,108.8,231.73,169.16,-104.21,-63.8,0.76,-2584.3230403800458,Micro Cap,True
Surat Trade,5.02,10.15,111.48,89.0,519.81,6.32,2.656084656084656,Micro Cap,True
Suratwwala Busi.,25.55,11.69,443.08,103.37,171.5,30.85,12.563308255888282,Micro Cap,True
Surbhi Industrie,98.9,17.09,34.0,66.04,-2.88,10.63,59.563960491447844,Micro Cap,True
Surya Roshni,261.56,19.92,5692.48,-24.44,0.81,15.84,346.1619904711487,Mid Cap,True
Suryaamba Spinni,116.2,11.06,34.07,-9.52,-13.81,8.22,128.4261715296198,Micro Cap,True
Suryalak. Cott.,62.5,39.84,117.53,-61.24,-2.38,6.36,161.24871001031994,Micro Cap,True
Suryalata Spg.,447.1,5.38,190.78,29.93,-14.1,14.05,344.108366043254,Micro Cap,True
Suryavanshi Spg.,16.73,15.2,8.21,-88.33,157.35,15.73,143.35904027420733,Micro Cap,True
Suryo Foods,18.85,0.0,13.06,-271.43,0.0,-111.54,-10.995741702152483,Micro Cap,False
Suryoday Small,171.98,12.03,1827.97,247.19,27.84,7.33,49.53483683285809,Small Cap,True
Susan Electrical,222.5,24.8,452.36,0.0,0.0,37.0,222.5,Micro Cap,True
Sustainable Ener,123.0,29.74,3985.2,23.01,1.77,5.83,99.99187057962767,Small Cap,True
Sutlej Textiles,37.28,0.0,610.75,46.07,2.14,-2.17,25.522009995207775,Small Cap,False
Suven Life Scie.,267.25,0.0,7055.2,-3.78,3.4,-76.92,277.7489087507795,Mid Cap,False
Suvidhaa Info.,2.69,0.0,56.44,77.34,-60.0,-28.03,1.516860268410962,Micro Cap,False
Suyog Gurbaxani,89.8,37.52,223.26,-104.85,-25.17,9.65,-1851.5463917525778,Micro Cap,True
Suyog Telematics,804.75,15.14,942.94,202.61,5.35,14.42,265.93635372261326,Small Cap,True
Suzlon Energy,57.14,24.62,77896.37,-5.74,44.94,35.07,60.61956291109696,Large Cap,True
Svam Software,6.58,123.44,11.11,86.36,0.0,2.55,3.5308006009873365,Micro Cap,True
Svaraj Trading,8.0,21.07,11.8,82.61,0.0,1.07,4.380921088658891,Micro Cap,True
SVC Industries,2.25,0.0,36.7,17.02,-36.36,-0.56,1.9227482481627074,Micro Cap,False
SVP Global,3.94,0.0,49.84,70.28,-100.0,-16.15,2.3138360347662674,Micro Cap,False
SVS Ventures,5.68,11.89,12.13,9900.0,0.0,4.21,0.056799999999999996,Micro Cap,True
SW Investments,100.0,37.5,9.0,0.0,62.5,3.98,100.0,Micro Cap,True
Swadeshi Inds,84.52,114.99,195.48,82.5,395.77,13.95,46.31232876712329,Micro Cap,True
Swadeshi Polytex,37.13,14481.0,144.81,284.0,-100.0,1.33,9.669270833333334,Micro Cap,True
Swagtam Trading,72.0,77.91,8.57,162.5,20.0,2.14,27.428571428571427,Micro Cap,True
Swan Corp,318.25,36.39,9975.77,1693.84,1.62,3.87,17.741270124425814,Mid Cap,True
Swan Defence,2215.6,0.0,11672.26,-588.38,4712.22,-7.55,-453.6631311683525,Mid Cap,False
Swaraj Engines,3954.0,24.26,4804.06,20.12,20.18,58.38,3291.7082917082917,Small Cap,True
Swaraj Suiting,266.8,13.11,703.96,34.57,22.42,17.92,198.26112803745266,Small Cap,True
Swarna Securitie,92.0,44.52,27.6,-84.21,0.0,11.34,582.6472450918301,Micro Cap,True
SwarnsaritaJewel,31.38,5.4,65.52,-70.78,49.9,10.65,107.39219712525666,Micro Cap,True
Swashthik Plas.,23.5,5.69,45.75,1.6,6.98,9.42,23.12992125984252,Micro Cap,True
Swasth Foodtech,18.44,0.0,10.8,106.78,38.16,0.29,8.917690298868363,Micro Cap,False
Swasti Vin. Art,3.7,5.73,33.3,189.47,236.39,22.91,1.2781980861574602,Micro Cap,True
Swasti Vinayaka,3.82,11.27,34.38,145.1,-35.09,16.81,1.5585475316197472,Micro Cap,True
Swastik Pipe,17.9,0.0,41.58,-396.84,-61.6,-20.6,-6.0301846112383775,Micro Cap,False
Swastika Castal,63.6,15.83,51.92,0.0,9.62,19.61,63.6,Micro Cap,True
Swastika Investm,61.34,9.5,123.28,970.37,-0.66,20.39,5.730728626549698,Micro Cap,True
Swati Projects,32.88,4.64,33.21,1584.62,4144.44,62.36,1.9517754745877411,Micro Cap,True
Swelect Energy,612.5,16.42,928.47,16.19,-7.49,8.52,527.153799810655,Small Cap,True
Swiggy,240.75,0.0,66454.55,25.99,44.74,-24.06,191.0865941741408,Large Cap,False
Swiss Military,16.5,49.01,389.63,-38.7,7.94,8.18,26.916802610114193,Micro Cap,True
Switching Tech.,97.19,0.0,23.81,-192.7,11.76,0.0,-104.84358144552321,Micro Cap,False
Swojas Foods,9.04,43.31,38.55,-109.26,65.88,8.55,-97.62419006479479,Micro Cap,True
Sylph Industries,0.26,4.21,32.06,1200.0,13716.67,7.41,0.02,Micro Cap,True
Sylvan Plyboard,50.0,13.47,96.87,-2.85,-1.63,9.87,51.46680391147709,Micro Cap,True
Symbiox Investme,1.6,33.4,5.01,103.33,-33.6,0.66,0.786898145871244,Micro Cap,True
Symphony,682.1,0.0,4684.08,-198.73,-30.74,20.37,-690.8741010837639,Small Cap,False
Syncom Formul.,13.89,17.18,1305.66,40.48,-9.74,26.84,9.8875284738041,Small Cap,True
Synergy Green,583.95,179.37,907.63,-89.58,22.13,9.28,5604.126679462569,Small Cap,True
Syngene Intl.,436.5,46.89,17620.16,-16.84,1.82,10.12,524.8917748917748,Mid Cap,True
Synoptics Techno,67.0,13.89,56.82,18.97,39.35,7.22,56.3167185004623,Micro Cap,True
Syrma SGS Tech.,1440.5,86.53,27777.23,55.84,58.49,16.73,924.3454825462012,Large Cap,True
Syschem (India),42.75,19.27,210.6,278.26,84.53,15.93,11.30175011896579,Micro Cap,True
Systango Tech,231.6,10.66,339.73,-3.28,17.02,32.99,239.45409429280394,Micro Cap,True
Systematic Inds.,187.5,19.92,418.71,4.17,6.03,17.45,179.9942401843141,Micro Cap,True
Systematix Corp.,62.98,60.64,859.92,-448.48,-20.69,8.49,-18.07277318640955,Small Cap,True
Systematix Sec.,11.02,0.0,5.51,100.0,14.29,-0.69,5.51,Micro Cap,False
T & I Global,165.7,12.06,83.97,102.16,55.67,10.54,81.96478037198257,Micro Cap,True
T B Z,185.67,6.12,1238.99,612.75,56.74,21.36,26.049807085233248,Small Cap,True
T N Merc. Bank,732.6,8.68,11600.83,28.01,15.56,7.51,572.2990391375674,Mid Cap,True
T N Newsprint,144.99,4.05,1003.48,986.35,-4.88,6.4,13.346527362268146,Small Cap,True
T N Petro Prod.,94.0,9.18,845.72,-89.02,-72.62,10.91,856.1020036429871,Small Cap,True
T N Steel Tubes,23.0,196.5,11.79,20.0,26.14,5.25,19.166666666666668,Micro Cap,True
T N Telecom.,8.98,0.0,41.02,33.15,0.0,0.0,6.7442733758918525,Micro Cap,False
T R I L,334.45,37.97,10039.05,-2.55,15.7,23.3,343.2016418676244,Mid Cap,True
T T,6.81,606.59,175.91,116.79,-8.64,5.91,3.1412888048341707,Micro Cap,True
T.V. Today Netw.,124.89,28.77,745.2,14.71,-14.33,4.55,108.87455322116642,Small Cap,True
TAAL Tech,3191.7,17.63,994.64,41.35,27.63,32.73,2258.012026883622,Small Cap,True
TAC Infosec,389.0,36.35,817.92,37.44,53.48,38.14,283.0325960419092,Small Cap,True
Tacent Projects,49.14,1725.0,17.25,40.0,-97.0,10.53,35.1,Micro Cap,True
Tahmar Enterp.,4.98,0.0,77.58,-84.54,-3.03,-2.39,32.21216041397155,Micro Cap,False
Tai Industries,25.09,150.5,15.05,0.0,2.94,0.83,25.09,Micro Cap,True
Tainwala Chem.,197.89,17.17,185.23,29.09,-74.95,8.18,153.29614997288712,Micro Cap,True
TajGVK Hotels,333.0,13.55,2087.96,36.09,27.06,13.25,244.69101330002204,Small Cap,True
Take Solutions,28.02,97.3,414.51,1353.33,0.0,18.51,1.9279860733625538,Micro Cap,True
Takyon Networks,21.66,8.5,31.02,0.0,0.0,11.66,21.66,Micro Cap,True
Talbros Auto.,406.5,24.1,2509.25,18.96,14.91,18.56,341.71149966375253,Small Cap,True
Talbros Engg.,710.1,12.36,360.48,79.51,15.03,16.79,395.5768480864576,Micro Cap,True
Tamboli Industri,225.61,21.84,223.81,63.35,14.9,11.82,138.11447811447812,Micro Cap,True
Tandhan Industries,143.8,0.0,715.73,-140.0,0.0,-0.32,-359.5000000000001,Small Cap,False
Taneja Aerospace,296.25,44.62,755.45,-16.5,-6.79,15.6,354.79041916167665,Small Cap,True
Tanfac Inds.,2410.1,68.55,4808.15,-20.67,12.29,23.66,3038.068826421278,Small Cap,True
Tankup Engi.,980.0,108.56,518.91,174.0,162.73,18.95,357.6642335766423,Small Cap,True
Tanla Platforms,520.05,13.55,6896.77,14.48,14.95,26.22,454.27148846960165,Mid Cap,True
Tanvi Foods,59.23,35.34,75.98,745.0,31.76,5.6,7.009467455621302,Micro Cap,True
Taparia Tools,33.64,0.34,51.06,24.69,9.85,49.98,26.97890769107386,Micro Cap,True
Tapi Fruit,49.0,0.0,21.07,1.2,60.84,-5.97,48.41897233201581,Micro Cap,False
Tara Chand Infra,57.12,16.24,450.25,9.03,9.7,18.25,52.389250664954595,Micro Cap,True
Tarai Foods,5.29,0.0,9.38,58.33,0.0,0.0,3.341122971009916,Micro Cap,False
Tarapur Trans,18.48,0.0,36.04,94.74,0.0,5.72,9.489575844716033,Micro Cap,False
TARC Ltd,123.77,191.53,3652.41,101.55,1665.65,2.26,61.40907963284544,Small Cap,True
Tarini Internat.,9.6,7.56,12.48,17.86,11.61,1.57,8.145257084676736,Micro Cap,True
Tarmat,50.9,20.45,127.58,419.3,12.36,3.57,9.80165607548623,Micro Cap,True
Tarsons Products,259.03,91.51,1378.2,-60.59,7.31,4.56,657.2697284953057,Small Cap,True
Tasty Bite Eat.,8478.0,61.06,2175.45,-2.91,-11.99,13.9,8732.104233185704,Small Cap,True
Tasty Dairy,4.71,0.0,9.62,95.63,-100.0,-5.36,2.4076061953688086,Micro Cap,False
Tata Capital,363.65,31.64,154364.66,42.82,9.12,8.58,254.6212015123932,Large Cap,True
Tata Chemicals,746.2,70.15,19010.19,-1619.44,-2.02,3.42,-49.110198494182065,Mid Cap,True
Tata Comm,1991.9,53.83,56772.49,-14.46,9.41,14.63,2328.6181903203183,Large Cap,True
Tata Consumer,1131.3,72.89,111958.57,34.33,17.91,9.24,842.1797066924738,Large Cap,True
Tata Elxsi,4028.3,36.06,25094.97,27.8,9.4,30.0,3152.0344287949924,Large Cap,True
Tata Inv.Corpn.,678.85,79.2,34346.62,69.22,143.34,1.57,401.1641649923177,Large Cap,True
Tata Motors,431.9,40.18,159039.89,34.91,19.37,35.9,320.13935216069973,Large Cap,True
Tata Motors PVeh,353.2,1.51,130068.83,-24.63,7.19,2.73,468.6214674273583,Large Cap,True
Tata Power Co.,388.95,32.31,124282.73,1.65,-12.84,10.53,382.6364977865224,Large Cap,True
Tata Steel,188.71,20.82,235576.64,116.55,12.54,12.52,87.14384668667745,Large Cap,True
Tata Technolog.,748.35,49.56,30386.89,-8.66,22.29,20.9,819.301510838625,Large Cap,True
Tata Tele. Mah.,42.78,0.0,8363.18,73.28,-4.13,55.65,24.688365650969526,Mid Cap,False
Tatia Global,2.38,6.34,36.09,-87.5,-47.37,16.62,19.04,Micro Cap,True
Tatva Chintan,1180.7,65.68,2761.9,901.94,24.36,7.14,117.84138770784676,Small Cap,True
Taurian MPS,313.0,17.15,278.04,122.74,54.8,29.74,140.52258238304748,Micro Cap,True
Taylormade Renew,90.22,61.46,111.85,-47.1,7.77,3.39,170.54820415879018,Micro Cap,True
TBI Corn,64.75,6.4,117.58,32.52,41.68,18.26,48.86054935104135,Micro Cap,True
TBO Tek,1460.8,65.46,15862.5,16.86,82.54,18.0,1250.0427862399451,Mid Cap,True
TCC Concept,329.25,24.82,1564.86,70.89,160.38,5.65,192.66779799871264,Small Cap,True
TCFC Finance,23.56,0.0,24.69,-82.24,-118.01,-3.17,132.65765765765758,Micro Cap,False
TCI Express,533.35,24.66,2049.08,-9.5,6.77,13.86,589.3370165745856,Small Cap,True
TCI Finance,18.53,0.0,23.85,-97.57,0.0,0.0,762.551440329215,Micro Cap,False
TCI Industries,1425.0,261.73,128.25,134.88,60.91,4.33,606.6927792915532,Micro Cap,True
TCM,44.27,0.0,33.1,-140.94,-35.69,-9.58,-108.13385442110406,Micro Cap,False
TCPL Packaging,2997.3,25.61,2727.54,-36.69,6.45,17.92,4734.323171694835,Small Cap,True
TCS,2094.7,14.48,757880.79,12.22,9.65,63.03,1866.6013188379966,Large Cap,True
TD Power Systems,1255.1,82.12,19608.23,36.16,69.21,33.43,921.783196239718,Mid Cap,True
Team India Guar.,236.0,294.67,212.16,-195.83,59.18,2.89,-246.2694354586246,Micro Cap,True
Team Lease Serv.,1450.2,16.81,2431.83,25.6,2.34,15.36,1154.6178343949045,Small Cap,True
Team24 Consumer,28.5,235.81,73.1,40.0,382.61,2.39,20.357142857142858,Micro Cap,True
Teamo Production,0.48,526.2,52.62,-4900.0,-3.98,0.35,-0.01,Micro Cap,True
Teamtech Formwork,102.85,26.6,308.3,0.0,0.0,41.17,102.85,Micro Cap,True
Tech Mahindra,1437.1,28.17,140844.13,16.04,12.64,23.14,1238.4522578421231,Large Cap,True
TechD Cybersec.,605.95,32.28,453.23,149.84,98.76,40.88,242.53522254242716,Micro Cap,True
Techera Enginee.,168.25,123.54,277.96,-86.14,-24.21,7.59,1213.9249639249645,Micro Cap,True
Techknowgreen,142.0,10.76,104.83,75.39,24.76,28.1,80.96242659216603,Micro Cap,True
Technichem Org.,48.06,30.61,83.25,-20.86,-5.75,6.32,60.72782410917362,Micro Cap,True
Techno Elec.Engg,1087.1,28.18,12642.93,-14.96,23.81,14.85,1278.3396048918155,Mid Cap,True
Technocraf.Inds.,2559.0,20.34,5801.97,15.33,1.34,16.1,2218.8502557877396,Mid Cap,True
Technopack Poly.,12.5,11.16,13.5,-6.9,-44.03,7.81,13.42642320085929,Micro Cap,True
Technvision Ven.,4900.0,13987.27,3077.2,-410.84,70.55,12.87,-1576.3736970788832,Small Cap,True
TECIL Chemical,10.35,0.0,19.62,-60.0,0.0,0.0,25.874999999999996,Micro Cap,False
Teerth Gopicon,16.75,0.0,20.1,-300.95,-98.76,27.59,-8.335406817616322,Micro Cap,False
Teesta Agro Ind.,108.7,7.41,60.98,-15.63,-17.24,8.88,128.83726443048477,Micro Cap,True
Tega Inds.,1730.2,91.12,12998.59,-58.13,-1.74,8.09,4132.314306185814,Mid Cap,True
Tejas Cargo,390.0,44.63,931.82,-19.92,31.48,12.13,487.012987012987,Small Cap,True
Tejas Networks,622.75,0.0,11075.67,-194.35,-82.55,-14.64,-660.042395336513,Mid Cap,False
Tejassvi Aaharam,44.62,0.0,31.23,-110.53,46.04,-78.79,-423.7416904083573,Micro Cap,False
Tejnaksh Health.,15.31,25.28,31.1,-29.41,-20.56,6.28,21.688624451055393,Micro Cap,True
TeleCanor Global,19.07,4.4,31.45,2364.29,0.0,16.44,0.7738537266312,Micro Cap,True
Telge Projects,150.25,24.76,147.1,-19.36,13.75,23.85,186.3219246031746,Micro Cap,True
Telogica,9.5,43.4,62.06,100.0,89.45,7.78,4.75,Micro Cap,True
Tembo Global,554.35,11.26,1028.05,83.56,26.27,22.84,301.99934626280236,Small Cap,True
Tenneco Clean,578.8,37.47,23360.62,18.87,17.09,60.76,486.91848237570446,Large Cap,True
Tera Software,408.55,20.61,511.17,144.75,122.71,24.37,166.92543411644536,Small Cap,True
Terai Tea Co,129.0,17.13,88.74,115.9,79.72,3.87,59.74988420565077,Micro Cap,True
Texel Industries,70.96,22.17,99.99,-146.57,-37.94,10.42,-152.3727721709255,Micro Cap,True
Texmaco Infrast.,110.23,128.51,1404.62,-46.02,31.23,1.45,204.2052612078548,Small Cap,True
Texmaco Rail,110.0,22.68,4475.51,45.21,-13.32,11.38,75.75235865298534,Small Cap,True
Texmo Pipes,46.18,9.6,134.82,-73.74,-1.17,9.19,175.8568164508758,Micro Cap,True
TGB Banquets,8.93,18.29,26.15,-58.24,-10.01,3.14,21.38409961685824,Micro Cap,True
TGIF Agribusines,95.0,12.17,24.58,24.68,7.43,17.84,76.19505935194097,Micro Cap,True
TGV Sraac,102.75,8.33,1100.35,28.87,4.99,12.67,79.73151237681384,Small Cap,True
Thaai,100.0,19.09,243.41,15.85,21.21,13.08,86.31851532153647,Micro Cap,True
Thacker & Co.,1153.0,6.54,125.41,-24.09,-33.33,2.3,1518.9039652219733,Micro Cap,True
Thakkers Develp.,135.0,23.78,121.5,-154.97,-22.65,4.55,-245.58850281971982,Micro Cap,True
Thakral Services,13.8,0.0,16.19,0.0,266.67,0.0,13.8,Micro Cap,False
Thangamayil Jew.,5594.2,49.2,17387.9,354.33,105.63,25.49,1231.3076398212752,Mid Cap,True
The Anup Enginee,2297.9,41.27,4603.03,-15.85,-6.24,20.68,2730.718954248366,Small Cap,True
The Bombay Burmah,1556.7,8.99,10861.39,39.72,6.62,33.0,1114.1568851989693,Mid Cap,True
The Byke Hospi.,33.64,26.25,175.87,118.18,3.92,5.72,15.418461820515171,Micro Cap,True
The Hi-Tech Gear,641.65,57.54,1207.17,-16.56,6.39,6.92,768.9956855225311,Small Cap,True
The Invest.Trust,98.76,17.54,515.94,6.78,-43.48,8.54,92.48923019292002,Small Cap,True
The Peria Karamalai Tea,764.65,0.0,236.73,-190.8,21.36,0.27,-842.1255506607928,Micro Cap,False
The Ramco Cement,919.1,83.76,21717.63,307.09,8.89,6.12,225.77317055196642,Large Cap,True
The Ravalgaon,954.75,0.0,32.46,-3800.0,0.0,-16.7,-25.804054054054053,Micro Cap,False
Thejo Engg.,1822.2,38.58,1976.57,4.07,18.26,19.4,1750.936869414817,Small Cap,True
Themis Medicare,114.33,638.17,1052.98,192.03,6.74,2.74,39.15008731979591,Small Cap,True
Thermax,4828.8,85.02,57538.19,17.86,12.53,14.88,4097.064313592398,Large Cap,True
Thinking Hats,13.0,13.09,16.23,-80.08,-61.15,5.96,65.26104417670682,Micro Cap,True
Thinkink Picture,0.19,19.87,27.02,124.36,-99.61,1.16,0.08468532715279016,Micro Cap,True
Thirani Projects,3.92,16.85,7.92,-88.24,16.67,5.92,33.33333333333332,Micro Cap,True
Thirumalai Chem.,162.24,0.0,1955.85,-42.39,-18.89,-3.14,281.61777469189377,Small Cap,False
Thomas Cook (I),111.5,23.54,5244.74,-40.92,-10.07,14.83,188.72714962762356,Mid Cap,True
Thomas Scott,320.8,23.21,470.63,63.22,63.4,20.54,196.54454111015806,Micro Cap,True
Three M Paper,27.0,7.24,51.94,-4.4,10.25,7.41,28.242677824267783,Micro Cap,True
Thrive Future Habitats,97.9,0.0,110.82,-261.11,-28.79,-3.66,-60.76593631680219,Micro Cap,False
Thyrocare Tech.,517.2,51.19,8232.03,117.14,19.66,35.38,238.1873445703233,Mid Cap,True
Tierra Agrotech,37.02,0.0,242.83,74.7,345.88,-6.53,21.190612478534636,Micro Cap,False
Tiger Logistics,37.95,18.64,401.23,-65.53,41.97,17.62,110.09573542210619,Micro Cap,True
Tijaria Polypipe,4.25,0.0,12.17,-1400.0,0.0,-1.88,-0.3269230769230769,Micro Cap,False
TIL,207.37,0.0,1709.64,-144.98,7.21,2.6,-461.02712316585155,Small Cap,False
Tilak Ventures,1.24,17.23,165.8,151.63,120.09,7.35,0.49278702857369944,Micro Cap,True
Tilaknagar Inds.,433.8,42.46,10735.42,-38.42,147.52,11.78,704.449496589802,Mid Cap,True
Time Technoplast,182.08,19.18,8988.11,20.38,14.16,16.71,151.2543611895664,Mid Cap,True
Times Green Ener,64.0,162.18,35.68,-72.73,-56.6,1.74,234.69013568023473,Micro Cap,True
Timescan Logist.,42.0,4.64,29.35,9.34,24.39,25.91,38.41229193341869,Micro Cap,True
Timex Group,507.5,64.63,5123.21,212.12,73.69,92.77,162.59771882609252,Mid Cap,True
Timken India,3653.7,68.99,27482.67,-17.15,14.19,18.26,4410.018105009052,Large Cap,True
Tinna Rubber,926.15,31.57,1668.53,31.19,21.64,22.31,705.9608201844652,Small Cap,True
TIPCO Engineering,190.8,15.66,396.25,156.99,65.51,36.23,74.24413401299661,Micro Cap,True
Tips Films,330.95,0.0,143.07,89.39,-96.09,-6.69,174.74523470088178,Micro Cap,False
Tips Music,637.85,37.62,8153.74,92.94,32.41,122.19,330.5950036280709,Mid Cap,True
Tirth Plastic,27.1,31.74,12.06,1500.0,0.0,17.69,1.69375,Micro Cap,True
Tirupati Foam,57.5,13.2,25.34,-17.74,-12.08,8.82,69.9003160709944,Micro Cap,True
Tirupati Forge,48.36,97.2,612.38,16.92,52.4,7.53,41.3616147793363,Small Cap,True
Tirupati Innovar,9.79,106.77,69.4,-369.12,566.06,1.44,-3.6377824019024962,Micro Cap,True
Tirupati Sarjan,8.78,6.11,28.97,0.74,2.77,7.76,8.715505261068095,Micro Cap,True
Tirupati Starch,124.85,18.19,119.72,60.13,-7.84,10.26,77.96790108037219,Micro Cap,True
Titaanium Ten,23.71,4.94,15.95,-18.06,17.81,15.91,28.935806687820357,Micro Cap,True
Titagarh Rail,888.45,74.88,11965.09,279.56,-12.94,10.6,234.0736642428075,Mid Cap,True
Titan Biotech,397.05,54.89,1640.55,66.17,38.84,22.76,238.94204730095683,Small Cap,True
Titan Company,4291.3,74.0,380975.67,31.0,80.48,25.8,3275.8015267175574,Large Cap,True
Titan Intech,0.97,16.36,91.3,-1.92,59.0,5.87,0.9889885807504079,Micro Cap,True
Titan Securities,42.46,8.53,106.23,97.87,5.64,1.14,21.458533380502352,Micro Cap,True
Tokyo Finance,20.1,82.41,14.01,-73.91,10.53,1.46,77.0410118819471,Micro Cap,True
Tokyo Plast Intl,83.16,125.4,79.0,-91.67,33.33,3.94,998.3193277310933,Micro Cap,True
Tolins Tyres,106.06,11.74,419.03,-3.66,12.17,13.01,110.08926717874195,Micro Cap,True
Tomorrow Tech.,8.43,0.0,96.78,23.08,-66.67,-3.39,6.849203769905753,Micro Cap,False
Torrent Pharma.,4516.2,69.74,152848.73,-20.58,41.84,15.19,5686.476957945101,Large Cap,True
Torrent Power,1413.7,29.48,71236.84,-69.97,-0.78,14.0,4707.625707625708,Large Cap,True
Toss The Coin,245.2,17.16,46.34,1311.11,82.05,26.55,17.376391634954043,Micro Cap,True
Total Transport,50.34,10.41,81.18,-93.97,-1.0,11.69,834.8258706467659,Micro Cap,True
Touchwood Enter.,69.04,18.0,76.5,-50.0,12.03,13.39,138.08,Micro Cap,True
Tour. Fin. Corp.,78.44,29.42,3631.59,6.03,8.6,11.13,73.97906252947278,Small Cap,True
Toyam Sports,0.72,0.0,41.6,31.15,-100.0,-3.64,0.5489897064430042,Micro Cap,False
TPI India,16.24,28.02,69.77,648.0,21.76,128.93,2.171122994652406,Micro Cap,True
TPL Plastech,71.89,19.29,560.76,18.01,23.75,22.28,60.91856622320143,Small Cap,True
Tracxn Technolo.,30.44,0.0,325.39,69.39,-3.07,-0.98,17.970364248184662,Micro Cap,False
Trade-Wings,623.15,78.22,186.95,-12.68,7.88,49.96,713.6394869445717,Micro Cap,True
Tradewell Hold,40.62,9.6,12.19,-175.0,168.42,12.05,-54.16,Micro Cap,True
Trans Freight,21.48,11.01,15.64,-43.4,0.0,3.66,37.95053003533569,Micro Cap,True
Trans India,4.17,15.35,29.63,537.04,144.78,6.17,0.6545899786512621,Micro Cap,True
Transchem,356.15,101.38,435.93,186.3,-100.0,6.89,124.39748515543134,Micro Cap,True
Transcorp Intl.,27.09,10.34,86.73,132.74,-22.31,15.11,11.639597834493426,Micro Cap,True
Transgene Biotek,3.11,0.0,23.56,35.21,-37.5,-2.36,2.3001257303453886,Micro Cap,False
Transglobe Foods,526.0,0.0,7.62,-7.69,0.0,5.88,569.8190878561369,Micro Cap,False
TransIndia Real,26.56,17.6,652.57,61.63,7.79,3.81,16.432592959227865,Small Cap,True
Transpact Enter.,190.0,81.67,7.35,-20.0,12.5,14.04,237.5,Micro Cap,True
Transpek Inds.,1009.5,12.35,563.86,-65.82,-10.31,8.31,2953.4815681685186,Small Cap,True
Transport Corp.,928.65,15.62,7126.81,8.23,12.3,19.54,858.0338168714774,Mid Cap,True
Transrail Light,511.95,16.52,6873.24,-23.76,-4.24,29.18,671.4979013641133,Mid Cap,True
Transteel Seatin,122.6,12.15,270.85,52.43,12.95,21.02,80.43036147739946,Micro Cap,True
Transvoy Logist.,93.7,14.26,24.95,-61.81,67.48,10.97,245.35218643623986,Micro Cap,True
Transwar.Fin.,12.1,0.0,66.69,-58.7,16.05,-0.38,29.297820823244557,Micro Cap,False
Transwind Infra.,13.2,11.74,10.1,26.09,-35.2,7.39,10.46871282417321,Micro Cap,True
Transworld Shipp,171.24,0.0,376.04,-494.17,-12.82,-4.56,-43.443184412816805,Micro Cap,False
Tranway21 Tech.,5.62,66.22,5.96,-214.29,-16.99,1.41,-4.917315600664975,Micro Cap,True
Travel Food,1334.1,39.83,17567.36,17.45,25.67,42.37,1135.8876117496804,Mid Cap,True
Travels & Rent.,10.39,7.3,22.19,-10.34,-10.23,24.13,11.588222172652241,Micro Cap,True
Tree House Edu.,6.59,0.0,27.88,-1075.32,-67.02,-6.97,-0.6756756756756757,Micro Cap,False
Trejhara Solutio,141.97,38.75,342.39,258.14,6.7,4.28,39.64092254425643,Micro Cap,True
Trent,3216.2,99.35,171498.17,25.83,19.23,28.34,2555.9882380990225,Large Cap,True
Trescon,8.8,0.0,63.79,-2250.0,40.96,0.94,-0.4093023255813954,Micro Cap,False
TRF,246.37,39.16,271.01,-296.31,-28.48,10.54,-125.50048392848048,Micro Cap,True
Trident,26.45,35.74,13478.8,-23.47,-12.43,9.86,34.56160982621194,Mid Cap,True
Trident Lifeline,257.8,16.16,307.63,51.93,52.48,20.56,169.68340683209374,Micro Cap,True
Trident Techlabs,116.05,33.04,200.55,-166.04,-39.21,16.37,-175.72683222289524,Micro Cap,True
Trident Texofab,39.56,44.94,59.32,-311.11,-12.14,6.32,-18.739045994978923,Micro Cap,True
Tridhya Tech,11.75,40.24,27.36,175.2,0.42,5.65,4.269622093023256,Micro Cap,True
Trigyn Techno.,52.17,76.12,160.61,-77.35,5.13,2.29,230.33112582781453,Micro Cap,True
Triliance Poly,48.4,107.52,24.73,-71.43,0.0,6.39,169.4084704235212,Micro Cap,True
Trinity League,10.98,0.0,8.69,-61.9,-30.77,-5.78,28.818897637795278,Micro Cap,False
Trio Merc. Trad.,2.0,1359.0,13.59,100.0,1487.5,0.53,1.0,Micro Cap,True
Trishakti Indus,146.65,31.54,241.63,50.28,314.09,14.17,97.58450891668885,Micro Cap,True
Triton Valves,1111.75,53.32,569.45,634.69,11.9,11.41,151.32232642338946,Small Cap,True
Triumph Intl.,17.67,3.39,13.25,-41.45,0.0,8.58,30.17933390264732,Micro Cap,True
Triven.Engg.Ind.,409.8,32.36,9030.48,-11.83,-7.45,8.99,464.7839401156856,Mid Cap,True
Triveni Enterpri,1.03,42.14,5.9,155.56,-100.0,1.77,0.4030364689309751,Micro Cap,True
Triveni Glass,6.48,0.0,8.18,-92.86,0.0,-20.39,90.75630252100838,Micro Cap,False
Triveni Turbine,669.35,58.9,21278.3,8.52,26.32,35.86,616.7987467747881,Large Cap,True
Trom Industries,63.25,8.4,58.16,429.17,76.87,16.19,11.952680613035508,Micro Cap,True
TruAlt Bioenergy,467.65,41.79,4010.22,-46.39,-34.34,10.44,872.3185972766274,Small Cap,True
TruCap Finance,5.37,0.0,63.83,74.85,-58.95,-14.42,3.0712038890477555,Micro Cap,False
True Colors,163.0,12.9,401.87,-24.13,6.86,25.22,214.84117569526822,Micro Cap,True
True Green,196.0,20.62,645.96,2223.7,6077.92,13.89,8.434823772431898,Small Cap,True
Trust Fintech,31.75,9.2,75.65,-5.3,47.56,10.21,33.52692713833157,Micro Cap,True
Trustedgecapital,134.15,225.07,123.79,320.69,729.63,0.91,31.888088616320807,Micro Cap,True
TSC India,28.0,11.02,40.65,-73.91,-7.04,12.77,107.32081257186661,Micro Cap,True
Tsf Investments,396.75,16.89,8811.97,50.36,502.98,4.13,263.8667198723065,Mid Cap,True
TTI Enterprise,8.95,0.0,22.74,-147.31,-50.72,-3.79,-18.91777636863242,Micro Cap,False
TTK Healthcare,922.75,18.92,1303.88,-6.44,14.51,8.04,986.2654980761009,Small Cap,True
TTK Prestige,570.55,43.53,7813.74,212.18,12.26,12.48,182.7631494650522,Mid Cap,True
Tube Investments,3054.0,89.76,59115.76,81.73,20.68,16.96,1680.5150497991526,Large Cap,True
Tulasee Bio-Eth.,61.94,0.0,36.5,0.0,0.0,-4.19,61.94,Micro Cap,False
Tulive Developer,1170.0,0.0,252.06,-27.27,0.0,-2.53,1608.6896741372198,Micro Cap,False
Tulsyan NEC,30.2,0.0,49.71,53.72,-22.91,1.57,19.646109810044237,Micro Cap,False
Tuni Text. Mills,1.05,61.87,58.16,-200.0,2.53,10.61,-1.05,Micro Cap,True
Tunwal E-Motors,27.2,12.33,156.92,-34.72,27.15,13.28,41.666666666666664,Micro Cap,True
Turtlemint Fintech,0.0,0.0,4698.03,0.0,0.0,-36.54,0.0,Small Cap,False
Tusaldah,159.95,0.0,37.48,0.0,1060.0,-29.05,159.95,Micro Cap,False
Tuticorin Alkali,51.39,17.1,626.11,10.77,3.14,21.99,46.393427823417895,Small Cap,True
TV Vision,5.17,0.0,20.03,-69.08,-98.35,0.0,16.720569210866753,Micro Cap,False
TVS Elec.,501.5,779.42,935.31,600.0,2.45,5.74,71.64285714285714,Small Cap,True
TVS Holdings,13518.0,15.97,27349.76,52.43,32.09,16.98,8868.333005313914,Large Cap,True
TVS Infra. Trust,116.0,67.44,2287.52,0.0,0.0,0.0,116.0,Small Cap,True
TVS Motor Co.,3569.7,55.61,169591.85,20.91,30.42,17.42,2952.3612604416503,Large Cap,True
TVS Srichakra,4137.9,45.37,3169.63,169.7,19.86,7.54,1534.2602892102334,Small Cap,True
TVS Supply,131.49,31.2,5801.08,543.4,21.35,9.88,20.436742306496736,Mid Cap,True
Twamev Constr.,17.06,38.16,264.43,-98.3,-54.74,1.17,1003.529411764705,Micro Cap,True
Twinkle Papers,0.0,30.39,104.54,0.0,0.0,16.87,0.0,Micro Cap,True
Tyche Industries,126.9,18.74,130.07,22.34,30.96,6.83,103.72731731240805,Micro Cap,True
Typhoon Fin Ser,37.01,138.88,11.11,200.0,25.0,1.62,12.336666666666666,Micro Cap,True
Tyroon Tea Co.,90.01,0.0,30.6,14.03,-42.01,-6.07,78.93536788564414,Micro Cap,False
U P Hotels,1430.0,23.95,772.2,17.5,3.23,21.87,1217.0212765957447,Small Cap,True
U. H. Zaveri,12.34,754.8,37.74,0.0,124.43,0.25,12.34,Micro Cap,True
U. Y. Fincorp,14.02,5.52,266.71,1500.0,359.76,18.49,0.87625,Micro Cap,True
Ucal,121.8,0.0,269.3,100.58,17.38,3.32,60.72390068800479,Micro Cap,False
UCO Bank,27.16,12.31,34057.44,22.79,-1.31,5.55,22.119065070445476,Large Cap,True
Uday Jewellery,150.0,14.28,510.79,488.95,112.85,22.39,25.46905509805586,Small Cap,True
Udayshivakumar,23.46,78.23,129.87,313.6,-57.29,3.72,5.672147001934236,Micro Cap,True
Uflex,426.45,9.27,3079.46,76.44,6.34,6.97,241.69689412831556,Small Cap,True
UFO Moviez,72.14,11.24,280.08,730.99,43.19,12.18,8.681211566926198,Micro Cap,True
Ugar Sugar Works,38.6,31.91,434.25,-10.42,-23.78,9.0,43.08997544094664,Micro Cap,True
Ugro Capital,98.04,8.71,1522.45,0.0,0.0,0.0,98.04,Small Cap,True
UHM Vacation,70.7,6.58,46.99,0.0,0.0,45.9,70.7,Micro Cap,True
Ujaas Energy,132.93,561.16,1773.26,40.0,-27.41,4.48,94.95000000000002,Small Cap,True
Ujjivan Small,56.14,15.77,10920.67,238.13,19.39,7.74,16.60308165498477,Mid Cap,True
Ultra Wiring,107.1,16.79,55.73,0.0,13.56,18.25,107.1,Micro Cap,True
Ultracab India,7.29,16.01,89.64,-43.75,9.53,8.46,12.96,Micro Cap,True
Ultramarine Pig.,375.5,13.89,1096.46,-8.58,2.02,10.72,410.74163202800264,Small Cap,True
UltraTech Cem.,11489.0,40.94,338556.9,20.14,11.86,12.78,9563.009821874479,Large Cap,True
Uma Converter,18.4,11.77,37.3,150.0,14.16,7.19,7.359999999999999,Micro Cap,True
Uma Exports,22.01,88.6,74.42,106.93,-42.48,9.25,10.636447107717586,Micro Cap,True
Umiya Buildcon,91.08,4.24,170.18,47.37,63.12,29.1,61.80362353260501,Micro Cap,True
Umiya Mobile,50.0,7.74,71.1,167.82,52.56,30.97,18.669255470091855,Micro Cap,True
Umiya Tubes,34.08,15.77,44.16,310.64,0.0,14.19,8.299240210403273,Micro Cap,True
Uni Abex Alloy,5113.45,21.42,1009.91,75.47,29.53,19.25,2914.1448680686153,Small Cap,True
Unichem Labs.,433.0,38.94,3048.57,-65.85,-2.05,3.99,1267.9355783308931,Small Cap,True
Unick Fix-A-Form,48.5,31.29,26.6,-121.15,9.55,6.35,-229.3144208037825,Micro Cap,True
Unicommerce,89.48,49.15,1005.57,1.19,14.05,21.09,88.42771024804823,Small Cap,True
Unified Data,384.0,18.93,771.46,94.05,21.47,45.25,197.8871424890492,Small Cap,True
Unifinz Capital,101.99,5.18,451.49,160.43,234.97,55.21,39.16215489766923,Micro Cap,True
Unihealth Hosp,575.0,35.39,914.25,18.98,17.06,27.39,483.2744999159523,Small Cap,True
Uniinfo Telecom,11.88,0.0,12.7,-430.0,63.58,-0.99,-3.6000000000000005,Micro Cap,False
Unilex Colour &C,27.85,4.63,37.92,0.0,0.0,0.0,27.85,Micro Cap,True
Unimech Aero.,1135.4,91.25,5774.29,-10.62,19.64,11.85,1270.3065562765719,Mid Cap,True
Union Bank (I),174.71,6.87,133366.72,9.83,-4.28,6.3,159.07311299280707,Large Cap,True
Union Qual. Pla.,16.5,0.0,11.43,-101.28,0.0,-4.01,-1289.0625000000077,Micro Cap,False
Uniparts India,651.85,18.28,2942.65,124.05,34.07,21.6,290.9395224280295,Small Cap,True
Uniphos Enter.,108.69,36.5,755.94,55.7,-64.14,0.8,69.8073217726397,Small Cap,True
Unipro Technolgy,18.09,0.0,11.01,68.97,0.0,-27.18,10.706042492750193,Micro Cap,False
Unique Organics,83.4,6.17,49.65,2433.33,68.08,27.33,3.2921095948810466,Micro Cap,True
Uniroyal Ind,20.39,0.0,16.86,-200.0,-1.12,1.59,-20.39,Micro Cap,False
Uniroyal Marine,15.0,36.0,9.72,-99.06,126.53,9.85,1595.74468085107,Micro Cap,True
Unisem Agritech,51.0,10.9,57.79,0.0,0.0,44.47,51.0,Micro Cap,True
Unison Metals,0.79,3.21,23.4,-67.98,-27.22,13.06,2.4672079950031236,Micro Cap,True
Unitech,4.77,0.0,1247.98,-42.3,29.17,0.0,8.266897746967071,Small Cap,False
United Breweries,1328.8,93.95,35134.16,-58.32,-3.14,10.68,3188.099808061421,Large Cap,True
United Cotfab,15.98,7.34,27.47,36.73,26.56,8.84,11.687266876325605,Micro Cap,True
United Credit,27.86,17.26,14.84,340.0,2.47,3.62,6.331818181818181,Micro Cap,True
United Drilling,218.72,23.67,444.07,19.74,42.24,10.45,182.66243527643226,Micro Cap,True
United Foodbrands,690.85,0.0,2700.28,33.71,23.1,1.52,516.6778849749459,Small Cap,False
United Heat,120.8,45.82,229.57,86.16,33.92,11.84,64.8904168457241,Micro Cap,True
United Interacti,72.78,31.71,13.32,-121.43,-100.0,2.1,-339.61735884274356,Micro Cap,True
United Leasing,34.2,114.0,10.26,94.44,-40.17,4.18,17.588973462250568,Micro Cap,True
United Nilgiri,477.85,10.88,238.76,-4.44,-13.79,11.28,500.0523231477606,Micro Cap,True
United Polyfab,32.03,30.27,735.14,81.03,12.12,17.75,17.693200022095784,Small Cap,True
United Spirits,1384.9,55.16,100730.82,30.08,3.67,27.49,1064.6525215252154,Large Cap,True
United Van Der,35.4,46.76,244.08,-63.27,-32.88,12.83,96.3789817587803,Micro Cap,True
Univa Foods,8.57,0.0,12.27,244.44,0.0,-236.36,2.4880966206015565,Micro Cap,False
Univastu India,85.15,13.15,306.43,264.41,174.22,29.96,23.366537691062266,Micro Cap,True
Universal Auto.,50.89,0.0,63.28,-164.32,15.4,-0.17,-79.1200248756219,Micro Cap,False
Universal Cables,1216.1,25.87,4219.31,11.33,24.66,11.68,1092.3380939549088,Small Cap,True
Universal Starch,208.0,6.66,87.36,227.55,10.29,18.45,63.50175545718211,Micro Cap,True
Universus Photo,366.0,0.0,400.65,37.88,3.8,-9.34,265.4482158398607,Micro Cap,False
Unjha Formul.,19.0,12.16,8.51,-80.49,36.48,27.79,97.38595592004098,Micro Cap,True
Uno Minda,1136.5,53.93,65629.15,22.39,17.85,19.7,928.5889370046573,Large Cap,True
Updater Services,181.27,13.6,1213.66,-18.58,4.77,9.98,222.63571604028493,Small Cap,True
UPL,590.5,26.37,49832.59,-0.46,17.74,10.17,593.2288527225236,Large Cap,True
Upsurge Invest.,58.55,39.74,128.35,-2109.68,-93.36,5.25,-2.9133991481230845,Micro Cap,True
Upsurge Seeds,93.0,12.54,93.79,-16.41,-26.06,11.0,111.25732743151094,Micro Cap,True
UR Sugar,2.63,31.39,13.81,-50.0,0.0,3.27,5.26,Micro Cap,True
Uravi Defence &,113.83,238.42,129.77,-59.85,8.23,3.69,283.5118306351183,Micro Cap,True
Urban Company,129.83,0.0,20022.13,-5574.65,42.59,-7.82,-2.371475802106071,Large Cap,False
Urban Enviro,131.45,7.65,113.84,120.15,38.16,33.15,59.709289121053814,Micro Cap,True
Urja Global,9.93,389.39,521.78,66.67,2.33,1.27,5.957880842383152,Small Cap,True
USG Tech,12.01,0.0,47.34,11.11,0.0,-0.48,10.80910809108091,Micro Cap,False
Usha Financial,33.45,6.47,145.42,568.37,4.07,13.46,5.004712958391311,Micro Cap,True
Usha Mart. Edu.,5.58,35.95,14.74,69.23,166.67,5.23,3.297287714944159,Micro Cap,True
Usha Martin,473.1,28.62,14417.33,56.0,9.28,20.18,303.2692307692308,Mid Cap,True
Ushakiran Fin.,34.9,0.0,8.86,-50.0,20.0,0.13,69.8,Micro Cap,False
Ushanti Colour,185.9,0.0,258.15,467.31,264.75,1.29,32.768680262995545,Micro Cap,False
UTI AMC,938.2,25.68,12058.25,-176.38,3.82,15.78,-1228.332024090076,Mid Cap,True
Utique Enterp.,4.11,12.17,22.88,-176.4,-100.0,3.98,-5.379581151832461,Micro Cap,True
Utkal Speciality,46.25,13.52,90.34,0.0,0.0,27.96,46.25,Micro Cap,True
Utkarsh Small F.,14.52,0.0,2583.87,-6430.64,-4.87,1.46,-0.22936069654884814,Small Cap,False
UTL Industries,1.66,91.17,5.47,25.0,50.0,1.44,1.3279999999999998,Micro Cap,True
Utssav CZ Gold,429.65,17.57,1037.52,95.13,87.81,28.82,220.18654230512993,Small Cap,True
Uttam Sug.Mills,227.31,8.69,866.92,-22.6,-17.92,11.71,293.6821705426357,Small Cap,True
UVS Hospitality,86.5,20.5,329.85,-39.74,23.51,9.49,143.54463989379354,Micro Cap,True
V B Desai Fin.,17.8,9.26,8.06,5.0,-12.68,9.29,16.952380952380953,Micro Cap,True
V B Industries,7.4,69.29,9.7,-172.73,1411.63,0.21,-10.17461845180806,Micro Cap,True
V I P Inds.,312.45,0.0,4438.41,-316.17,-11.73,-28.89,-144.53902021557107,Small Cap,False
V R Films & Stud,13.8,15.62,15.15,103.64,29.71,12.73,6.776664702416029,Micro Cap,True
V R Infraspace,119.1,26.98,105.76,151.82,200.76,19.2,47.29568739575887,Micro Cap,True
V-Guard Industri,306.2,48.69,13377.6,22.15,13.99,17.03,250.67539909946785,Mid Cap,True
V-Marc India,1580.5,38.57,3859.69,157.3,97.52,41.38,614.2635056354449,Small Cap,True
V-Mart Retail,762.1,48.52,6062.35,143.74,24.46,13.22,312.6692377123164,Mid Cap,True
V.L.Infraproject,27.2,5.08,42.74,26.8,26.47,22.41,21.45110410094637,Micro Cap,True
V2 Retail,221.23,53.84,8066.88,206.0,60.11,19.06,72.29738562091502,Mid Cap,True
Va Tech Wabag,2110.8,35.17,13153.59,28.94,22.33,21.33,1637.0404839460214,Mid Cap,True
Vaarad Ventures,10.1,0.0,252.4,-233.33,-100.0,-0.85,-7.575189379734494,Micro Cap,False
Vadilal Enterp.,9801.0,80.66,842.89,51.83,30.16,27.08,6455.245998814464,Small Cap,True
Vadilal Inds.,6377.1,29.56,4585.13,149.36,51.21,22.23,2557.3869104908567,Small Cap,True
Vadivarhe Speci.,30.2,0.0,38.6,132.56,22.61,-2.05,12.985896112831096,Micro Cap,False
Vahh Chemicals,60.55,10.46,50.29,0.0,0.0,36.88,60.55,Micro Cap,True
Vaibhav Global,232.9,14.65,3897.63,167.05,9.99,16.29,87.21213255944579,Small Cap,True
Vaidya Sane,175.0,20.47,183.99,-0.24,18.37,15.14,175.42101042502003,Micro Cap,True
Vaishali Pharma,7.29,22.86,95.11,0.0,0.0,0.0,7.29,Micro Cap,True
Vakrangee,6.15,59.27,666.16,-17.32,-10.19,7.51,7.438316400580552,Small Cap,True
Valencia India,17.68,10.45,22.98,38.2,47.23,9.23,12.793053545586107,Micro Cap,True
Valencia Nutrit.,63.4,115.4,125.79,-81.22,-39.54,2.56,337.5931842385517,Micro Cap,True
Valiant Commun.,1049.7,50.76,1227.32,92.89,50.37,39.73,544.1961739851729,Small Cap,True
Valiant Laborato,68.0,0.0,369.33,151.43,59.16,0.75,27.045300878972277,Micro Cap,False
Valiant Organics,284.9,26.51,798.71,281.82,6.82,6.21,74.61631135089833,Small Cap,True
Vallabh Steels,10.5,0.0,5.2,21.62,0.0,-4.94,8.63344844597928,Micro Cap,False
Valor Estate,112.96,0.0,6127.03,-370.87,-83.82,1.55,-41.70266179348027,Mid Cap,False
Valplast Technol,39.01,8.23,76.57,75.15,93.72,23.41,22.272337996003422,Micro Cap,True
Valson Industrie,38.79,61.92,29.72,-53.85,-13.21,3.57,84.05200433369447,Micro Cap,True
Value 360 Commu.,85.0,13.82,136.77,131.34,16.97,38.59,36.74245698971211,Micro Cap,True
Vama Industries,3.66,0.0,19.23,-132.84,49.66,-5.41,-11.144945188794154,Micro Cap,False
Vamshi Rubber,41.07,25.81,17.29,111.11,-8.55,7.72,19.454312917436408,Micro Cap,True
Vandan Foods,23.79,15.11,19.95,-158.97,197.69,6.71,-40.34254705782602,Micro Cap,True
Vani Commercials,8.54,69.75,25.11,-25.0,15400.0,5.01,11.386666666666665,Micro Cap,True
Vanta Bioscience,24.09,155.73,17.13,240.88,357.58,1.19,7.0670030509270125,Micro Cap,True
Vantage Knowledg,0.93,264.67,31.76,43.4,-88.75,0.62,0.6485355648535566,Micro Cap,True
Vapi Enterprise,105.39,16.24,24.03,13.89,3.33,5.32,92.53665817894459,Micro Cap,True
Vardhman Acrylic,44.6,13.15,358.42,695.41,15.8,11.77,5.607171144441232,Micro Cap,True
Vardhman Hold.,3562.4,5.26,1136.41,-23.1,-85.0,6.28,4632.509752925877,Small Cap,True
Vardhman Polytex,6.97,43.84,336.66,-11.11,-20.14,0.0,7.841151985600179,Micro Cap,True
Vardhman Special,282.9,22.42,2735.24,72.23,6.98,15.38,164.2570980665389,Small Cap,True
Vardhman Textile,634.3,24.64,18361.45,-22.17,-0.42,8.86,814.9813696518052,Mid Cap,True
Variman Global,4.2,24.53,81.93,107.69,106.33,10.34,2.0222446916076846,Micro Cap,True
Varroc Engineer,611.65,36.82,9345.18,40.48,12.81,19.03,435.40005694760816,Mid Cap,True
Varun Beverages,507.65,53.95,171702.26,20.08,18.09,19.71,422.7598267821452,Large Cap,True
Varvee Global,66.03,27.33,340.24,-222.32,211.73,18.9,-53.98136036625246,Micro Cap,True
Varyaa Creations,28.95,26.67,13.87,30.0,58.49,5.07,22.269230769230766,Micro Cap,True
Vas Infra.,9.25,42.39,13.99,490.0,0.0,0.0,1.5677966101694913,Micro Cap,True
Vasa Denticity,373.35,60.07,647.52,-68.52,-0.54,9.21,1185.9911054637862,Small Cap,True
Vascon Engineers,34.73,16.46,804.68,-83.01,-34.62,5.92,204.41436138905243,Small Cap,True
Vashishtha Lux.,62.73,7.95,14.78,-24.55,23.96,25.5,83.14115308151094,Micro Cap,True
Vashu Bhagnani,78.38,158.63,501.27,-393.67,-48.44,2.54,-26.68982190894541,Small Cap,True
Vasundhara Rasy.,174.0,14.55,55.3,-50.34,-15.53,16.56,350.38260169150226,Micro Cap,True
Vaswani Industri,53.5,41.57,176.26,22.78,24.69,8.76,43.57387196611826,Micro Cap,True
Vaxfab Enterp.,60.53,0.0,154.16,-150.55,-65.79,0.0,-119.74282888229475,Micro Cap,False
Vaxtex Cotfab,1.32,4.39,24.26,-40.15,-100.0,17.95,2.2055137844611528,Micro Cap,True
VCU Data Managem,8.02,207.17,12.43,119.05,0.0,0.27,3.661264551472266,Micro Cap,True
Vdeal System,168.4,19.8,82.36,5.11,16.43,17.18,160.21311007515936,Micro Cap,True
Vedant Asset,70.52,48.68,19.47,500.0,39.58,9.23,11.753333333333332,Micro Cap,True
Vedant Fashions,412.6,26.7,10025.24,13.05,8.71,23.55,364.9712516585582,Mid Cap,True
Vedanta,273.45,6.17,106929.56,70.89,47.48,16.08,160.0152144654456,Large Cap,True
Vedanta Aluminium Metal,442.82,0.0,173159.8,0.0,0.0,0.0,442.82,Large Cap,False
Vedanta Iron & Steel,30.88,0.0,12075.28,0.0,0.0,0.0,30.88,Mid Cap,False
Vedanta Oil and Gas,33.35,0.0,13041.14,0.0,0.0,-49.18,33.35,Mid Cap,False
Vedanta Power,42.42,27.24,16587.87,21353.07,8.07,6.46,0.1977339373805241,Mid Cap,True
Vedavaag Systems,22.6,10.2,53.03,-57.14,70.49,5.6,52.72981801213253,Micro Cap,True
Veedol Corporat,1467.8,13.35,2557.49,-3.75,14.04,24.23,1524.9870129870128,Small Cap,True
Veefin Solutions,322.45,36.15,823.52,0.0,0.0,9.85,322.45,Small Cap,True
Veejay Lak. Eng.,37.79,0.0,19.16,75.35,36.59,-6.64,21.551183347590534,Micro Cap,False
Veekayem Fash.,126.1,7.39,74.09,46.37,34.07,14.11,86.1515337842454,Micro Cap,True
Veer Energy,12.41,92.85,18.57,-8.77,-66.53,0.39,13.602981475391866,Micro Cap,True
Veer Global Inf.,142.95,174.59,232.2,23.4,-49.52,9.47,115.84278768233386,Micro Cap,True
Veerhealth Care,30.7,91.64,61.4,-470.0,198.22,7.21,-8.297297297297296,Micro Cap,True
Veerkrupa Jewel,0.55,42.41,7.21,-22.22,66.08,0.55,0.7071226536384675,Micro Cap,True
Vega Jewellers,61.95,7.93,315.21,0.0,0.0,0.0,61.95,Micro Cap,True
Vegorama Punjabi,137.0,18.82,227.57,82.11,33.71,65.66,75.22925704244687,Micro Cap,True
Velan Hotels,6.16,0.0,19.69,41.03,0.0,-2.24,4.367864993263845,Micro Cap,False
Veljan Denison,1212.1,21.85,545.45,13.47,8.76,14.88,1068.2118621662112,Small Cap,True
Vels Film,69.85,0.0,90.16,-12.07,486.54,-12.43,79.43818946889571,Micro Cap,False
Venky's (India),1421.5,14.38,2002.51,662.18,30.52,11.89,186.50450024928494,Small Cap,True
Venlon Enterpris,4.25,0.0,22.2,89.51,-11.39,-12.14,2.2426257189594216,Micro Cap,False
Venmax Drugs,18.26,84.6,21.15,-85.9,1093.94,2.96,129.50354609929087,Micro Cap,True
Ventive Hospital,643.9,34.94,15037.74,82.23,11.58,10.81,353.3446743126818,Mid Cap,True
Ventura Textiles,9.11,0.0,17.72,87.95,0.0,0.0,4.847033785581271,Micro Cap,False
Venus Pipes,1696.5,34.35,3514.49,6.96,17.07,22.5,1586.1069558713539,Small Cap,True
Venus Remedies,1947.0,25.32,2602.55,126.19,33.05,21.67,860.7807595384412,Small Cap,True
Veranda Learning,234.37,47.93,2257.47,103.09,51.6,12.79,115.40203850509627,Small Cap,True
Veritaas Adver.,37.05,5.84,10.46,61.54,-8.48,17.03,22.935495852420452,Micro Cap,True
Veritas (India),176.25,23.99,472.53,-1348.18,-32.23,1.48,-14.120559534682497,Micro Cap,True
Vertex Secur.,3.47,0.0,36.12,-166.67,-23.45,-12.04,-5.204739763011851,Micro Cap,False
Vertexplus Tech.,37.5,0.0,20.55,-201.56,13.27,-12.77,-36.92398582118944,Micro Cap,False
Vertis Infra.,109.0,23.93,16458.83,54.74,50.57,11.25,70.44073930464003,Mid Cap,True
Vertoz,37.92,12.4,323.19,-2.33,13.06,14.16,38.824613494419985,Micro Cap,True
Vesuvius India,469.05,36.53,9519.88,-5.83,3.66,21.34,498.0885632366996,Mid Cap,True
Veto Switchgears,125.8,9.57,240.47,16.45,55.71,11.74,108.02919708029198,Micro Cap,True
Viaz Tyres,64.9,17.62,92.85,59.8,127.63,12.99,40.61326658322904,Micro Cap,True
Vibhor Steel,116.37,22.68,220.67,-23.65,16.24,7.92,152.4165029469548,Micro Cap,True
Vibrant Glo. Cap,51.91,7.12,118.91,186.4,-45.05,10.91,18.125,Micro Cap,True
Viceroy Hotels,128.42,47.37,867.85,-39.76,36.91,7.12,213.1806108897742,Small Cap,True
Victoria Mills,5300.0,7.88,52.47,13.16,0.0,12.35,4683.633792859668,Micro Cap,True
Victory Ele.,16.8,7.83,40.47,0.0,0.0,40.91,16.8,Micro Cap,True
Vidhi Specialty,279.25,28.38,1394.71,10.38,12.01,18.76,252.98967204203657,Small Cap,True
Vidya Wires,97.65,36.02,2076.94,54.53,57.73,20.69,63.191613278974955,Small Cap,True
Vigor Plast,104.3,11.84,107.97,100.0,76.79,35.21,52.15,Micro Cap,True
Vijay Solvex,621.9,10.32,199.17,142.14,43.87,8.58,256.83488890724374,Micro Cap,True
Vijay Textiles,5.32,0.0,9.74,80.03,-53.77,-2.2,2.9550630450480475,Micro Cap,False
Vijaya Diagnost.,1367.8,81.36,14074.21,34.56,26.63,21.29,1016.4982164090368,Mid Cap,True
Vijaypd Ceutical,82.9,32.31,161.89,0.0,0.0,0.0,82.9,Micro Cap,True
Viji Finance,5.46,39.5,77.81,216.18,298.31,9.78,1.7268644443038776,Micro Cap,True
Vikalp Securitie,21.0,0.0,6.41,95.24,0.0,-4.72,10.7559926244622,Micro Cap,False
Vikas Ecotech,1.23,32.18,217.55,-201.82,-18.92,3.21,-1.2080141426045965,Micro Cap,True
Vikas Lifecare,1.46,14.73,271.22,1533.45,24.72,2.16,0.08938137071841808,Micro Cap,True
Vikas Proppant,0.28,0.0,14.41,14.29,0.0,0.09,0.24499081284451835,Micro Cap,False
Vikas Wsp,0.99,0.0,20.24,-9831.71,0.0,-10.14,-0.010172929526260031,Micro Cap,False
Vikram Aroma,73.32,0.0,22.99,126.23,18.24,-0.79,32.409494761967906,Micro Cap,False
Vikram Kamats,37.48,243.61,68.21,1370.0,47.46,5.73,2.5496598639455783,Micro Cap,True
Vikram Solar,185.28,14.15,6713.7,21.86,21.73,30.53,152.04332840965043,Mid Cap,True
Vikram Thermo,230.1,18.74,721.54,109.34,39.32,36.42,109.91688162797364,Small Cap,True
Vikran Engg.,70.24,19.57,1811.57,48.31,82.19,16.55,47.360258917133024,Small Cap,True
Vilas Transcore,386.8,23.94,946.89,-26.24,21.66,16.12,524.4034707158352,Small Cap,True
Vilin Bio Med,41.55,32.83,63.36,1680.0,215.89,10.77,2.334269662921348,Micro Cap,True
Vimta Labs,598.0,33.88,2671.23,15.23,15.68,25.23,518.9620758483035,Small Cap,True
Vinati Organics,1367.3,29.06,14174.2,7.79,-5.84,21.33,1268.4850171630019,Mid Cap,True
Vinayak Polycon,25.4,156.4,7.82,-166.67,-0.98,4.36,-38.09809509524524,Micro Cap,True
Vindhya Telelink,2141.2,11.52,2537.32,-5.89,-18.02,8.14,2275.2098608011897,Small Cap,True
Vineet Laborator,34.0,0.0,65.3,114.89,-13.54,-27.95,15.822048489925075,Micro Cap,False
Vinit Mobile,0.0,25.0,97.49,0.0,0.0,98.86,0.0,Micro Cap,True
Vinny Overseas,1.18,59.67,54.9,-58.42,14.97,2.44,2.837902837902838,Micro Cap,True
Vinsys IT Serv.,464.6,23.04,685.28,9.48,24.08,21.32,424.3697478991597,Small Cap,True
Vintage Coffee,151.17,30.51,2202.37,34.34,57.23,18.18,112.52791424743188,Small Cap,True
Vintage Secur.,16.14,49.33,5.92,100.0,0.0,0.95,8.07,Micro Cap,True
Vinyas Innovativ,1425.65,58.12,1794.14,73.49,22.36,18.7,821.7476511614502,Small Cap,True
Vinyl Chemicals,257.0,37.43,471.26,-36.04,4.03,14.86,401.81363352095065,Micro Cap,True
Vinyoflex,51.92,6.98,22.42,145.45,9.97,12.43,21.152984314524346,Micro Cap,True
VIP Clothing,25.11,23.07,226.32,82.64,10.21,8.02,13.748357424441524,Micro Cap,True
Vippy Spinpro,172.0,8.43,100.96,32.55,26.63,11.87,129.76235382874387,Micro Cap,True
Vipul Ltd,12.98,0.0,182.97,-67.56,-18.38,-0.44,40.01233045622688,Micro Cap,False
Vipul Organics,259.1,71.45,493.7,150.63,18.44,8.43,103.37948370107331,Micro Cap,True
Viram Suvarn,10.83,16.21,122.88,43.3,-18.78,22.33,7.557571528262386,Micro Cap,True
Virat Crane Inds,36.52,0.0,74.57,4.88,25.52,-8.08,34.82074752097636,Micro Cap,False
Virat Industries,399.8,117.54,580.64,483.33,-34.02,8.5,68.53753450019715,Small Cap,True
VIRAT LEASING,55.2,0.0,143.3,-8.33,-45.45,-4.39,60.21599214574016,Micro Cap,False
Virgo Global,6.26,0.0,6.58,32.26,0.0,-33.09,4.733101466807803,Micro Cap,False
Virinchi,16.86,0.0,190.02,-233.56,-4.31,1.31,-12.623539982030549,Micro Cap,False
Virtual Galaxy,144.4,7.79,359.1,195.71,189.21,33.74,48.83162557911467,Micro Cap,True
Virtual Global,0.5,0.0,28.31,-950.0,0.0,-0.46,-0.058823529411764705,Micro Cap,False
Virtuoso Optoel.,420.25,84.72,1337.79,122.36,38.15,9.73,188.9953228998021,Small Cap,True
Virya Resources,735.25,0.0,110.29,-157.14,0.0,-4.64,-1286.7518375918798,Micro Cap,False
VISA Chrome,41.16,0.0,600.07,42.57,5.28,-5.58,28.870028757803183,Small Cap,False
Visagar Finan.,0.35,0.0,20.44,58.97,-76.29,1.06,0.22016732716864815,Micro Cap,False
Visagar Polytex,0.54,0.0,15.81,16.0,0.0,-17.81,0.4655172413793104,Micro Cap,False
Visaka Industrie,75.44,16.19,651.84,42.71,12.52,7.05,52.862448321771424,Small Cap,True
Visaman Global,107.6,35.58,215.61,283.13,8.74,11.36,28.08446219298932,Micro Cap,True
Vishal Bearings,58.5,0.0,63.13,67.35,5.51,4.36,34.95667762175082,Micro Cap,False
Vishal Fabrics,20.6,15.85,510.08,53.89,-11.06,10.11,13.386184937292873,Small Cap,True
Vishal Mega Mart,116.39,64.86,54428.33,45.88,22.22,14.79,79.78475459281601,Large Cap,True
Vishnu Chemicals,608.4,28.79,4095.46,11.45,14.69,16.28,545.8950201884253,Small Cap,True
Vishnu Prakash R,29.05,0.0,362.09,-905.36,-74.91,-6.76,-3.607082546935532,Micro Cap,False
Vishnusurya Pro.,162.0,11.8,419.99,7.23,35.93,19.92,151.07712393919613,Micro Cap,True
Vishvprabha Ven.,39.57,0.0,12.34,-6.06,64.08,-0.77,42.122631466893765,Micro Cap,False
Vishwaraj Sugar,5.39,0.0,117.41,430.58,-33.39,-3.28,1.0158694259112668,Micro Cap,False
Vishwas Agri,53.4,24.95,53.4,-93.68,24.72,7.01,844.9367088607605,Micro Cap,True
Vision Cinemas,1.24,0.0,8.78,113.33,-41.18,-1.8,0.5812590821731589,Micro Cap,False
Vision Infra,312.75,11.68,770.69,129.34,30.32,22.62,136.36958227958488,Small Cap,True
Vista Pharma.,6.95,0.0,42.78,-290.67,-100.0,-30.33,-3.645041170608905,Micro Cap,False
Vistar Amar,207.75,12.8,119.66,293.97,1486.18,25.53,52.73244155646369,Micro Cap,True
Vital Chemtech,53.35,124.06,127.78,-28.21,0.2,3.44,74.31397130519571,Micro Cap,True
Vivaa Tradecom,71.0,31.77,27.96,-48.08,23.63,5.18,136.74884437596302,Micro Cap,True
Vivanta Indust.,1.78,38.22,22.93,51.52,-62.45,2.56,1.1747624076029566,Micro Cap,True
Vivanza Biosci.,2.0,20.51,8.0,55.0,1225.0,6.11,1.2903225806451613,Micro Cap,True
Viviana Power,837.9,16.91,848.36,245.25,208.24,50.69,242.69370021723387,Small Cap,True
Vivid Electromech,1368.25,38.47,1216.07,41.69,27.96,58.63,965.6644787917284,Small Cap,True
Vivid Global,21.85,27.33,19.95,125.0,11.37,11.91,9.711111111111112,Micro Cap,True
Vivid Mercantile,7.0,6.5,70.18,1957.14,1041.3,23.13,0.34027825038645887,Micro Cap,True
Vivimed Labs.,5.71,0.0,47.34,-176.76,-56.2,-8.1,-7.438770192808756,Micro Cap,False
Vivo Bio Tech,23.04,0.0,51.13,-586.79,15.54,7.29,-4.733047104500915,Micro Cap,False
Vivo Collaborat.,73.75,0.0,14.86,160.0,273.56,-7.22,28.365384615384613,Micro Cap,False
Viyash Scientific,269.3,58.9,11765.06,455.37,129.02,19.05,48.490195725372274,Mid Cap,True
VJTF Eduservices,58.09,0.0,102.24,6.56,77.91,-1.07,54.5138888888889,Micro Cap,False
VK Global,20.98,68.38,8.89,185.0,666.67,3.98,7.36140350877193,Micro Cap,True
VL E-Governance,12.95,0.0,140.44,41.0,-76.06,-2.46,9.184397163120567,Micro Cap,False
VLS Finance,262.27,37.84,822.97,-87.15,-103.08,0.96,2041.0116731517517,Small Cap,True
VMS Industries,22.39,37.53,54.8,-94.16,-3.45,5.08,383.39041095890406,Micro Cap,True
VMS TMT,43.6,10.29,216.39,-36.74,12.05,12.95,68.92190957951311,Micro Cap,True
Vodafone Idea,14.06,0.0,152330.31,23.08,2.88,-1.6,11.423464413389667,Large Cap,False
Voith Paper,1488.0,14.47,653.23,-10.14,1.37,14.92,1655.9091920765636,Small Cap,True
Voler Car,238.5,76.59,265.77,-22.22,25.9,12.05,306.63409616868086,Micro Cap,True
Volt.Transform.,10304.0,34.14,10424.68,-50.53,-1.21,24.08,20828.78512229634,Mid Cap,True
Voltaire Leasing,13.49,556.0,5.56,78.57,11.76,0.06,7.554460435683486,Micro Cap,True
Voltas,1302.4,109.7,43094.43,-51.8,2.52,9.04,2702.0746887966807,Large Cap,True
Vraj Iron,117.97,12.16,389.1,55.54,11.24,10.51,75.84544168702584,Micro Cap,True
VRL Logistics,239.58,17.7,4191.14,-2.87,5.42,17.92,246.65911664779162,Small Cap,True
Vruddhi Engineer,210.1,17.21,53.02,83.64,64.72,29.89,114.40862557177086,Micro Cap,True
Vrundavan Planta,32.56,11.38,20.15,-5.45,103.83,9.06,34.436805922792175,Micro Cap,True
VSF Projects,34.99,0.0,57.2,-700.0,0.0,-0.14,-5.831666666666667,Micro Cap,False
VST Industries,261.1,15.18,4435.07,120.17,30.87,28.18,118.590180315211,Small Cap,True
VST Till. Tract.,4483.1,36.6,3879.12,-78.82,8.97,13.75,21166.666666666657,Small Cap,True
VTM,58.64,43.94,589.74,-73.38,1.36,5.37,220.2854996243426,Small Cap,True
VVIP Infratech,147.0,12.21,367.05,-36.6,-23.28,18.88,231.86119873817034,Micro Cap,True
W H Brady,526.15,27.11,134.17,-59.31,-30.29,8.53,1293.0695502580488,Micro Cap,True
W I Plywoods,174.52,329.16,148.12,-218.18,-1.93,4.04,-147.6730411237096,Micro Cap,True
W S Inds.,67.41,216.78,511.61,273.86,-47.49,3.06,18.030813673567646,Small Cap,True
Waa Solar,52.6,107.35,69.78,-114.19,36.8,3.28,-370.6835799859058,Micro Cap,True
Waaree Energies,3009.4,22.05,86565.79,70.64,111.8,38.78,1763.595874355368,Large Cap,True
Waaree Renewab.,1020.65,22.25,10650.05,60.69,131.31,83.61,635.1670919161118,Mid Cap,True
Waaree Tech.,262.65,0.0,282.83,18.81,-34.7,-32.23,221.067250231462,Micro Cap,False
Wagend Infra,1.14,179.0,5.37,118.18,0.0,0.5,0.5225043542029516,Micro Cap,True
Wakefit Innovati,119.83,20.58,3970.35,564.05,13.55,11.19,18.045327912054816,Small Cap,True
Walchan. Inds.,273.75,0.0,1857.18,104.03,75.24,4.28,134.17144537568004,Small Cap,False
Walchand People,136.3,11.41,39.58,-122.86,18.45,15.66,-596.2379702537186,Micro Cap,True
Wallfort Fin.,78.05,0.0,75.61,24.06,1.41,-2.2,62.91310656134129,Micro Cap,False
Walpar Nutrition,25.25,9.6,23.71,13.46,7.8,14.84,22.254539044597212,Micro Cap,True
Wanbury,274.35,13.75,958.56,24.14,-4.31,30.78,221.0004833252779,Small Cap,True
Wardwizard Foods,9.55,187.46,245.57,339.71,3.35,4.33,2.17188601578313,Micro Cap,True
Wardwizard Inno.,6.73,103.82,202.45,-90.45,8.68,7.04,70.47120418848174,Micro Cap,True
Warren Tea,46.13,0.0,55.13,17.53,0.0,-1.82,39.24955330553901,Micro Cap,False
Waterbase,44.09,0.0,182.65,38.67,3.85,-7.35,31.794908776231342,Micro Cap,False
Waterways Leisur,0.0,112.19,5849.48,0.0,0.0,63.99,0.0,Mid Cap,True
We Win Ltd,48.5,10.95,49.28,-12.84,51.65,10.91,55.64479118861863,Micro Cap,True
Wealth First Por,994.9,27.42,1060.07,345.22,606.44,34.63,223.46255783657514,Small Cap,True
Websol Energy,101.48,14.49,4405.89,152.31,132.07,63.18,40.220363838135626,Small Cap,True
Weizmann,85.55,22.43,132.55,104.15,-10.73,13.99,41.90546167034043,Micro Cap,True
Welcast Steels,699.0,0.0,44.74,626.32,-85.97,-4.1,96.23857253001431,Micro Cap,False
Welcure Drugs,0.26,0.0,32.13,-2062.99,-100.0,-3.4,-0.013245100586350415,Micro Cap,False
Welspun Corp,1455.1,23.8,38384.18,19.76,9.87,22.91,1215.0133600534402,Large Cap,True
Welspun Enterp,572.45,20.15,7923.5,46.99,13.81,16.76,389.4482617865161,Mid Cap,True
Welspun Investme,1798.9,216.7,656.6,0.0,116.67,0.58,1798.9,Small Cap,True
Welspun Living,167.32,73.68,16048.54,-21.33,-7.95,6.25,212.68590313969747,Mid Cap,True
Welspun Special.,58.09,169.79,3849.11,19.66,9.79,10.17,48.54587999331439,Small Cap,True
Welterman Intl.,24.79,0.0,11.01,-1200.0,0.0,0.0,-2.2536363636363634,Micro Cap,False
Wendt India,7559.5,103.91,1511.9,-60.51,-11.67,9.16,19142.8209673335,Small Cap,True
WEP Solutions,24.4,43.62,89.86,32.22,-2.54,6.06,18.45409166540614,Micro Cap,True
West Coast Paper,496.85,21.79,3281.69,17.87,19.59,6.16,421.5237125646899,Small Cap,True
West Leisure,84.9,518.4,25.92,106.67,190.91,0.51,41.07998258092612,Micro Cap,True
Western Carriers,101.01,26.53,1029.85,-41.34,15.67,6.79,172.19570405727924,Small Cap,True
Western Overseas,20.03,4.41,12.04,0.0,0.0,38.98,20.03,Micro Cap,True
Westlife Food,486.3,1472.46,7583.18,56.58,8.66,6.11,310.576063354196,Mid Cap,True
Wework India,626.55,113.49,8683.37,71.84,29.35,20.57,364.6124301675978,Mid Cap,True
Wheels India,1674.4,26.39,4091.06,51.91,22.46,18.83,1102.231584490817,Small Cap,True
Wherrelz IT,148.75,26.36,5.8,99.89,192.08,0.52,74.41592876081846,Micro Cap,True
Whirlpool India,802.8,32.42,10185.27,-29.67,8.78,11.07,1141.4758993317218,Mid Cap,True
White Organic,3.76,13.43,13.16,-210.53,213.33,2.5,-3.4017913688591324,Micro Cap,True
Williamson Fin.,7.77,0.0,6.5,106.9,0.0,-5.8,3.75543740937651,Micro Cap,False
Williamson Magor,26.18,0.0,28.69,-116.43,-87.76,0.43,-159.3426658551429,Micro Cap,False
Wim Plast,335.3,6.68,402.47,-1.78,-10.56,14.85,341.3765017308084,Micro Cap,True
Windlas Biotech,859.0,26.68,1772.65,-1.66,17.66,15.9,873.5001016880211,Small Cap,True
Windsor Machines,305.15,2232.44,2701.25,212.7,52.82,2.11,97.58554525103933,Small Cap,True
Winny Immigratio,41.25,0.0,8.95,-75.38,-88.27,-98.17,167.54670999187647,Micro Cap,False
Winsol Engineers,124.25,9.99,143.32,43.75,2.31,24.61,86.43478260869566,Micro Cap,True
Winsome Brew.,21.59,0.0,59.74,-311.63,0.0,-1.28,-10.201767235269102,Micro Cap,False
Winsome Textile,92.67,6.91,183.67,12.82,8.61,14.43,82.13969154405247,Micro Cap,True
Winsome Yarns,2.14,0.0,15.13,-94.68,85.71,-13.51,40.2255639097745,Micro Cap,False
Wipro,175.0,13.96,183812.12,-1.9,7.7,17.84,178.3893985728848,Large Cap,True
Wires & Fabriks,142.9,168.19,43.73,-51.61,8.2,5.52,295.3089481297789,Micro Cap,True
Wise Travel,112.0,9.05,266.69,31.67,46.57,16.31,85.06113769271664,Micro Cap,True
Wockhardt,1965.2,112.41,31932.96,687.64,29.88,7.55,249.50484993144076,Large Cap,True
WOL 3D India,125.05,12.1,80.68,6.77,119.76,20.65,117.12091411445161,Micro Cap,True
Womancart,104.8,12.24,84.61,-46.8,125.81,12.63,196.99248120300751,Micro Cap,True
Wonder Electric.,97.28,143.1,1303.63,-38.26,-19.17,9.87,157.56397797214126,Small Cap,True
Wonderla Holiday,495.8,36.98,3145.85,24.52,40.37,6.42,398.1689688403469,Small Cap,True
Woodsvilla,14.59,0.0,8.77,90.0,27.27,0.21,7.678947368421053,Micro Cap,False
Workmates Core2,290.0,22.87,374.65,-0.42,21.46,37.23,291.2231371761398,Micro Cap,True
Worldwide Alumi.,19.59,49.54,6.44,233.33,-37.38,2.89,5.8770587705877055,Micro Cap,True
Worth Investment,4.17,44.17,154.59,6600.0,560.8,5.21,0.062238805970149254,Micro Cap,True
Worth Peripheral,130.52,13.95,205.58,-28.89,6.98,12.9,183.54661791590493,Micro Cap,True
WPIL,493.55,30.47,4820.54,3032.35,-10.6,14.57,15.756540616470064,Small Cap,True
WSFX Global,61.21,12.63,77.57,129.41,20.09,18.17,26.681487293491998,Micro Cap,True
Xchanging Sol.,62.46,11.7,695.83,10.85,1.1,18.02,56.34641407307172,Small Cap,True
Xelpmoc Design,85.99,0.0,127.26,-5.33,52.11,-10.56,90.83130875673392,Micro Cap,False
XPRO India,1341.2,164.03,3147.85,97.41,-15.07,3.78,679.3982067777722,Small Cap,True
XT Global Infot.,30.96,36.01,415.25,408.47,2.84,8.48,6.0888547996931965,Micro Cap,True
Yaan Enterprises,98.0,38.95,30.38,78.26,475.31,17.31,54.97587793111186,Micro Cap,True
Yaap Digital,177.0,20.07,370.51,84.08,28.14,30.86,96.15384615384616,Micro Cap,True
Yaashvi Jewellers,90.81,8.75,160.02,0.0,0.0,45.55,90.81,Micro Cap,True
Yajur Fibres,41.04,12.38,93.09,-37.41,-17.25,8.96,65.56957980508068,Micro Cap,True
Yamini Invest,0.64,177.11,33.65,87.63,68.24,0.36,0.3410968395245963,Micro Cap,True
Yamuna Syndicate,28200.0,16.61,866.77,3.08,18.76,4.13,27357.392316647267,Small Cap,True
Yarn Syndicate,16.28,0.0,6.11,221.43,-91.64,3.77,5.064866378371652,Micro Cap,False
Yash Chemex,52.64,26.69,53.92,-150.0,36.84,6.44,-105.28,Micro Cap,True
Yash Highvoltage,876.9,64.48,2508.82,68.89,46.53,28.66,519.2136893836225,Small Cap,True
Yash Innoventure,31.01,0.0,49.71,66.27,0.0,-3.85,18.65038792325735,Micro Cap,False
Yash Mgmt & Sat.,9.75,90.92,16.58,168.06,184.17,1.48,3.637245392822502,Micro Cap,True
Yash Optics,119.65,32.74,296.32,17.66,29.1,12.84,101.69131395546489,Micro Cap,True
Yash Trad.& Fin.,163.8,1170.0,163.8,100.0,0.0,6.21,81.9,Micro Cap,True
Yashhtej Industries,48.5,8.93,111.94,19.19,-52.55,15.05,40.691333165534026,Micro Cap,True
Yasho Industries,2868.5,136.92,3458.58,143.74,33.25,8.98,1176.868794617215,Small Cap,True
Yashraj Contain.,4.59,0.0,7.8,12.5,0.0,0.0,4.08,Micro Cap,False
Yasons Chemex,9.8,20.13,18.92,69.23,0.85,5.26,5.790935413342789,Micro Cap,True
Yatharth Hospit.,837.05,45.99,8065.34,22.73,47.36,12.37,682.0255846166381,Mid Cap,True
Yatra Online,109.69,34.21,1721.21,-46.12,-13.68,7.24,203.5820341499629,Small Cap,True
Yes Bank,24.87,22.23,78058.88,45.35,0.51,5.98,17.110423116615067,Large Cap,True
Yogi Infra Proj.,7.62,0.0,12.84,3065.71,-77.61,3.65,0.24070429698235152,Micro Cap,False
Yogi Ltd,169.8,36.9,764.1,92.55,41.64,12.75,88.18488704232668,Small Cap,True
York Exports,49.11,2.9,16.51,-33.33,-54.75,14.22,73.66131693415328,Micro Cap,True
Yudiz Solutions,28.1,44.62,29.0,210.62,16.02,2.54,9.046423282467325,Micro Cap,True
Yug Decor,24.7,499.62,39.97,-77.61,10.26,5.72,110.31710585082627,Micro Cap,True
Yuken India,748.95,70.31,1017.37,-25.89,6.78,7.4,1010.5923627040886,Small Cap,True
Yunik Managing,7.3,0.0,10.43,-700.0,0.0,-108.7,-1.2166666666666666,Micro Cap,False
Yuranus Infrast.,110.0,98.72,38.5,600.0,60.58,13.04,15.714285714285714,Micro Cap,True
Yuvraaj Hygiene,7.85,21.5,71.17,-40.94,33.85,29.67,13.291567897053843,Micro Cap,True
Z F Steering,676.15,39.39,613.27,-100.78,27.24,6.48,-86685.8974358971,Small Cap,True
Z-Tech (India),617.2,24.88,892.36,125.18,68.13,19.76,274.0918376409983,Small Cap,True
Zaggle Prepaid,205.6,20.81,2764.47,18.18,44.05,13.49,173.9719072601117,Small Cap,True
Zeal Aqua,12.07,15.13,152.16,-62.36,33.42,13.26,32.06695005313497,Micro Cap,True
Zeal Global Serv,68.0,8.12,90.51,21.15,-42.16,16.57,56.12876599257119,Micro Cap,True
Zee Entertainmen,111.36,38.31,10696.34,-154.98,-7.29,2.75,-202.54638050200077,Mid Cap,True
Zee Learn,8.93,12.77,292.66,-4.21,11.4,12.97,9.322476250130494,Micro Cap,True
Zee Media,8.23,77.29,514.73,15.44,1.27,5.27,7.1292446292446305,Small Cap,True
Zelio E-Mobility,567.45,42.82,1200.16,80.92,75.65,38.41,313.64691576387355,Small Cap,True
Zen Technologies,1771.2,82.93,15992.23,-68.8,-45.2,16.18,5676.923076923076,Mid Cap,True
Zenith Drugs,46.25,19.06,79.31,-4.73,41.7,9.05,48.54623701060145,Micro Cap,True
Zenith Exports,200.04,47.17,108.02,74.47,-37.29,4.47,114.65581475325271,Micro Cap,True
Zenith Fibres,52.3,7.07,20.63,98.15,-22.0,6.81,26.394145849104213,Micro Cap,True
Zenith Health,3.06,1644.0,16.44,-409.09,-23.62,0.27,-0.99000291177327,Micro Cap,True
Zenith Steel,5.59,25.33,79.53,-96.3,-54.51,0.0,151.08108108108095,Micro Cap,True
Zenlabs Ethica,32.91,1071.0,21.42,-100.0,-18.55,5.07,inf,Micro Cap,True
Zenotech Lab.,45.75,0.0,279.21,-347.58,-18.47,4.59,-18.478875514985056,Micro Cap,False
Zensar Tech.,445.4,12.77,10134.36,19.17,6.73,23.54,373.75178316690443,Mid Cap,True
ZF Commercial,2616.0,58.09,29771.52,12.91,12.92,19.98,2316.889558055088,Large Cap,True
Zim Laboratories,124.9,153.75,668.83,-23.36,-3.18,4.76,162.96972860125263,Small Cap,True
Zinema Media,18.18,43.18,22.02,25.0,906.06,4.59,14.544,Micro Cap,True
Zodiac Cloth. Co,83.28,0.0,228.67,-65.72,-6.9,-8.03,242.94049008168028,Micro Cap,False
Zodiac Energy,275.9,19.8,417.26,12.61,23.22,15.86,245.0048841133114,Micro Cap,True
Zodiac Vent.,1.7,9.13,14.06,133.33,200.0,6.95,0.728581836883384,Micro Cap,True
Zodiac-JRD MKJ,35.97,10.5,39.48,13400.0,67.79,6.96,0.26644444444444443,Micro Cap,True
Zota Health Care,1389.5,0.0,4812.2,31.12,67.76,-8.47,1059.7162904209886,Small Cap,False
ZR2 Bioenergy,106.1,168.9,168.9,81.82,0.0,0.7,58.354416455835434,Micro Cap,True
Zuari Agro Chem.,230.98,3.27,971.46,-212.74,-80.32,16.38,-204.8784814617704,Small Cap,True
Zuari Industries,260.65,6.69,776.25,-56.79,4.15,5.45,603.2168479518629,Small Cap,True
Zydus Lifesci.,1101.4,20.43,110826.61,21.92,16.22,21.15,903.3792650918635,Large Cap,True
Zydus Wellness,518.1,71.02,16483.91,-5.76,62.6,4.96,549.7665534804754,Mid Cap,True
